id,num_orders
1028232,132.8477914181648
1127204,135.50608651659272
1212707,107.95459208098649
1082698,38.86315125206076
1400926,36.994367863737985
1284113,190.73818309676238
1197966,257.90462109606415
1132739,192.30710332958458
1057981,77.98052209859577
1095932,105.12614639931854
1454421,127.75825897072178
1149765,162.40607944882206
1166964,307.1759592358091
1010949,283.3608210068967
1409575,21.645284733749246
1181616,19.900226416040205
1456020,236.30704002779993
1264395,187.02360587812663
1472931,66.8107547353647
1412015,98.50079182652308
1461229,135.71774719521662
1014564,199.34145106311877
1485914,63.07024071623245
1345389,83.09511695515148
1006833,127.00086531233819
1174921,20.040711169117305
1175393,19.117829234279522
1152412,22.873801131142596
1497398,23.56171872538524
1363486,20.99303864517299
1366766,25.946174171673103
1192413,21.092993004676597
1319547,240.83795946353743
1337684,90.06479699644534
1479766,146.26264146513043
1460444,1751.4257925857803
1139730,615.783447829588
1115056,398.7479799140462
1335827,143.32016389186856
1385333,670.7186431804569
1096323,778.6074015613235
1230693,906.4217338562931
1027016,137.26934048466336
1181520,91.93344360444833
1306234,185.67161591980062
1271440,951.8995177156115
1269834,519.2145974863388
1176823,866.7939780994612
1193098,104.25018277403615
1034878,72.64262879477516
1010243,132.53202729933622
1451807,119.37463199956196
1016845,110.52597902503017
1198021,152.7538718973308
1413802,80.24759946928017
1231223,97.32212278311904
1274226,681.590886204414
1425142,536.8793443803048
1211593,232.8417519253771
1419190,42.42335607960198
1180223,56.9819956253249
1194932,140.385764167909
1323477,234.80976791994303
1371595,212.99822729217124
1171521,169.01356100496702
1052384,212.17558983439736
1060921,98.54198607797245
1261811,125.18981319508903
1246502,206.01507660313763
1497466,328.4027448553685
1232717,44.87293116548477
1136112,37.84779355959304
1196334,530.0315457744659
1349533,243.01664320232007
1463406,264.8310082369063
1447686,200.89930811613087
1336105,123.30933096404965
1012855,542.4518115454028
1180646,436.01606668779135
1062490,218.212047687035
1098228,1457.1397304138645
1101375,574.8038647640515
1400016,463.06387460671965
1439889,64.217975980114
1408468,80.23042970954042
1044490,66.0596704078615
1290002,725.4771399751357
1190633,701.3779316389777
1040430,1035.419431620394
1049366,111.1194282819956
1224120,134.43120817638987
1293810,213.686751202676
1197335,730.3481906530145
1323989,576.5797156556109
1129467,786.2377576933791
1229328,57.91786649936769
1164395,67.01204815971323
1217722,54.06745740190862
1171266,89.41754161571201
1024905,82.9876456144728
1343027,128.5267254968771
1141892,60.73965763266908
1302404,48.31570005449092
1170447,578.785752304469
1140772,626.2343734038885
1103484,237.55997708771164
1387134,26.04104054173324
1117711,20.94095463282874
1472121,30.22351400748102
1289523,252.9412127109492
1091114,395.43267147165477
1043572,535.2366700209583
1103283,175.9384609839288
1265051,117.19072872235392
1168741,106.51838760961793
1052776,122.37270904379749
1206564,181.04535842288809
1302153,315.7464648330706
1083754,44.59175871198285
1097952,38.58659339457021
1251605,34.895898067057956
1333032,506.9458174366224
1086936,214.6759896493127
1088412,166.27426776739046
1236400,41.63860346206092
1244516,77.5982090720067
1380381,66.15045785484136
1495062,547.6130269482979
1439647,382.98637154629927
1019214,290.7575351095451
1316160,669.970850309844
1022008,416.2371246307979
1138248,277.2271507919969
1052922,34.80943032883981
1181474,49.319332482079844
1046475,45.18656245840596
1216688,327.49056592395027
1067565,528.7779658952551
1008328,400.49447247821354
1430287,157.5895941967006
1406716,161.01624133680332
1105380,154.59520542595368
1248694,415.5215660272065
1252163,268.54320279062176
1443474,426.2977549216147
1033716,71.639653112794
1300295,55.35464730044209
1311882,50.95067257364074
1257968,54.45454457026541
1226362,122.10732482664706
1030655,126.51582869488176
1210527,54.46568474040347
1278927,39.89301680540771
1232239,53.99626709417149
1133067,366.0633654572157
1382522,490.0884971312941
1219136,266.5551719118544
1498130,24.80607166407605
1251629,35.8470643008348
1032092,21.134556206157622
1249865,127.33859007590354
1207630,175.50249194665938
1144733,170.02818605544124
1436768,47.49823305151647
1148964,42.39261386740619
1237346,218.35035919921938
1206015,46.05224688291933
1105113,188.850470410628
1430481,33.936887289091985
1001589,77.84241585795148
1224132,53.493847271661885
1074380,478.1109179276438
1097109,460.3380820091339
1211246,189.99408268447414
1390579,333.7676710555801
1473058,336.6058910098754
1186964,123.27606480453171
1222837,49.854842415618386
1342393,53.306523771532625
1170472,227.1620224674454
1170791,286.1764570001502
1046653,280.9152555816257
1195179,109.52286206143562
1332509,108.64877497348166
1438300,142.01469553292267
1435748,489.1525227303691
1052668,254.08707557360924
1227060,358.50728796473015
1342252,88.1981452954923
1143109,45.35793565083015
1394807,93.98904714896858
1448374,37.44475370983621
1028680,113.6318865451076
1079691,80.79732808027637
1402079,38.901645935345314
1424446,64.67166141399932
1133297,320.5603674537028
1076214,580.3791674450885
1173823,329.35943270636335
1488584,19.65362867856592
1072892,23.649997770887758
1277491,20.64086302920786
1290868,176.3363363121397
1048888,227.9494391872444
1138141,239.37592589871187
1473125,36.13471164247823
1196726,27.709027659220087
1179278,26.33054915293791
1282305,66.23349170855069
1359903,53.52058419173018
1355143,113.22238600582406
1095889,36.51937293289767
1250665,89.34564902706286
1426610,45.70210791176886
1390104,498.2985666369342
1051519,554.016842337751
1337584,190.03650022964305
1332667,2576.4643432806765
1075942,1213.8793730947298
1109804,582.4477298903793
1316684,103.21711176666894
1248315,186.5531745047171
1113611,98.22228869838666
1110867,830.9567245680634
1247289,940.0797963368407
1022953,1794.1944673966934
1160081,107.56090273591666
1120430,127.9889234890351
1487280,227.2629466489187
1020081,1650.2545506841636
1329551,879.9922626841446
1137610,1426.30971497411
1072530,201.44169031318046
1115708,228.24396539631448
1203532,121.19808546365536
1494216,304.2269332879584
1116374,297.92438940079313
1032497,173.75198838216286
1413930,215.80806591174147
1136118,154.89912561872106
1254872,103.97921391820765
1398257,1116.9274486720726
1364001,932.3373894503611
1369843,381.3220430313311
1379360,72.6245478551017
1442044,69.5553344954136
1285290,70.6560535913088
1129707,488.45971279256605
1086750,535.4434885342525
1147262,608.9946945344728
1025605,220.3321918629192
1414158,213.16624860703487
1082079,180.36512808153748
1467510,182.181838733556
1374892,263.80874142025607
1171352,477.32574989598083
1213246,79.63363637911154
1279131,110.00002577847701
1256386,88.9188257426528
1234220,1909.6409467620433
1008206,544.6500325741692
1267686,383.90843997039696
1470186,95.27348515174128
1233312,223.4045723691822
1279379,141.13415756819236
1431703,732.9858553342746
1339938,575.4535286972985
1010552,370.4207014585756
1237947,785.5876847452172
1175098,442.8526391537857
1066074,216.74838823505476
1045918,62.34885193448018
1226081,39.78139849430155
1148633,383.8769844486137
1441429,442.2530777070377
1291804,500.2303985570684
1305194,99.78485390482182
1327840,118.68337938563955
1320801,170.53596357328286
1467101,265.32581191554726
1473989,249.21743424708586
1466330,402.52099804599874
1390856,33.82272882265297
1120639,48.82480200915678
1279275,59.504525845416836
1166120,74.29759957692552
1128404,46.27483394553668
1252491,42.44932913748784
1328056,426.7303943894557
1452353,336.34205088023873
1353276,119.23969141063453
1297182,21.532064954334327
1469299,21.702999782795292
1129687,181.5613484593762
1362599,387.9670842819467
1245170,596.9077321989134
1098570,49.18456420765375
1452600,28.111471321157342
1194207,35.10938575696377
1023619,79.86215855395923
1254600,115.77883244116305
1157094,194.71950756168798
1165391,33.57946945905436
1131248,30.459688448065254
1383646,203.78491673522487
1288250,83.5581470677301
1476141,73.57217331921501
1401237,39.68034403228984
1383510,51.8493015121379
1433607,45.50607376412764
1098207,294.34989157867307
1453624,311.38310539868206
1089046,152.16042632604953
1306954,1774.550838120318
1413179,701.3396148103817
1379869,527.8385450753854
1037218,100.86367440045163
1247919,174.64633345375532
1097438,120.49533596458943
1441938,745.7705140176196
1060769,891.2505386875064
1409283,1154.5400573405357
1397517,134.2437891780016
1220386,84.52548752913154
1297481,254.9962698990549
1309280,873.5970300578632
1013813,665.7207601379413
1087803,1017.5916713606017
1256077,95.22693153497036
1328392,69.70246669337236
1197947,111.9705594374053
1134877,154.9916571896219
1149222,110.8045705122012
1321757,170.40014240990715
1364052,114.0706469076969
1346914,102.34354423261118
1343936,665.3813332013464
1284997,726.0660705244018
1443980,259.2294291954667
1272226,39.70896174021688
1267791,32.25506891844882
1049345,50.116644224260256
1300007,515.8003768428024
1220471,619.8107026347494
1486124,599.6819799025894
1183373,140.02649716209427
1076787,127.38587371525605
1218918,111.84035917589996
1351627,156.73794788772182
1333350,242.70324745481136
1312936,348.6768805990496
1477543,44.24408061698791
1408514,38.36934227652
1256773,43.847048649523295
1174904,544.7005885079577
1392815,380.45575222379273
1389126,233.48363769514503
1074816,93.86395884094792
1124612,151.87883789280767
1318251,117.35705055920062
1089252,623.9139894282762
1396463,520.1743957689412
1289632,283.36481733802714
1083889,315.04932013887105
1121896,236.88900206698992
1004866,114.9701140185961
1234436,29.78469313326098
1311318,75.25675130585068
1476647,38.639330847993996
1419834,293.6320107858216
1188670,307.8360492853915
1260238,207.17497249928482
1263791,82.59432476086602
1070835,93.36744776367483
1433069,96.11656984143953
1349084,378.0605090052296
1360259,210.6202548493585
1022475,355.90869967216594
1037167,74.99892281718135
1492031,36.67635218257642
1057541,51.01822071385848
1483675,76.36262501716216
1463966,71.06802656181583
1474096,44.37277756318354
1440771,39.124902629676946
1452763,42.10575485310633
1382621,292.3116490156538
1035365,473.194020851493
1355984,276.8873181581013
1140520,16.572716328694888
1168148,131.45657536802892
1052343,174.05385733090853
1370827,223.95611762753785
1055728,46.7466618035751
1053449,25.95106833538833
1368579,21.08131855275165
1208370,57.28962338513756
1027455,29.831991332247803
1147326,43.11796764444093
1203029,29.052006893495147
1389643,46.672752384548566
1482071,37.23895012042964
1411487,322.8851253621455
1043533,388.36894276368207
1294351,169.2984172563303
1409427,304.3559594807515
1000264,193.6191435841647
1016463,69.38913347699209
1224218,28.990218837772805
1485114,61.308784373708214
1006410,56.026524932810055
1221242,146.71393471755852
1031339,354.9132669788612
1153545,198.04148805882147
1182144,83.76189162656526
1194788,81.37190908122872
1082828,92.11556636501922
1265773,254.5926649349096
1154515,116.35977000531814
1105986,252.02960324290734
1293017,42.74884011361371
1272587,25.053451596398975
1027143,35.95160775592632
1179146,81.82527443213436
1342337,38.47623067010801
1269746,37.350433849404645
1369030,179.9184423849074
1109605,338.47142591089636
1099603,174.55551103429107
1319113,18.40289278222982
1155697,19.746306206727724
1218892,89.4678370006554
1493357,117.16105509702653
1202597,125.64690303521583
1116108,25.813771801070153
1229780,24.272402043393072
1391127,21.530240942380576
1085957,54.9786375236276
1267409,42.29291756314455
1245159,68.61382003268798
1378973,48.30208088684815
1079844,185.52924989763582
1024089,244.66303892359534
1463712,122.35621943178127
1268331,420.21774782535465
1058344,316.6023485076275
1417277,191.14810356287876
1056035,74.43958170471127
1343254,122.46725416617792
1262833,74.02853608632292
1272751,185.34150319706256
1013213,561.9479525599187
1263405,358.6559901545562
1204818,83.93662480516579
1333742,40.29493458186818
1043262,57.162850840826835
1449237,734.8463816427188
1080908,309.68513527837075
1073524,769.909509012161
1196482,133.63262901024078
1068138,129.4152301811979
1320427,123.56434394887944
1184166,137.34981510713857
1228572,284.33483645767285
1075131,272.6996441553152
1128915,90.25723337156249
1182843,91.71028942892059
1094044,594.5132261961475
1209858,536.2650389086873
1222963,235.37068502129873
1037477,55.796602828302895
1001694,35.443073847156754
1054299,60.811571278996475
1371044,134.05124904572418
1254718,208.66775208664382
1086268,214.41960826268505
1003757,45.11212122130739
1448276,41.98090598525401
1489645,356.435755942092
1491279,155.06044365092183
1408337,231.27906342729275
1360068,84.49769529083872
1316400,204.24006467094023
1110618,137.24279434855043
1146271,506.56324174820355
1474849,457.6761743262034
1352055,161.4053193749548
1245977,78.12174109297432
1165288,111.15612378359884
1081099,50.282470490852795
1441467,25.431731096771976
1336838,185.84882175158364
1106150,369.17507140546263
1190084,117.00963889197784
1232610,118.24766802546317
1321845,137.5186063550851
1159511,253.63188324904704
1441739,176.64240235816547
1096623,106.72908180959008
1474925,27.06325956518129
1118719,21.4056811444335
1297074,23.572096851581307
1054861,153.5384277347902
1208736,300.4125602361557
1161439,123.65157181333625
1282737,128.7360493323738
1194305,121.45281115803618
1353044,115.535355181214
1063225,19.92050194743382
1116078,21.82535509725234
1075416,26.099058682629845
1088172,35.94523265955655
1320248,355.36539251517434
1271591,413.2778837705736
1127237,124.0660588206308
1243020,287.3339942408638
1416839,196.04318072342815
1172788,64.30271746059306
1473056,83.31548778470047
1060753,33.641065193422875
1053540,183.68544438175158
1261815,339.4434018838098
1489999,196.87871895981502
1133739,79.74187161528755
1384693,62.89040129282374
1072117,150.15811550689932
1023989,129.66203439345105
1183974,158.21853498621152
1171351,35.730754709231384
1004475,28.690205770786868
1080300,33.8607854659747
1164653,26.058673261382275
1444590,29.56616916782334
1169717,101.0128442868024
1399692,136.15810532156752
1393811,54.64272625030337
1177147,16.481707981903515
1455218,17.647637028109397
1478944,58.91742306517527
1415824,85.63460087688098
1041241,71.23136079637413
1045506,19.641284149728808
1210059,47.638260701040686
1139397,34.715727747196894
1008295,25.130564324434147
1406978,37.156454228063204
1470180,33.76092810780508
1326956,209.60634305085821
1268964,238.28585816195582
1267165,1015.1147082379002
1414458,403.9343541648352
1105486,347.05019912495175
1246396,29.30204063377187
1223814,71.22023440564368
1208097,57.70077965741611
1426257,350.8633424676797
1402266,533.6943286247902
1273610,871.3698528549767
1082679,148.3062249854738
1061395,153.67321470111915
1448891,231.91293661995445
1121802,336.57231737127495
1017920,367.45457381126704
1220913,521.5279487931363
1201769,46.16975144683213
1214790,40.140579226797996
1055980,37.82011111917028
1143296,32.82806402448921
1161381,48.431476156135105
1049400,43.72901219400381
1388858,107.42952716358893
1367157,51.44334688116568
1056911,49.2631536051104
1363870,454.36289238737896
1206999,343.1342954577204
1220962,121.85240186873861
1244866,22.657528192828373
1161719,22.270272667457025
1492231,204.17327708848296
1492759,229.69697189672635
1408726,239.81570453134208
1337818,114.97280338253788
1136894,94.40741121493825
1050836,96.56312209388784
1157808,132.87929398123896
1438743,191.6218883485774
1092027,247.95981610817742
1286976,34.18948264802451
1244383,27.403402263965607
1220086,25.702554842882364
1014137,264.1527070563874
1460613,118.5857714170613
1269949,73.52492611334986
1022949,36.2356532263693
1118546,61.48250263890446
1006832,366.368673678738
1461216,294.8573050939093
1333438,199.35961279566285
1014151,663.6325557154233
1196661,390.4655932809247
1072688,90.66046160229341
1161832,28.21385697156673
1146287,57.82162702836508
1329636,38.37858426926652
1113345,371.4533487366855
1079296,364.93030448438503
1245711,269.97166408607114
1312378,131.47640650997877
1280461,190.75288168312736
1132214,240.8910432316468
1013410,345.30976968994815
1315890,347.7881320655449
1453825,372.7664663569996
1137590,21.393053407574314
1046820,17.43154261722544
1100813,21.622047267882724
1213133,23.609904762891198
1119887,25.644697390912814
1339495,35.26853364030358
1172173,22.900278392404843
1250692,26.782469406791375
1000962,351.03458024932854
1122867,514.3917447520815
1367068,212.02705627375136
1181254,18.289379278156154
1411654,77.75793088715731
1154407,96.84613579432562
1477833,31.727504059890762
1422724,20.640363256604807
1112704,127.44379539879353
1346146,139.81040277116662
1108405,254.96414293961635
1194904,57.74307599619227
1448084,41.60063642128504
1266676,24.838372984843414
1099057,39.13068144902855
1188584,399.0828434314595
1230753,335.96678614290136
1237054,309.748816212619
1161084,312.10488693846673
1401228,228.81139518392192
1493372,84.93111846971463
1395665,38.38547097407802
1002279,80.2938207831579
1424621,63.41343723858709
1256602,169.4881958878512
1390004,314.4899980640852
1146927,202.8622560591204
1057232,44.148312821604875
1319822,46.21270981538153
1353668,42.63885250699216
1157084,389.6586413471074
1115935,229.92205358940976
1033089,503.6007142639318
1090029,77.25152738037552
1464617,69.76681918223244
1209279,55.839015957594334
1039223,66.55862560605988
1152313,114.44316782807195
1198253,171.3642566882151
1356983,74.34709718728944
1375236,50.865444164530764
1276289,63.5123569691596
1188533,312.57529747657856
1163547,369.22878611803634
1089771,185.10599170428858
1449997,25.638191535907605
1261700,29.45607423509683
1098789,26.581420994010124
1119881,83.89017843833622
1174890,129.90312532134644
1194658,178.84149384475324
1354710,35.43269276284469
1276097,31.351460925942476
1451749,32.35080221456571
1260659,164.92776096210503
1342195,60.7717671910674
1177959,122.95515081072051
1346194,44.79648774008716
1081095,107.66346190974144
1228200,87.76369559949367
1400215,349.8810378053602
1101987,432.5238496660247
1280892,84.23650224770773
1207745,610.6901292683161
1158313,541.3541597736283
1326014,218.55175439198925
1040372,42.00937515537927
1405754,77.56899621852783
1251759,69.43038195841635
1094372,272.0159827255003
1113898,443.92864455161725
1351735,480.55248991099774
1305756,129.17681838324168
1144073,113.81481765153035
1219445,147.56833553892702
1399854,580.1467712403655
1077708,271.51272021317584
1136982,484.837216666971
1168044,120.28856695372754
1301176,115.40312807274343
1045879,67.2303504357241
1375132,145.27463019895754
1224442,181.02013001889839
1195553,69.31615378369247
1486052,49.53187849673809
1406304,45.24807854743536
1003371,425.8580676643771
1447908,485.4286631092163
1022766,336.55289675739675
1359162,25.096863324736294
1149541,31.77642727018018
1389512,27.59876134544309
1294598,165.2949829538585
1187407,187.17523518863268
1151085,288.7218530555674
1262007,67.33617448281807
1273205,40.99658412700283
1098767,47.3234074840168
1328665,158.09545601739381
1207902,72.77655372961243
1110134,142.25796354317526
1135750,30.228776082598078
1404904,64.26297325968224
1252213,38.726828124268806
1471895,519.9126169082685
1370308,453.66601319426167
1488744,249.86623863618908
1312130,217.31537778702807
1432207,150.22477382194398
1067574,59.721012285399524
1497576,23.765804472483875
1173597,65.91267020065573
1463356,36.341786868020016
1476005,158.82165624689029
1226297,300.6145336778276
1312818,206.33533074387776
1170077,70.4281354837458
1132041,78.10001305519435
1144962,69.18932996678092
1180712,207.07112955183428
1420842,105.61435941574841
1048319,175.07045913270696
1062167,25.893846020923014
1281864,36.64977813013862
1310639,29.80723062772835
1316568,60.68821368440162
1470598,53.131826526390604
1126729,29.302583796241393
1187117,22.05590506957876
1231315,27.554518330430092
1193778,174.5793023876701
1497770,258.1060972772201
1296043,120.41694414945218
1109033,106.49943785645875
1253619,117.63990677025438
1015055,165.78537009675756
1323954,45.346999997348796
1236535,20.52037070780069
1291602,35.653244347611206
1034239,25.245677378780638
1487244,219.58355789600748
1432981,181.77283908976588
1413500,99.2688617231301
1240615,1414.2448163431916
1125250,627.377513778439
1049986,641.8155210761993
1432590,36.97639073700033
1064865,77.41374169682268
1462054,51.86382077978227
1175329,428.38211326300234
1231504,493.27424184078967
1310137,805.9981711458893
1176123,88.05701515425574
1267634,49.546185236677076
1397808,145.39396630057618
1489068,818.8098817967592
1399261,399.49997677585975
1057026,723.0048801140639
1157087,101.9156246612157
1221970,99.6171517352222
1055041,176.52306232733855
1378097,148.9620681227824
1154169,123.69679548593157
1062376,125.97206019456283
1181839,63.05332459625838
1276632,71.78557184155781
1388270,526.1863841069516
1171130,483.60996438675033
1242759,230.97628530035348
1035528,39.17964554363165
1232845,39.836835452377656
1133643,31.90980314508119
1020633,182.20398693654715
1137724,191.03645088617174
1418017,220.35935104335056
1129706,95.26053435452748
1414426,70.67363704742775
1443244,42.538231221732175
1336913,78.1622610427494
1216868,167.6737575348552
1074099,300.1769134649478
1005733,50.14056423157497
1187232,43.77515439982301
1315006,484.0176008360629
1429640,317.06353188241764
1193124,304.205460985807
1321067,80.76434961961094
1020914,88.14038041691137
1464172,64.58064214682288
1012356,356.19496306789523
1048213,342.8811201423403
1414658,181.7705397681143
1067356,1104.3583070406141
1402145,473.0508986641571
1205618,287.7265210299722
1102348,41.78148727649751
1439251,58.01424128890948
1141169,42.7682328098167
1429174,586.3987988181781
1360530,659.5978562304908
1078717,796.7338160139672
1034750,212.79973818460667
1292295,207.85186606022734
1464006,304.3854122981584
1207416,438.9709795140025
1081039,411.1775020527631
1038600,590.4274728266234
1434474,58.45790334651641
1420970,46.58813576730496
1493390,65.37906196015983
1062042,35.54093698389015
1407930,33.431500891878336
1309366,87.15375557214495
1494106,49.341161605309594
1253128,47.341343821629486
1230871,550.0514144751679
1103899,352.6020744193992
1178356,131.6918854573751
1270686,21.224140614235118
1461376,20.284010613077413
1055872,24.541588440522066
1027667,158.50252919976597
1150000,95.3830403415296
1035466,131.3127013765786
1015226,106.57448981952898
1004410,73.7492779612666
1225216,132.36680945286
1261758,176.93358096436486
1009224,222.25553035611503
1164468,29.585194684306234
1234697,192.6881836631752
1072809,161.40764099970704
1405077,90.22101771356152
1133718,31.67421223983372
1090779,57.83918744677401
1220305,38.722249506224244
1455516,391.86399993618016
1077080,369.48938324512574
1381871,264.1008253604666
1497941,730.0718919380765
1405281,597.8144763104737
1184133,341.33371736782857
1297493,54.46857320346731
1351826,92.12910253859805
1351915,36.75543933188773
1303502,246.42674327541275
1103552,462.8784716928684
1074755,454.68838220131295
1054413,148.71223590034398
1100592,141.87313218487608
1265971,171.50800188527296
1062386,482.6438947369185
1005415,262.12106082614247
1454684,486.2420214471073
1098324,119.27224302159443
1463531,101.49953392014969
1128843,82.19471202465989
1200592,116.15751121215165
1337305,209.05311082442321
1130901,160.67013087571124
1101312,84.44932342556149
1423243,48.631301772643766
1358603,57.41260785736565
1040493,444.1668527629938
1023439,570.8767901244155
1402530,355.9495391947191
1148734,29.618711641083674
1115378,32.20026255247422
1138163,122.2953033659902
1089398,175.7522259713016
1111393,275.65468001008855
1441237,63.6263892134009
1073593,43.08832207463076
1353069,45.87231166697117
1237302,173.32456566222206
1068099,57.29718928479795
1296768,123.3007974115244
1407946,42.03824804893818
1341469,84.68636349192981
1099372,61.517830266143214
1310892,357.387496933862
1190768,406.97918099561747
1070732,156.37144193959767
1249505,208.12648492194347
1235991,221.73913988858556
1260972,91.78673378656781
1207552,36.210019828339455
1043700,32.34432184425241
1311764,51.58898176916743
1387118,215.11841976009453
1193391,284.3589558323029
1091807,267.0394350239623
1240478,109.85994596207566
1494088,103.72486173309187
1347537,131.24554349459652
1102292,352.34940597651615
1088345,173.10741150658978
1446214,223.91447996960363
1033631,35.62594860687751
1291932,38.18447287169678
1048558,30.06061670940798
1374367,32.121661214108904
1379701,237.98912127868041
1324376,395.19004786789606
1000116,182.9975302015986
1213448,17.84079317179697
1246867,97.9032699553835
1414636,188.91956011057206
1390449,169.0045226543914
1440242,49.915919670881884
1382211,22.47825358134604
1248175,31.596680574721525
1395486,24.878415204172523
1222155,41.25654941035096
1031664,313.26980623421525
1022670,348.0161811893552
1280365,187.49071148295442
1034558,67.81638887689049
1147078,54.569763562544644
1459822,39.1470641117793
1099677,121.76514876635504
1348084,116.42921619487709
1220274,63.08549750865561
1209309,108.56953160694333
1184750,139.85122505289888
1190011,156.43279505022224
1319480,91.50915956082005
1305176,87.18887737925188
1251039,16.433850393143047
1312629,77.68963848655352
1031682,208.41150600881036
1034125,81.93013748220656
1046291,17.63064255135755
1444323,121.99844430007266
1317716,136.82456056438238
1057421,169.7069380974437
1428458,201.81810753566032
1348068,101.7331996365576
1380958,144.53666546967153
1001797,747.7343941705024
1207458,326.63289819542945
1252167,216.27102343463812
1402459,40.840313128241284
1336623,69.79572736068957
1092234,39.25484445003496
1276698,275.43854200636827
1014174,313.178036925534
1389987,499.219847886254
1176492,49.51722152694509
1248265,55.61684352969414
1045510,81.60247954659422
1045443,329.04822554239644
1099568,195.0541826590761
1295338,396.5083461458832
1207102,48.68329059666895
1391315,49.76068918450352
1251276,36.523434603411935
1003702,56.05412347623684
1371347,91.96061869178612
1495432,58.034477369230494
1427121,58.588177308341585
1314783,35.049271446721285
1358927,46.04193043997294
1465453,267.39566677079654
1183611,295.5316840700581
1272052,119.65059931281927
1363954,26.30967761525394
1409502,20.232070757194474
1030133,171.61125914657094
1363671,206.99345039205053
1035001,219.15123897567628
1410185,103.31006730665968
1432211,52.52496057801491
1065392,76.43379761819712
1373418,73.26053768530109
1365940,113.36235855234658
1242870,179.3322438875104
1231479,32.26490195261464
1404091,28.199352972937813
1181234,191.50884727298666
1085163,126.33185217974936
1436870,84.27089277345529
1254416,34.02781950426796
1471032,56.19194564962134
1334116,43.07093716222129
1347256,172.44888620857563
1311604,186.53558690207637
1063501,133.1277755023972
1025721,450.9156139825565
1276142,250.64854170116598
1060806,155.33114359823472
1071661,27.12002394275711
1498066,50.073799646951116
1407735,36.51202346001172
1051651,137.23241626783016
1363995,296.95789306038404
1454364,275.7515124259387
1467138,42.342472590539316
1074197,36.10957972216653
1230896,75.95502987336641
1115906,288.4314239628077
1186445,214.53988626073559
1478644,332.3498529258819
1096482,117.05136573315919
1429191,117.75366588269615
1257617,96.22703514705758
1440883,45.2909011523012
1021872,143.47739341677496
1154559,150.15238816724445
1095162,55.167321750249585
1300311,37.03845169622192
1389878,51.532541181067515
1412672,365.07261205071256
1155036,349.1254132565644
1112459,217.17149728836264
1133681,19.61292919128373
1218617,24.334309150399985
1190145,20.146772848897477
1262383,85.61996836924155
1331957,136.97759840219342
1481626,182.18676396915063
1134995,40.989773912232536
1285263,27.44259346782989
1106138,36.48241702433783
1175167,148.35563086545366
1205164,76.37808171944633
1483833,132.03370198483776
1496897,34.752909150013735
1074105,62.23943091961732
1465377,29.6582875290475
1106879,246.0009780542827
1150467,206.74059165852228
1116996,80.09975688200858
1185434,1725.0276616111464
1266519,814.9480259305888
1353114,706.4805251788588
1129265,72.56957273212414
1252749,123.95275840533351
1162104,86.73061084820012
1193418,704.2204912520627
1284837,748.0099586397549
1363184,887.6451686288844
1191468,114.72119539670237
1078789,105.62748614969799
1136805,221.09468984672026
1405386,1213.958730778313
1114322,518.8957625948694
1350211,1004.4653266469453
1278837,98.24212443609373
1172455,67.06101742253483
1478221,52.546750089777625
1098408,92.07541707366214
1091951,165.83752093102473
1099622,120.50355816415811
1139472,111.93839256193147
1061430,123.05573990402915
1258982,61.67994918192975
1405793,698.6822848944782
1494572,692.2427895652589
1023532,237.71378864274735
1088540,34.64585221577125
1350522,45.244072742111456
1062543,444.20862642221385
1123146,596.4005407850808
1335657,523.6813738501254
1336480,146.34505040481412
1334472,132.1733181534044
1223905,97.20521023635001
1106947,91.54287462935922
1268382,139.8781441740823
1410375,366.2617330616569
1480252,34.25167814021697
1270897,31.47478913395414
1171323,649.4727918066009
1347721,362.0688780865358
1195122,208.77182931857865
1160060,63.25906026229775
1103877,127.94913565814863
1227192,94.65010688036237
1225674,424.92540558659755
1435797,403.6035583133974
1364079,241.7610682330855
1306281,88.33104305537994
1299709,115.83533983480342
1299648,60.87239360300323
1191925,27.769898055124504
1303294,84.4191730087851
1276615,66.51283634790342
1347235,175.57375379028588
1433729,265.37883517459557
1442624,111.85297433205614
1136999,68.3815488550992
1419217,62.105921178355686
1314342,317.4608214913592
1429773,170.6013109623346
1267876,168.04103360677252
1387167,19.921730116870112
1173342,35.148356057591286
1186948,32.234000245117386
1233252,118.72994655581381
1066977,610.0088294971613
1152418,307.6730320098471
1124445,16.72628781140583
1026138,111.87071235789129
1332514,141.08687289636188
1468716,117.06298967433818
1287492,25.47757641205062
1206863,17.933985734856094
1398867,30.001948359129223
1055136,101.93269472084079
1118702,50.29047507586995
1359875,429.85547991989165
1107202,420.6917472697703
1296158,171.69132487051147
1470774,797.532482605121
1117544,495.3422618968657
1151189,331.749295738399
1186842,34.61458912000976
1398197,50.678374366904556
1083741,37.03838965309562
1037042,503.13278816477566
1088465,455.5193182933797
1451012,623.6967216927961
1227620,83.404215937287
1102512,103.38244273925822
1234887,166.27256353215486
1128433,602.7507715660125
1444037,270.61224243132335
1015740,411.58363115943683
1346922,32.18451854126868
1102942,28.469999275399797
1174075,46.22748810917533
1108936,64.99660669209467
1412117,49.142241905030865
1014965,101.3533171368135
1418316,31.771161795726506
1472488,38.1646875081562
1019856,412.4015480991038
1175542,479.0868810444275
1013232,171.1385894839017
1321001,327.9927399429009
1100828,388.9550471358176
1068732,226.98137839526393
1386147,51.56845191160623
1410568,56.355974584220625
1471314,95.84199069547162
1143781,118.84123202346753
1010375,275.51223787132005
1144387,35.94771713350938
1229377,28.398337303360247
1095558,23.39730874489305
1478260,245.15342761361381
1438799,62.12879230519457
1359239,72.73878606198099
1097687,29.83246220638638
1065465,51.060540234861044
1028748,38.653526775402476
1487448,451.27349715387436
1331356,419.5219832839623
1480686,276.0201756202851
1236999,943.1807578263707
1199822,401.15137746909073
1254681,252.06803006453012
1047669,54.13309917040349
1084506,50.58772471659982
1407062,44.064999713869376
1004423,392.8958152673506
1207875,477.3450977323262
1328513,783.2165777667309
1170969,55.59494842154416
1281563,104.97460915278982
1432075,139.9985898597871
1253965,578.0502121353761
1444649,249.46707702222346
1152272,641.4764612372514
1393567,103.05278335024056
1154663,112.27855054372473
1144903,63.333691024603425
1329590,135.0901968587898
1441678,157.0972627687983
1001524,118.36652261505658
1440235,40.28504649837925
1437743,48.0165090851453
1468736,503.81815782288714
1325002,470.801432642552
1255670,179.38130641783982
1054864,31.55404402713512
1057573,23.278081988395286
1006532,194.0424837702358
1276400,193.1113052250014
1086209,264.8842761732774
1325888,121.20073505238487
1269656,147.1807880825606
1219510,93.48990322295354
1402597,85.57504493639054
1254290,130.7584205040769
1207536,251.12444126927247
1358623,52.806737797258045
1106454,40.884410113890375
1096522,48.81472771275661
1497989,414.8190742737435
1034611,248.50504277794877
1145961,168.24410206996683
1241244,39.4775639091386
1335255,53.425773444701086
1167949,55.772628319674396
1215373,344.44296102005256
1245385,307.3795337940894
1299559,179.8691940771946
1402501,74.3096058811963
1356370,78.57620258084339
1244578,35.62643644738592
1402872,45.641338070988304
1373011,125.74181529560983
1099626,59.33269542854118
1240618,89.8275985608964
1313356,135.81126399939959
1063775,87.96814661764792
1351476,263.6270731410274
1423116,176.99191564957752
1026366,138.9804546838485
1006892,16.3604479959172
1366540,22.77272899849829
1308211,22.60848162579512
1060946,29.435618421689878
1111869,22.735565686222586
1321821,27.496989603093002
1442998,88.28537396160922
1187281,546.6705659975491
1149992,318.0990808779421
1269393,113.46960185033234
1271415,140.43566620143721
1115599,148.10871452613807
1049715,27.671567858090008
1386843,83.77304974816275
1449443,387.71169261535823
1247790,398.2709583828638
1377409,164.2297723341822
1402068,490.0502639992268
1131692,322.411068760464
1103707,187.9884466444266
1011869,71.4020853020692
1134421,90.28275813742935
1187227,109.96232141052243
1404182,234.09068532478014
1430582,617.7508567497393
1077995,457.0098255938007
1484671,67.72501925645723
1420778,106.82121514232333
1310109,92.9887882792699
1219340,747.3486457314293
1483037,300.63080080516204
1278014,704.2837871231544
1020009,145.80649219945474
1357861,109.14936989076233
1246537,114.54964710890054
1138911,252.0234332574179
1072349,212.41784941772713
1044205,119.00346610149185
1003775,90.52320151231069
1105139,104.82163211027839
1233795,449.44813691301937
1488993,491.1971144298201
1128989,179.58753816228844
1461060,36.731616665701765
1093258,48.23946625680152
1458579,149.76587224197382
1267831,247.0035464162937
1076102,281.52040656342274
1492794,69.60799635498226
1258414,43.71289853308281
1233270,34.59607309186175
1218069,273.1822851771554
1209101,148.6304298187371
1005839,301.72585243134813
1205721,69.50266752477376
1286663,161.48358090797967
1396005,141.51918188783472
1005991,421.222611724663
1411749,495.19537588916626
1256153,136.34884009575643
1334064,312.80662148688464
1053700,251.89897643630025
1079711,80.39288493515336
1449942,23.571403148067667
1080233,46.09627811883439
1320661,55.221706491811105
1137255,306.3717957513226
1264796,508.20510894790954
1048031,311.3336995042167
1363159,114.92346160101765
1311397,145.08506478186698
1408686,133.52631848763897
1335629,260.2712390501699
1384967,253.77211029731492
1425196,177.35233864102278
1185945,34.07871443562817
1233671,46.44104337297714
1168634,62.74290712878798
1475193,56.83820422577364
1008215,24.210674405266037
1490942,42.17150792335799
1086613,250.68424219425134
1429213,243.932176859924
1247277,81.27728502520333
1315521,16.181573338355932
1251613,16.490032343988624
1341539,17.663667347709627
1314843,83.22797312265064
1060246,154.30908575487757
1196722,119.16205894639364
1062489,22.884641657205155
1391156,18.77794693701544
1420868,49.36695625626734
1266795,30.695332981755815
1452943,40.69761297797913
1372739,33.0018171567177
1384170,24.5048557939109
1270445,313.3337600591109
1440443,464.7098475927494
1158748,120.77287900334666
1373369,1498.0819128431096
1171380,613.4894121004952
1334250,239.00483775630505
1260574,49.413394761014885
1004325,63.2016209187516
1402074,61.13506349355173
1305204,612.9905561548327
1225037,680.5234951345827
1174606,981.0098959622516
1118582,129.0064454312908
1302852,136.21666398464504
1236914,178.10458305469035
1047047,713.2389919913763
1219768,373.1447940172712
1449676,737.8380303831979
1459390,57.66373296028308
1403792,55.475127338111015
1181820,70.66858627953384
1158592,47.77639016979621
1106569,77.09798150418908
1460628,51.99086900675705
1456648,53.238093994075676
1074653,539.6636780756281
1172350,451.36429373509384
1064482,155.4339241012853
1035769,23.791940030013834
1092414,22.680566015533035
1187218,24.503164350451975
1309910,72.9616320327427
1064688,72.0255090789395
1208945,177.12647901183567
1223704,271.5054263575305
1342926,350.2977772538982
1016090,186.51047490061794
1084541,121.59787778379305
1006036,230.99176408700944
1271294,256.62182906657114
1293143,38.66779682417877
1380357,326.03668697189346
1394412,154.7054730071312
1045597,73.4015958630957
1242518,42.9805657860279
1425711,76.73337873133485
1236266,61.606131477187475
1391787,355.81830978888274
1018619,318.9827172748024
1439086,157.39515157549104
1487991,458.3439635134203
1460540,229.80394811759908
1421075,55.49060054732441
1337962,35.252392809972655
1205702,37.23175831688504
1216068,38.466481175781595
1416093,168.47071509475686
1106438,568.0325421464053
1187958,223.71234297661897
1461237,72.76949955697069
1493677,87.51076254230676
1346875,93.2375122317077
1047024,321.4625721909089
1179951,213.93922125480861
1272720,304.2219238912541
1009102,96.2356848063355
1102030,63.420951822825884
1357349,69.63844750709136
1254542,106.39697597381353
1239839,112.71819209006019
1142498,57.8376552202222
1479142,43.238275461324015
1127057,47.43417061072177
1143077,214.08133293149805
1315764,447.8876580914567
1076879,313.4740733668998
1117812,19.773701055642505
1171684,21.169792565984668
1187665,128.3817803684726
1150288,152.64564834579437
1092093,202.7635647836065
1447408,34.7630068038709
1331327,26.890003433356167
1478225,77.33037404837529
1247480,40.81610040724741
1105195,39.106442275238635
1439531,28.91677501737596
1079007,49.69063539024392
1068176,34.08711459918831
1396170,335.4961094599973
1334406,298.7529951695463
1014026,146.7082333150507
1352373,650.823593818997
1243030,355.52154497100724
1041420,216.32490013889324
1319327,38.74348235672194
1410028,60.049728470279426
1139636,24.5204343860693
1036193,237.13753476669953
1003367,328.36914440612804
1387633,351.06363169165644
1332886,103.7658920470528
1080327,91.332767790634
1013373,139.57753547787775
1078845,383.04540335804865
1240791,190.1868860978743
1474319,271.1200705873832
1494561,70.05164377004557
1150748,41.531824403067716
1140411,40.89611431242098
1440680,36.877626778055195
1067429,128.54911267067425
1160511,83.46143032764526
1065243,55.60651601604474
1279830,28.51456997175014
1030666,44.707390726954166
1433611,378.5325697461578
1333707,426.14657932102256
1266311,259.43405502249504
1103146,21.182632408758455
1491817,139.59291800265123
1212716,149.54912171480163
1301661,220.66626698841685
1233889,44.161711769318124
1342250,28.694256856413162
1079171,28.411338663088017
1132769,174.66226515695124
1177184,58.118800800979585
1162498,26.90623378994202
1226350,56.12817477906895
1353682,30.53068031557624
1144693,359.4858483459051
1200921,344.0725226604055
1098073,162.6419306843135
1083024,412.87154218574597
1496726,260.77549176073563
1222568,92.49798580331812
1118152,34.00267021891813
1474455,55.90016929316614
1344569,245.11166983588606
1362812,595.7006932812258
1357918,245.2066805564912
1427314,177.5795425720874
1177846,155.93637092852174
1447665,121.6470745093912
1180242,344.2445379244359
1057980,144.60216627978585
1057989,317.9043609579152
1494214,28.59117141308113
1360415,61.304858521577806
1474051,52.252711374918555
1139545,39.60863647521086
1102908,34.35288258178643
1281533,39.72074546268499
1233530,210.36431470538648
1474190,242.73190533936133
1195458,108.47692327117566
1481613,22.771298856359348
1004249,77.14966051060887
1165001,108.5277372074025
1022162,74.05876352149328
1185155,26.65086807282592
1152177,129.87452399366512
1374738,49.711770809515194
1379639,108.6284211824141
1333423,32.812429947526745
1128407,42.27779684169185
1204473,31.409404928143296
1310544,251.08368332349778
1154591,323.1577682308025
1494201,75.6855434644094
1115748,564.9994322121792
1353589,363.5954348873855
1484676,177.875185042009
1048616,26.294216849240392
1314508,50.4601922566294
1296975,47.837312595530115
1372115,189.7138852809763
1336189,322.4913880033995
1121324,311.0193388228635
1045996,98.80573073354893
1361706,76.52242193100366
1431483,73.94217739914177
1387232,259.6991942100212
1160893,164.7509597598601
1431384,292.3798771147109
1235837,61.63231537568099
1436037,42.55600642297407
1202680,47.1013017536831
1412587,28.01557323721162
1377286,99.70592033793034
1197461,85.43338279088763
1116597,27.274290821884563
1062507,39.430055908840274
1030306,199.25957984439478
1013660,267.9978820172441
1086030,149.05454546345652
1229602,27.44528188341978
1272184,22.080160984568167
1433035,82.331167905558
1374038,101.04594852440349
1222840,126.95648221449801
1356273,32.216510028967136
1101932,25.061126345438474
1021010,79.64228570565733
1171411,45.87698679104073
1337490,95.0851119280581
1332396,27.51905272811116
1303811,41.65534193400456
1333733,30.47543463060846
1191789,251.79766216060378
1325792,236.2298712965964
1476106,116.12514479431218
1171225,608.0701578641875
1235681,364.0911166008619
1224499,266.5234905386786
1423465,29.069762016001373
1120552,53.17293326102078
1292401,52.38988867867449
1226546,296.7022350041801
1485369,307.96778956054106
1369288,450.43147659206386
1432305,144.6870618542218
1079777,165.57220629515373
1092628,180.67383666471594
1282588,254.9435825891543
1415191,234.014803279773
1209550,292.02263962379845
1370271,28.595165307988644
1104842,22.458479324966675
1381859,34.97539852973382
1062232,33.28179152159971
1171522,46.628730363748474
1084587,32.45317555230451
1439204,30.132298645919963
1159953,333.37581946790795
1379917,231.80044495883857
1082924,77.3929034735097
1380277,20.471643803758347
1303074,18.278871143232855
1357053,100.59063585274018
1482844,191.43420116054523
1095958,49.361251762399355
1335161,42.945125122196295
1432554,63.15783365677649
1058867,65.28230284348037
1289214,107.7571187245745
1028000,133.8417656924483
1437271,19.987069666231353
1399943,19.617122267081374
1107949,233.48086467070334
1356581,60.90699285500896
1194491,24.825775626514236
1203992,43.032979327031455
1073984,27.55587760126142
1158974,163.26538190983783
1244952,191.30091511596345
1350959,158.64590899446077
1221985,517.082795493344
1428233,306.0726925894096
1247118,196.06965740873997
1460736,26.904762444080255
1317327,41.67900690801661
1233024,34.20503677335847
1471569,245.3687520986277
1415077,326.68737644975636
1056913,432.518486418452
1277505,80.3748973079203
1359182,150.1792126213612
1430948,298.3986825170043
1013760,230.3177551738497
1147147,305.93858442592096
1415890,42.563678492354214
1265084,46.017307574719204
1431945,37.284839380101296
1484655,58.2209358303474
1161020,33.766813357333795
1175530,221.9575537126714
1154338,136.60913529432975
1130574,108.25459184787387
1051940,22.122040474183834
1440445,20.887511688192852
1192440,147.53671952430452
1260322,257.2865138412251
1421768,194.9167264073456
1449682,48.30398449897144
1415276,41.186613674753
1453255,67.27163377658275
1248669,100.80059112437964
1230958,160.32159439554994
1157877,26.384285668149744
1325572,201.41381061789693
1431659,92.10212926899001
1309583,51.35807836762436
1209010,31.576856096907846
1285811,45.438679983564285
1136992,46.96074727242667
1108246,277.12722499715073
1104829,155.5576614289529
1330971,91.10822185111046
1224992,516.5031003390358
1268353,280.9457670812623
1232469,171.62270310445297
1410483,41.76716294805552
1063825,68.17745848214369
1243528,47.77524391089043
1349678,229.94520197916222
1072684,406.74279394295286
1342993,449.2180355178009
1495669,85.3159012645619
1322377,96.33937680544742
1202457,92.28524504570167
1415501,509.0382873662554
1363882,358.2165122848404
1080956,496.05016551835536
1134020,42.23084704182152
1151908,40.444434417140144
1350192,68.00026422458735
1416559,54.230137376041164
1092576,59.73104790383049
1344385,75.24218715992085
1217656,42.43235964307605
1302415,45.50836680818418
1242600,236.0322578227147
1467152,518.9957664094617
1438001,158.29301950338916
1460611,26.02901194990822
1441014,22.71908020285392
1357398,137.27287749646598
1077114,169.68626142487872
1263663,146.78562890225487
1372445,89.8821853193082
1298212,49.90091453805986
1491344,59.380590342355276
1281588,95.25319305902566
1136004,125.95809877416049
1289149,175.81205196000226
1474421,27.427277103300657
1473813,24.510942498766838
1252840,112.89766687050383
1172252,115.58805378101647
1189064,68.88320054135124
1361099,45.816567994483876
1013719,73.56638934228981
1073519,48.379359335157936
1277293,383.7564946545641
1159227,308.4655684026085
1139762,181.3291963632238
1295739,151.16828436020592
1009685,144.9580354808718
1474772,59.97894729452861
1165673,21.449031459111943
1065468,40.623700949855966
1102053,30.0252140843637
1161784,196.36187330276906
1051139,238.65061566562034
1269039,130.56541405398778
1158737,65.58953037239476
1246489,100.31507356844615
1202461,97.51128425663454
1198164,248.7284502640395
1011440,148.20114317608176
1413230,121.79348622360597
1094332,25.06038695085244
1141137,26.43447219216163
1049606,28.838850298628707
1391442,143.8752353112818
1359351,454.95783532431335
1233267,158.3673001986427
1314748,15.516135425749411
1413495,74.60130390411935
1225930,107.15602223511523
1137875,93.77139369342001
1190701,20.2085355483998
1122832,43.25305182371497
1089220,29.50944151103102
1249809,403.8730319658168
1093731,521.1498006398892
1064557,176.3999070539505
1117909,394.79622243617695
1214618,213.92970293156486
1089335,125.15855450118424
1213475,18.617330177188464
1170902,54.44804914909201
1481946,122.87035318987856
1224868,162.63088641698425
1106482,185.40338328353775
1273502,31.367334906267402
1216168,54.18582842612196
1083594,270.36921592002886
1224295,128.55797728039155
1013278,307.94534871469483
1005855,83.88885795379704
1056709,41.30116389836139
1249671,72.09995471074221
1230380,130.92601156689068
1484433,117.15895076557878
1267040,38.9645416310009
1473223,27.436969388558083
1233669,238.20627463095252
1250796,282.32457767485414
1313401,183.0511546088145
1237110,19.63412250971408
1238242,21.46164613766411
1000121,53.13021976855771
1129558,70.25162188753661
1018802,122.40950187662692
1368711,139.03678396198725
1368971,53.31959533594672
1240209,91.27557491654079
1430887,28.909882060737825
1476123,38.97540641044724
1068042,35.39286266503593
1124650,165.81315489508245
1289201,146.89719766721478
1281401,59.77753436894351
1485491,404.3152492589594
1104767,428.4870674688507
1260343,189.1452414696891
1420693,34.68569469664461
1462062,96.54690628860627
1057642,39.16829800350171
1379980,256.08566993582417
1095043,429.6504605286125
1096435,331.5853342833105
1339708,93.40256109419934
1430712,71.55053752215078
1348620,118.25609750953925
1489978,335.2608212274391
1343050,220.9295058571769
1171803,320.35931224917863
1239136,55.7782847105989
1159926,58.222588380891104
1167786,42.67288312419218
1261300,78.74183335202756
1164093,62.12024009134003
1161124,54.177987117717336
1077741,62.22366283061289
1139047,61.22443160782587
1253918,286.20884325024264
1081347,470.772978420418
1067587,246.57347758417168
1029248,24.229879625621937
1456841,23.60806992711065
1383133,88.49582031124498
1263414,122.7094615170716
1110768,170.37361000996165
1363668,30.229498568191904
1187183,24.804120306626306
1364266,157.3244011745242
1026176,39.44285045549745
1177476,99.84673115464989
1499793,41.33523220994068
1245784,98.12598477026846
1031113,56.56615313298705
1117382,300.71780311571695
1449051,315.8036570730688
1441522,161.93340910276606
1220040,206.24381097672406
1445037,193.48483911248027
1313829,38.468077581669945
1345555,42.08403683485365
1278499,51.94505027640775
1352264,328.5229185259246
1466161,484.15824686252125
1252687,198.89459115070585
1479808,102.40329501592977
1223345,143.91942320601234
1049411,121.11870408688986
1003384,259.37073728268064
1363984,169.77423787773378
1216354,191.56613650704716
1394628,35.47432749737172
1343435,32.33234919319186
1370718,54.58083667143576
1156018,29.673950766911926
1395048,134.6509322039589
1314516,267.0226792477874
1399258,102.32623264931665
1338874,19.264739507800275
1118069,17.972156831524888
1465660,83.79640125960599
1255031,118.51289405829263
1058944,85.80099086178588
1305598,16.889946707816456
1196241,47.44231606520432
1004788,23.417601301440513
1463684,26.993882435661362
1061891,45.18301933647318
1257545,38.57343569354435
1137317,339.57063264064186
1316766,334.74819013449667
1215009,141.38776106343116
1198616,289.2735615540649
1119975,247.74300557606296
1173978,70.54303124955501
1003325,30.862867251585268
1014959,53.01272037524298
1238676,184.97617536485095
1180681,234.35077948007364
1154031,137.1442060046512
1392618,74.8033871834645
1158959,75.71944450240129
1174657,110.92361305607497
1215383,491.18197101586264
1056737,178.65766141557884
1226869,265.247772869839
1338426,52.468852704710706
1119609,44.86264016718138
1063798,34.06665331708865
1045972,47.90958258337092
1150952,149.05664549614494
1077779,469.47501473681405
1144441,253.7320811767899
1257450,22.918460529393894
1254802,122.92633039614076
1250391,153.59944179268132
1045722,172.7873008309133
1346647,31.228415585872526
1026834,26.636227763203227
1283298,153.87889881295627
1481903,30.145061343791383
1318877,49.33715610052573
1130427,44.906618988361295
1357694,117.96209550864918
1244100,93.37114695271936
1131178,301.4652406496039
1402295,525.1096607064005
1126893,124.94502170508785
1093651,557.7336253241401
1112711,371.8325282193119
1105210,239.30142254908117
1164254,52.901110201737005
1498407,61.020258427931694
1283105,50.822542023752646
1415914,249.10454703814273
1057017,313.3074419889415
1137052,337.1211102503097
1144252,66.24050571122211
1370833,101.6171443807356
1295518,93.55324429375658
1065864,378.05555658288426
1166233,204.6231123202745
1209388,403.28299035520666
1374893,77.90413396454493
1119217,46.86982424479829
1004773,81.90884513087248
1248761,152.04284939471154
1178734,152.430137700254
1098698,53.08989847265394
1044262,40.19466991398443
1053113,291.1067414828156
1309992,377.09688818023983
1307732,210.89212916236488
1417093,35.48940599100324
1326039,26.948744671350223
1233803,84.92138611655265
1099973,94.43798083283534
1409188,187.38299102758592
1369859,38.966145539349746
1251710,35.871268964572444
1152116,36.24233112605361
1363025,236.34742613243483
1267904,157.9532765707129
1269147,291.21033522611407
1001765,58.90981415246609
1392665,344.7471319424572
1261277,354.61502137903835
1422430,109.39248187115406
1106809,1040.097638819949
1353415,514.4062161175211
1368715,341.02229880189196
1087675,40.18756464154546
1336730,83.80826848668454
1332354,63.88325250836597
1456769,613.903880616293
1190728,519.6177842300879
1268579,898.5280459351918
1217878,113.96224432464288
1106508,150.33917430800076
1006087,311.6846024992973
1402675,502.6390784503292
1276630,448.24691546502
1205256,633.1107826409826
1445432,60.25549926364285
1009975,49.96115193860588
1394741,67.72213161132477
1275536,97.86365452412446
1158507,45.53600167306202
1269365,45.222830412896705
1204388,546.1027971858705
1068999,438.6625993059429
1370340,143.44648484802838
1252762,19.587349024485277
1154390,20.0600801342207
1394582,20.79024591322024
1149088,308.77573067282145
1386755,383.69881649146333
1299563,521.6240187930722
1491160,67.05296780913783
1230263,60.79918103673282
1011505,45.59026778182213
1446632,127.19040167850207
1415161,168.77894606919156
1228341,263.2533930099411
1056047,37.609075901389645
1278396,32.65317498271896
1005154,345.6214701895708
1312357,100.30512091624105
1370120,74.4606507132581
1255799,30.703204303382254
1115383,60.88393531010115
1118490,42.291064081345
1493917,444.0885938423175
1487221,283.5279241527146
1149775,310.72093976074285
1460445,354.964860901428
1448306,335.065586543707
1431907,138.68683611414272
1401766,23.31065094841679
1047198,42.87235660713479
1002660,34.39900920666638
1366099,269.71109089268555
1292159,270.31208033700267
1373525,233.3339243141925
1049952,41.53123466424431
1377098,57.72593863178417
1198185,64.56168661926282
1256980,269.14556928076144
1010248,169.58992705533046
1080513,304.52649750513626
1081848,65.09013171275492
1054349,70.06314317619743
1233461,47.96259739684865
1313017,70.78349004373099
1105421,211.72372261215423
1339465,232.9759717482967
1063256,30.448390945217948
1013469,41.64088232561727
1375319,199.50365781049555
1366962,273.71101997801844
1317620,138.25710409762092
1127397,21.649521593382378
1250684,23.717832798510944
1102059,78.41432756745213
1281560,87.77401483251639
1392837,157.88942608019894
1279583,33.29151428347193
1225127,25.764579034231026
1188903,167.60992637950238
1320069,66.83426407306484
1081725,111.64598746046552
1288919,30.626862353417838
1098380,51.8845531168832
1141854,38.816298246018086
1471277,210.93767783091812
1485310,197.20018454067616
1057256,89.05286621145923
1443523,196.59988103671424
1242874,166.30725786061515
1028151,68.82114700243099
1302656,43.44539716360301
1431208,116.9332305437466
1473127,59.89936126224539
1249389,386.20567270932725
1270759,601.8432058944447
1220718,216.10477037369856
1429360,67.14745369983278
1141020,92.20519415794506
1325573,88.33095890373654
1165621,427.3719203149537
1386579,214.58279659569317
1089648,231.12514265161695
1210152,19.880439452711183
1013568,22.48928147873792
1269338,39.55386268134768
1462527,45.05333860532899
1094399,36.1477270993743
1197572,46.45539332429138
1127792,166.21658106224902
1290080,690.5811021834146
1160077,274.5961528975915
1439020,18.06679590790628
1129340,154.12887308182354
1198240,154.4060760364349
1123239,185.9798530406768
1402087,40.437964069029945
1104882,41.94448737514045
1155836,107.65224781506929
1057692,50.16759213639713
1045903,582.025847270496
1247162,707.9121977060894
1447707,302.40905906048863
1450701,404.32257230980457
1119729,391.0584602325896
1463108,251.23315717597018
1004715,52.86739051460653
1055930,89.06267267434298
1258137,50.158455521751534
1220154,342.83850795432136
1425882,608.227380973728
1023497,384.4561694367342
1410135,211.21388975826235
1265438,134.08529172467578
1414821,179.03225379634947
1116522,299.7464200090866
1443270,276.0529107472362
1263016,372.19853999939295
1018136,55.23063765805457
1451314,119.17796236254992
1038393,88.20373133335436
1403993,77.50014608801408
1274108,42.26639824012036
1188111,59.894341117072415
1342222,296.53574835610954
1057623,339.4042819449644
1324265,182.147736290583
1438649,24.19785362668076
1073338,26.889813452268957
1082298,115.13792098601797
1110286,207.78110868972195
1266357,172.3193566300257
1138371,38.019664607924824
1298566,28.052270081982822
1430079,31.736372079788104
1375660,109.07470657836274
1319105,60.06077026463163
1361990,121.50944862483432
1337117,24.75971913675039
1092006,70.3239246978777
1379437,40.714970239648146
1315755,375.93863578533035
1101610,425.8444314681769
1212642,119.3361077062614
1257724,574.6110235107185
1466648,301.245949388742
1254129,222.9608592564289
1046453,26.9296789032502
1417296,50.75657590394624
1103295,44.64207020676443
1288752,315.50355800948347
1460898,283.0548132541375
1045465,399.3890166491195
1429233,51.561966845580635
1428924,54.51456209685395
1179927,74.5187069321613
1401756,296.1500533503815
1482727,203.10802603494423
1412634,283.70178724809676
1122492,29.55224965953833
1051180,20.192964183664667
1076417,24.92946375041928
1297374,57.26133568727725
1204108,59.082775119314505
1021362,33.532559595533776
1390263,45.426481881719724
1363384,30.402889484062634
1116791,29.675933018186374
1326548,212.30792486795573
1433636,223.55484365373073
1481561,67.16817184115416
1034638,84.8038400649356
1230918,159.69914205405868
1242400,188.5352725765673
1115757,53.306516059738584
1041643,50.627449054033406
1287497,57.488646378736505
1306844,56.13447725182176
1200113,60.54750481990168
1078215,132.55667415569664
1298841,22.220144341885415
1392730,23.343480205881797
1198643,19.465179597648707
1020564,180.28182840679256
1154567,93.5082953326971
1225474,74.00442024737282
1248898,27.1698582582709
1170575,43.25864468118693
1413355,30.580831073114584
1113523,225.27542424739002
1356462,165.41955659784216
1174460,149.51636258177436
1040703,721.2991235023684
1009276,459.807599006287
1348411,313.21688393510783
1235035,20.797524464581013
1435764,42.13029335621449
1109203,40.79497696802114
1310361,387.60574707549745
1173091,431.29835878265095
1201488,482.58609327851866
1416516,165.31020181973886
1156700,153.03932977934065
1135820,161.63597160753477
1477704,382.00375473773295
1178324,333.96034190455504
1198224,467.45406281191873
1308367,38.12286162370729
1260111,37.11705347720312
1298774,36.92574715348387
1295663,31.31263830781584
1084873,53.83463837426355
1238634,33.780903929739026
1237748,32.25207176974396
1143221,530.360747358354
1228159,485.383303463493
1349223,142.46107887051087
1056933,17.36326204107649
1424540,17.90012590316559
1484915,73.5939580553686
1111332,138.8086008303847
1063614,72.59419246533933
1301207,74.9691204614356
1053999,118.83332934098769
1118223,189.6769448836947
1450088,240.34908013771454
1230421,20.900280307999676
1068073,20.02461981689917
1197880,16.394007250754434
1094580,68.26511175747306
1172938,52.79528372806055
1029830,22.020754254067022
1359667,32.389881818388
1377423,344.37650194312727
1310816,271.9984541246027
1316805,224.81203511939088
1259591,1793.533937042773
1167271,787.6390199533712
1201964,512.7491280524433
1049973,58.16419630448695
1185564,80.10020075727218
1047036,58.29455031745145
1209578,521.117359902201
1416876,589.9920024521355
1113492,1028.218967823427
1029884,69.7485223073746
1497894,99.974714163399
1300128,226.41696984856762
1300828,1025.9774646752553
1394735,499.84769303887333
1339641,881.8545150880223
1395056,126.41682719934862
1015576,120.56508661636109
1328783,56.750023781721815
1208849,267.569065499999
1242697,163.86029410816732
1359281,189.72760977625165
1485050,113.98313331802352
1309096,85.13065856739603
1066654,79.60601870259124
1333325,710.930612389871
1065376,668.4497343330944
1392342,415.94517093787266
1418086,41.49057093687538
1126584,51.199391859253176
1140959,29.593981446191187
1313505,272.04552596438225
1117255,429.064852535042
1266859,556.8871997364264
1352627,120.92612170699292
1366366,100.15088817787927
1476169,114.06809948127685
1372662,144.08722118188254
1226797,161.09019642694244
1296700,470.7367476270607
1240353,62.504307140187585
1147081,58.46401163884125
1187416,61.043482092181975
1261102,514.2599668266253
1458629,326.61526516267435
1242716,287.4847971567968
1421036,44.442681616010994
1346652,95.70212591359267
1245436,61.34609277698514
1198242,429.160335381028
1045821,396.1775122186445
1443036,311.9784884988048
1173972,1898.9928314561773
1026093,792.4041908913771
1050787,524.1326566458233
1173917,72.84227559241046
1401571,108.4031620949357
1157221,68.53587589341653
1005375,620.976965206889
1046037,633.0545920620572
1179494,1025.1761380060202
1351594,130.75161819434734
1004476,130.22666788915743
1108850,218.51827062970196
1243144,917.5523479099875
1152066,503.76656618264354
1222518,837.3619738086934
1387120,102.80415649279581
1333542,85.6395689332971
1017181,62.41794152747661
1272397,94.67511536998552
1435758,72.56601228703057
1373049,125.9474687948153
1408547,156.3181658327355
1428679,51.605817485193974
1244464,54.929476277145355
1384377,594.811419319358
1488118,507.7941539818371
1228826,211.88601320075637
1245151,35.86971601330032
1095362,38.66898464430095
1069078,37.69966463683761
1049725,169.1819184924786
1187024,272.09229367161316
1135586,350.6179018887201
1277897,153.57159903841776
1269737,162.60487860180507
1027610,100.241473155449
1365843,148.96921200467852
1086058,236.69510580683593
1219724,391.54735412480096
1199897,48.973527625122266
1416231,35.106229707061935
1391175,349.7408240464569
1140599,247.24430028331042
1099643,213.2415136377491
1088269,54.781746055236006
1073405,103.00877461469179
1055745,55.27555406143858
1472617,451.57095738113
1230428,415.1625757879336
1040401,303.342896067694
1113951,151.0337033785334
1095435,175.19728306144674
1363338,86.39424846382241
1349382,40.302565343408084
1035972,104.55916992530618
1285850,51.443884357359615
1116211,131.9353477766464
1221446,530.258829139088
1067824,220.39021334299923
1325209,47.834554307812276
1250269,54.811595458462065
1422706,79.40864133198787
1276177,435.5933838230809
1129647,165.52147107428752
1270817,212.64392662612192
1205675,18.699732520253892
1374416,26.056443591809185
1371785,44.76350167026874
1437236,34.55132435751539
1342334,46.21263232092889
1015263,183.27851726303396
1005610,632.7021782825567
1207270,243.56843713600543
1328618,18.897335399565247
1263164,96.80959690000493
1370636,125.93214951919879
1052297,129.1339202400776
1234483,52.823765034642015
1344207,31.694610875727896
1194915,29.288178717747776
1450536,77.41390675115474
1114215,52.87413931161403
1076467,403.5846170905606
1013988,553.6868435995079
1410873,194.86105821600304
1026962,286.59354734923477
1003254,225.7509750112078
1267865,195.15912006559296
1226940,98.32678064767973
1332638,56.202953103057055
1105644,161.77248588539697
1336298,235.40872663823745
1443390,144.96450506108212
1314804,40.7903933409402
1179911,46.97646510266818
1005967,58.74775810745355
1419947,270.5903029891612
1364329,174.0637909982621
1229710,112.58387232367313
1215604,34.458450903349586
1188630,39.34087417828607
1019807,25.258486333996863
1397082,38.63186587348983
1004160,193.274329375161
1009831,457.1508750905306
1386562,251.2464118776585
1204381,18.646951852193087
1318327,18.082306877246815
1087987,79.51147948132392
1057435,87.78873846114504
1178120,127.46977286724484
1259676,25.268362284896142
1482446,22.650937401999286
1079506,19.84253354492147
1239800,49.22026446674533
1431582,23.447015858568903
1003568,27.87168498243121
1344720,27.034768555099873
1440313,69.24405416693642
1191198,41.646666109030555
1437760,334.6586141504419
1279562,466.49414128956874
1204132,152.78472070649818
1398096,98.41474669668493
1494166,77.49954263698099
1219707,59.69112598000851
1317056,109.65557142252219
1281517,107.66415419779841
1015899,59.75337791112664
1154251,75.50637475328851
1216050,89.00420901050673
1270599,134.43977686776887
1217407,149.94453935655
1095052,155.38984274995835
1309274,17.275187505588217
1095238,21.616886436694205
1170773,18.0732957558787
1076486,22.19786125371667
1350206,22.321143372736184
1276836,19.874009297831407
1157695,78.159119384648
1010666,223.96392208987913
1436514,65.94650431934006
1147480,83.2934375961615
1218947,128.13467118174984
1050335,144.54681744509332
1171256,31.658212195134496
1271548,22.111718351819786
1461471,19.433408123277434
1303550,53.02474247466189
1197899,29.411725505404576
1223492,176.99284522207012
1058027,95.68293888055895
1342205,101.69706582202487
1359066,926.4138821447688
1191706,514.4810355642736
1051218,384.62465000925926
1194601,32.74031193669392
1463442,63.06166869563954
1391735,412.54732343089165
1237811,446.84089790376254
1015345,552.5087779182634
1306276,89.38278497211877
1281383,79.14219249760401
1019593,192.8292490371894
1239125,433.69096021002986
1494423,314.7965065150985
1231512,501.1416076070812
1198829,32.21881393239906
1330395,81.8402777660106
1090050,107.53104385321043
1285816,79.68215533559218
1452241,86.79297707887045
1306442,36.02995592749241
1080063,46.88343952296644
1242898,410.2191860092991
1180697,493.1779480790958
1111935,177.84426627313204
1233504,22.285869210011462
1282522,23.793640038171144
1224947,22.6767564360158
1102338,117.1368817318327
1036719,167.7919527161095
1061800,231.14964939601154
1004280,67.88491994778799
1081737,51.929170977581954
1240408,101.15662903262623
1423030,117.23249528148293
1180839,160.17095808968526
1235293,254.16630334345268
1402334,39.73425111484204
1455922,34.61192005253208
1086605,31.951626100789994
1324560,198.16159063236015
1258874,149.2330954103796
1464606,88.02289396818726
1320138,35.34038336540485
1140900,58.25320609733927
1265408,33.81651947908731
1299126,253.48572123881175
1034569,267.2591363648861
1142696,240.6309629089416
1138175,503.69892214993934
1105308,163.8564307086427
1109747,155.25361139335624
1050057,59.80747467987653
1490235,43.73818149212327
1126706,294.20684393755687
1372959,361.3285310940452
1030230,545.9437678862857
1294042,63.31818581659937
1050893,34.72559155319475
1499803,73.94077518658962
1223585,377.24673613919805
1464318,185.94503922299097
1363250,384.2135629753999
1465396,36.24345682872375
1062525,51.66318525146513
1282663,32.70511882475946
1377031,35.9375985076292
1120331,43.07617288534948
1406956,278.7822068760962
1091889,175.17254986868627
1211590,60.129744797700255
1317126,18.406228981706683
1074826,23.006562096761268
1013839,25.19697546359558
1085749,135.3278653676337
1377992,146.50577033490057
1050861,110.30765369112055
1348062,127.11974489386614
1428528,55.808160381725905
1205756,76.341530570925
1109233,128.33728898118105
1037514,142.1218145073336
1121475,25.017479957191433
1135573,19.628027974985603
1288571,21.68407928550169
1382800,147.54579776768702
1344633,101.92205828882865
1231476,65.5944124005074
1377282,63.54085957759966
1157321,59.87696594017804
1391149,175.71793830292452
1017288,183.48610807452278
1324180,87.86528990802333
1264350,1310.248247915699
1121765,488.35052868843275
1458080,289.02421384772197
1226279,31.238226000780507
1198368,48.73964397103817
1434682,54.599276082404224
1339805,346.0433348224585
1316313,468.05253052030224
1259982,662.6846098997584
1295018,59.75466043670364
1324344,98.37276535034982
1318994,151.0479109796785
1297230,662.0171319811193
1143198,322.6542382694535
1247498,614.3257487585981
1326313,149.92589309761914
1155844,49.950886262136095
1395026,120.53908933636076
1180389,128.96637865571316
1164822,102.76206636684745
1392770,104.33462350754981
1309919,40.676249602675476
1381318,44.127491005852654
1088812,410.218985779299
1483907,432.85559797471655
1233536,156.46324185481947
1415482,24.869113579039006
1080169,29.04032672410578
1374582,200.04163902290065
1280402,267.8646880486233
1273131,250.407030906898
1121169,62.28617341501925
1273251,62.89876322493148
1233241,53.662774763142465
1092200,87.47791214661169
1313319,128.02360385828675
1319982,208.02872305828535
1078039,49.11136986316465
1016178,44.296274138748984
1163661,368.9556537850199
1051496,178.4042839221546
1023579,134.96148593864265
1346863,36.52993068180891
1224175,68.63446749518404
1276697,37.265316637909336
1369746,322.44678538718694
1036027,281.73442787044667
1396041,167.42093786493507
1165135,257.8968369018413
1280129,146.7568081764835
1170036,97.5248859623339
1488157,32.60314703565796
1487745,127.72922091000339
1086065,69.51851538225596
1004297,137.26513761287765
1281725,323.0893368036721
1347240,144.54228375990078
1366721,68.48605473678268
1154649,62.881480240699084
1126082,61.23617764128692
1477870,358.0376556955388
1069963,158.49862967650722
1153258,213.0587708946081
1213120,23.651682373411695
1056340,20.58311726053918
1177540,24.59927247079997
1004822,42.53140400601452
1345635,44.30681514994541
1342550,42.924141225321165
1247389,31.557155872691744
1181846,72.13559931057831
1423783,151.42691692321952
1064603,458.1856822753375
1227396,283.9858406661967
1207359,20.11009614018995
1457058,98.6838366462165
1162178,146.09272574032235
1110725,159.20284889945992
1399983,21.896408881976107
1152804,21.48689672029976
1292007,124.7873369521092
1427732,30.273713151836333
1010463,40.851268680206175
1309036,30.938099208982617
1342610,61.83693612790802
1312991,38.92661224053842
1479327,371.66053963136324
1490132,570.9586644201939
1003511,161.19615161760584
1296483,350.0106538600666
1159992,266.9891916853224
1257518,122.69964359563714
1083984,54.21733301017169
1143378,52.989030281832
1428130,50.59335447864653
1247809,142.0500820707995
1040825,154.81954157449792
1008440,189.09938461249467
1114881,39.6969231011973
1262540,43.478450159351844
1217335,39.59372407976175
1365771,356.82380064191364
1441890,198.5747190871119
1253878,370.67407906809524
1156598,76.64401407332727
1327940,73.18825708290969
1342187,56.908589217938825
1056722,108.08681997459888
1111500,86.28374911972469
1483718,145.90118794297092
1303708,62.929186707011354
1333239,42.983166993365664
1227875,306.6675222176959
1403092,319.37686708871036
1195341,177.11390249599148
1148358,22.37436133893627
1317712,34.40668537145507
1191899,20.626520124042077
1046904,69.37120827744818
1097512,88.34259382024676
1124932,134.13616008682334
1345447,33.585971286108844
1200189,30.249978172725566
1160436,119.81516944122234
1401432,114.44562482771092
1289683,115.46848340845794
1054533,33.88602561990444
1213514,54.58837961456868
1404278,267.083694958155
1122707,292.9794742473969
1056683,122.8676148671594
1020966,162.88591734041725
1470747,180.41906809601477
1018571,49.31965547801327
1015655,24.520402652143815
1422465,95.53373615258506
1007336,21.481101835544568
1283002,254.88343272330377
1125834,510.9580146941911
1152981,260.39093055501485
1356764,99.19764644313148
1108099,90.60070824986066
1138894,85.59723890419544
1485722,282.6308588280973
1378174,247.1389086620416
1043846,169.36745964644095
1286080,22.055886962028673
1018712,22.030905310975903
1220358,47.73131843025926
1283339,38.08817798753357
1494589,44.03010855354211
1402753,30.23021216681405
1278056,125.07925842500522
1253078,380.5953607711282
1281581,158.05264786889822
1025533,15.838762521170988
1446457,87.17823243976731
1287283,104.18554027054525
1178769,89.31278681830466
1007301,20.849314358014315
1413481,21.349928956766124
1200731,36.98437085534829
1340912,25.162861515837015
1452440,49.665546600955366
1110848,37.757181107922385
1088449,453.76314307076933
1474845,545.6655019468559
1135110,121.05233974150309
1134786,1650.4894959849928
1008071,530.3209610661046
1018869,462.91515931560554
1011543,150.36713607486035
1197470,245.93997777100117
1399101,174.252533545884
1449984,779.4519985063182
1177098,907.0368685198599
1272083,1188.6209682461545
1391435,130.9579980563639
1279057,92.29880903936088
1009044,195.37455865980718
1214752,1505.2123586768914
1078901,835.6280500686579
1287288,1295.7588192982626
1192132,181.3063716459778
1234402,182.00812605623426
1232750,131.19508064898955
1268984,196.08178767180783
1073550,194.02228881847088
1179236,91.28994961118754
1061973,249.1337655025552
1330467,167.87170186144544
1355488,97.6097082568392
1185139,770.2055089935587
1051818,846.0610527569877
1397206,271.9144748787468
1252654,62.763942318311265
1418909,72.12773664075115
1386036,390.2961516814762
1002589,665.0180292267305
1198931,497.1350678501018
1225988,90.7110455773224
1076920,116.5986399447228
1161079,50.68593165816251
1236099,176.27827332208767
1195643,310.4742543505418
1307333,459.14749161007296
1467437,68.31164343835107
1020490,54.47238679360073
1465107,60.57989863860017
1121637,848.846920999118
1408811,445.5957698972539
1003760,345.5169109848807
1155995,173.20146357319445
1399262,261.7485615828359
1238090,173.13316626305564
1446578,773.0497714981814
1386889,683.6156617329108
1273910,280.6728151323373
1001412,505.05801179761363
1495114,237.80616850879508
1271646,180.3904166341058
1332352,28.205633616427406
1211448,55.780318549446484
1372618,37.247116330025335
1421532,412.8302770818657
1239742,397.67468423379074
1391392,477.1438114176055
1468082,264.80866910087025
1249067,170.27462903555832
1416643,275.47698989881
1364414,269.1980818797865
1350437,370.46861284513045
1091337,427.22450434403663
1127292,25.966759116340683
1072941,30.320212181145685
1184440,30.779819069460736
1329008,39.690250699475776
1064715,27.606668450880694
1218158,34.67623426330886
1449013,450.98585653085826
1323236,306.00086718489393
1211901,128.8677835950389
1458394,19.009409823772067
1390196,19.055978150338497
1325001,78.55048918423255
1249518,105.31907121728348
1303070,129.17070242270623
1089683,162.52824552205476
1162091,110.68915130314997
1211267,123.80876446416896
1180457,266.1343618083037
1411070,223.6735985067838
1283293,19.27858626998707
1244005,16.256499190814342
1299438,41.3956442898667
1188409,23.92743405507444
1050592,26.368476422433137
1036190,41.33791413254024
1184567,28.456091293507754
1148182,426.01024068868065
1015560,568.6720644288423
1251542,199.25484377337122
1245457,692.1681726891261
1467164,443.8797581575241
1075689,263.55843943740155
1258805,27.995431063869127
1390444,49.39887652096872
1125927,42.96031074189625
1201006,370.3132861422631
1062733,465.9026446000421
1187527,558.7779289410236
1478521,109.9104029848772
1126260,83.36364370024303
1088641,128.61051646446293
1461461,265.0466070776764
1246057,451.5618993665651
1224798,473.17167773664846
1242930,29.38460896620576
1133031,48.81585582628435
1313303,32.409545582573514
1003426,588.8599913017601
1429396,492.6493734754886
1400252,127.10211800706483
1485905,18.35364119490506
1108200,103.18517663591255
1277378,94.6213517947662
1316737,76.94017809531111
1031656,97.34753319482435
1427372,74.09478336666096
1326753,85.34848362448216
1166693,92.79479938840892
1196826,148.76940638646045
1254639,213.4859664636298
1471596,20.879998488628534
1308655,206.8832739348058
1407630,38.429523593003324
1360628,33.818977489635586
1396228,26.321902758488903
1384266,33.78402949564433
1369149,24.961081876985844
1101374,508.05194944063965
1284482,380.0444922808554
1455381,239.97992995436636
1306935,1906.2262659105932
1399041,845.8266935625251
1129929,587.2763135318124
1230094,106.76778035460428
1186826,177.61513682773585
1029555,110.44001011578204
1234117,789.5577331049525
1342352,958.0659045632847
1364919,1296.9643390862698
1479955,140.23582964301994
1456560,160.53799726678554
1105933,305.8781037489547
1339034,1419.1676290830014
1473553,656.0209089432053
1128832,1174.0995714222477
1327909,81.02626053514064
1141823,50.73705714944358
1115349,79.667006627668
1295236,167.13636190954452
1257211,63.18312078379003
1243692,138.61145724769412
1442994,130.12224278078673
1113589,83.67415004342732
1202702,765.0420774190981
1139996,916.2836341278966
1268487,414.78193788170006
1063639,38.374280558428055
1342445,31.97246451313321
1080952,33.63753604196305
1488050,605.4666452685899
1057752,909.3776937896558
1125151,982.0658405586705
1176349,176.02237483720313
1216741,162.03050563259472
1020876,132.49781650211773
1013212,208.5935382981528
1314432,278.2556230304213
1437923,477.8802852848289
1015842,43.4241310234786
1244026,47.60949088660648
1394171,551.7863890364381
1358455,345.30419985038753
1214772,218.4968637425743
1445388,68.71420277759088
1116026,162.1568494796698
1485405,120.1451985311247
1115994,627.7857866379062
1088835,535.3409839153063
1223314,547.3285670051177
1117594,690.1267278866684
1246456,523.2035978117106
1384107,319.1664455718982
1243607,52.96979131101281
1078594,41.01083487698529
1424863,56.34410247700642
1401181,286.33573778977444
1186995,370.497145064327
1158925,500.72015719675545
1194476,93.12664631029202
1356515,132.51564952003582
1063805,193.1222179366164
1026340,711.3515358855616
1314539,265.6455251322284
1304421,480.1111474973862
1026497,107.00313597205694
1243434,103.9946638264709
1349423,82.24409773215474
1440330,64.02036783081817
1413653,326.0689241875186
1443157,284.8960865358736
1470635,78.59007264058172
1096268,46.851244842593786
1393626,48.86407067272649
1177199,532.4722339853249
1419882,772.8072336284745
1193613,681.474033885025
1094126,24.674974728946257
1163148,35.926760437460224
1331608,23.292728259730875
1225453,177.2481127631326
1100128,196.8857289527756
1152619,368.0835434533042
1465064,51.990199527453754
1197882,42.30607325846838
1204356,48.38822838629951
1450571,336.8530711793895
1146852,103.23850156336262
1465517,160.56609841326468
1170587,38.99041055350472
1008749,100.12543315763446
1383333,62.34572140125201
1054024,435.89233402663604
1492548,501.1791807889838
1471695,293.78202094593047
1492614,185.13966424603987
1203473,236.8607492696803
1079689,75.61256822680953
1341115,23.897111176666648
1272743,95.31405747741562
1090971,64.30219570051389
1143939,146.13472763900546
1213249,359.12359467155005
1160226,211.65555431866852
1164145,53.05296871364606
1359621,101.29141988186754
1187272,444.5848971175365
1382421,287.3053276743279
1150058,238.95968508007493
1191625,21.077308783714663
1233904,41.049012402527346
1233177,29.55301989275535
1076029,43.22159577232313
1046255,39.6177285416507
1322786,46.43978315089367
1015528,229.9545946544158
1282016,781.6132489114282
1452067,419.05653862041805
1492120,17.208358872832015
1466652,18.376097608950413
1288325,112.12390911981996
1037408,129.3190963805983
1365916,177.20200424313109
1284677,33.31651045393291
1495316,28.451350419794863
1076663,52.03079709646805
1497718,107.95465747403674
1122583,82.47594097383963
1325982,706.4089147677756
1208934,829.850060877982
1321456,239.64159434917667
1497813,437.30031206682713
1008981,268.1969930706084
1157473,78.9029179386527
1426499,22.744487684169638
1308175,47.699127037532094
1241732,231.13880647296253
1334443,450.1936563869459
1075943,229.95497390935654
1212040,125.77650104416294
1053730,134.52869830877916
1397334,152.2110899864691
1268218,212.5192508165295
1451189,211.50928486634527
1331816,170.2213433436431
1366276,38.57937996996664
1451380,38.983835772817166
1349650,26.49731863148997
1495032,114.34681025004755
1135341,240.0158741376122
1205389,81.75431279711036
1481863,71.58706197088506
1231863,104.95472225683287
1265192,77.97359620529123
1249151,22.276578960066374
1348889,19.547549014748164
1053804,45.18741753795425
1086984,26.230651501446765
1199192,31.738624528543205
1306328,29.016877555280185
1357661,361.47797059371015
1248502,428.52613312137197
1117929,75.93294007237604
1255407,454.1030245713973
1462608,386.4182201226383
1194957,114.05398776222759
1489860,52.89745618350588
1369461,71.01702262704421
1341913,63.379670734514676
1080389,295.9409111669151
1434408,456.03550549490814
1169445,500.47512294805887
1298757,142.09286156844573
1170261,198.2140671631278
1075384,236.1929035058719
1258354,701.30743308925
1297968,259.886268062382
1329810,335.1523874458878
1029581,56.473314290366446
1254729,49.654373677265326
1217471,44.14690906021094
1409129,31.792387242492552
1323505,152.99873950304325
1292034,76.27053577819211
1242088,51.66205219984813
1181744,32.206981314560295
1483645,49.4815022594325
1318631,269.359815417152
1201137,417.7771929124892
1320819,302.91882160128256
1084671,19.953499442849793
1353433,25.12663529212514
1052630,22.044518131108774
1289665,128.12137216600993
1131674,190.61899459181367
1099347,224.5857798331368
1401309,31.63443466722977
1211649,26.995091369596565
1249940,21.070268887371757
1015328,127.2440859541544
1268573,34.23391964645329
1236946,76.10206089121539
1181712,43.764588987785196
1053488,36.927886566700636
1134014,347.05186214782884
1253246,392.0811112873496
1158599,226.52926997905624
1123214,1484.5671666855287
1161630,907.8890508214694
1034885,268.87974861847493
1448825,30.10120935083389
1120835,54.250640321866506
1436307,45.22909985458466
1121988,449.1107301154985
1163226,550.0995755522395
1111122,741.1806190011092
1401754,102.90011690050399
1480288,77.94002186225605
1053207,173.4748415070965
1349184,415.207679623875
1271696,285.5876319326984
1169730,564.6832215827077
1113162,68.49576405353015
1477586,54.022360325284794
1288584,117.19791406667139
1433314,100.78552903206987
1240273,76.81521966021064
1407667,105.15141804504886
1476887,50.184835355311385
1105919,49.14283071328754
1251406,539.7817295735372
1223600,351.65788401973685
1083097,199.6174741216819
1450412,26.35336532420339
1190838,29.712700190630695
1434166,26.576939501802286
1322878,186.5790718525061
1061276,230.39292002325536
1210001,236.28201506126393
1207310,78.39684118241719
1106904,94.32799388513492
1012771,82.09921034281906
1161036,137.64564848387766
1106662,214.25957303866417
1047465,375.8296896570789
1415287,40.49876402471776
1011931,420.91228368168396
1281482,228.62202871806107
1403343,189.14966690739408
1321976,29.727737413990212
1307302,45.226095923442394
1410444,47.03845915013733
1432009,395.5056716298453
1086708,338.6681412293213
1246312,213.55090175476042
1108704,499.6858640815771
1029294,285.06039209731745
1160680,104.82338491748148
1049158,28.313762743105695
1174176,42.149243132190605
1278821,357.3638845725884
1478370,409.1948285555534
1312971,628.5843499313805
1466260,106.9011063867856
1145664,95.55717395791277
1091873,127.65248652807924
1388739,329.4382425303719
1123649,285.4114965663603
1346060,515.0274789680406
1073283,56.31933453183529
1180736,35.2555752458833
1335892,28.56366389984301
1419869,40.20121355992938
1062551,43.06303297131651
1170240,32.303607752409036
1116916,38.596040406904415
1221310,520.6529236471067
1367131,376.597001257067
1434558,142.14990941439734
1260085,18.302061410133962
1426036,19.257768782772413
1427226,70.61377922601959
1322332,159.06095248395033
1133401,103.09728759144356
1291135,244.33793700609644
1041163,176.27498235306084
1386673,173.8831109886958
1474949,78.63936238939905
1176325,165.73500641130926
1432968,199.72955050105082
1220063,20.479655328942215
1039116,148.8279654031489
1189397,84.79967703168936
1345375,40.64833672173752
1118233,29.01253609585611
1250158,49.81958993853732
1465066,38.873738688271885
1304645,243.78214965622982
1237295,235.0101857085385
1487998,151.66475146818615
1481640,349.4956842084211
1317164,171.5356204996575
1304520,100.32410013232953
1492792,29.263117365861678
1374168,50.54332149904737
1088611,37.19165057484634
1439151,256.2494537783583
1195576,504.8230236799892
1483750,237.5672037013203
1062418,95.915738618214
1059894,115.07977868998908
1347832,134.27767130447887
1483614,493.0147662182618
1190208,436.66389275763595
1202850,499.8648084161494
1298775,18.460036171014334
1359223,34.51336474086508
1093737,22.123721229256933
1187473,38.07802344019882
1199424,33.09217741014527
1308216,27.95589595161221
1159875,357.2456506578398
1322431,785.5108323210097
1085341,336.50022904637643
1089204,16.462606968116205
1336904,48.559981049606684
1208448,57.59599639773303
1062961,93.85524781476467
1027373,59.92018362988364
1308725,95.63430877160428
1484976,159.21359217789225
1375569,317.7049766611508
1355980,276.06006303063515
1135504,18.0861277414734
1073318,18.63221186718884
1222266,100.36620447435001
1377152,26.27839137460507
1094996,27.144148439632158
1286897,33.510200811128904
1228388,49.299343104002816
1081769,38.96549343325236
1246239,390.1492462567156
1449224,277.69425923706785
1271981,374.3395369783462
1485637,341.78794256805503
1039889,319.9163557683081
1475390,233.0251363120648
1229473,50.71221211966245
1235986,34.992161172481765
1080282,139.0984707902768
1277521,335.2077257805444
1043169,264.27755314349304
1284152,45.10178967505474
1356966,61.73658148612291
1253476,421.4726152699566
1066603,193.21974927135136
1067839,375.83739824382957
1447666,76.31245279090002
1074218,95.35341751373718
1423664,50.64907560866562
1298065,54.38044927578599
1280070,121.90741459935967
1137944,107.34696402801437
1220571,47.54794644478245
1176816,30.408098614657057
1141693,65.17641956845141
1325594,263.97403732620575
1439857,411.64761719610505
1022986,259.5501055358733
1378610,20.4351434090779
1339820,86.2120387765458
1410872,159.67252955180447
1203499,217.64473252199684
1262302,43.98124587273625
1386974,35.182055937550366
1413707,141.02623014925013
1424985,116.53483992270944
1059461,128.87657472762646
1012027,42.62472052198477
1082700,89.47484830483042
1398879,49.278038986836926
1221540,269.22853854492917
1176220,282.2821249388198
1335217,125.07264937050165
1375145,1161.7744203862787
1232446,546.4465838394592
1219527,393.55445919280345
1092729,63.69606496844098
1050512,75.72168299406002
1184847,66.40479377090783
1120021,539.1355200077312
1233269,568.6146688139597
1279653,763.527814451074
1217530,92.04421409632401
1042152,105.51410518748578
1328139,172.69249228915083
1253767,702.6645197471391
1112072,433.29009072016515
1314712,717.5741504768088
1308254,79.15251999002818
1089466,61.790241437043846
1208353,43.10994582688674
1062487,67.93603700588048
1119057,85.04224248764442
1153580,66.64723052710336
1219740,90.85669773432528
1010045,75.5085966102011
1187793,62.35970428619904
1020875,603.2359388961027
1371692,580.1570399276443
1492646,205.1125749793041
1161652,28.684564602336142
1497911,25.714990181453945
1004232,28.21453519873635
1115848,92.7436318472045
1213692,143.06967038464424
1002479,171.54391924998492
1352791,84.66710615109707
1022048,117.27912088459317
1157925,53.39399464389208
1186515,101.42739549736301
1319069,194.19537676012732
1037754,320.33328699479625
1085711,36.08880010594504
1004153,29.346207179777007
1238303,267.0712693092197
1378441,310.05076748644643
1462001,177.46408859945984
1196539,34.55938659898501
1161308,84.91301618382299
1397871,52.354492752214256
1037885,699.96315884645
1319718,592.8909323568794
1390667,299.78614252971755
1233869,457.3428466025097
1466568,364.2512978794824
1426126,115.10779784816269
1101512,35.262275458926666
1395659,90.9787736859833
1458507,49.66724592886996
1477758,248.47004137187525
1144948,361.00160968556145
1254131,301.0822910163553
1217244,71.300492868621
1406743,75.73736092345641
1324643,56.60398766651214
1324958,453.21805170216913
1424470,214.26054957615014
1092214,402.6736094092398
1344049,56.28612896163438
1412025,35.34827569160293
1413454,52.33159153808036
1031835,176.75865632007924
1422855,113.04490483910088
1086615,45.34181475220886
1323979,35.108808585012206
1043534,39.85572002306286
1050959,314.526025558221
1154217,401.46130196546585
1144372,217.19438807476064
1173361,22.345927262742066
1351470,26.9553315416845
1407648,24.448816028032752
1023444,120.71659559043367
1096870,147.47273902743717
1099632,187.19408003275194
1487270,30.828188221848297
1062966,110.68565273977525
1100362,87.99074181597905
1170010,93.9175421848926
1355770,27.230603566883378
1434827,64.60058121921912
1379557,31.42718757827629
1138409,384.73719006992997
1216607,438.00344499464984
1140632,154.0850730533668
1262649,149.2841154839547
1454285,132.93642598927642
1313597,105.89872305386234
1308392,49.97626878924809
1383499,57.58912769578913
1182008,178.15504029894856
1108691,267.63897832670915
1010460,191.55859145564273
1297433,88.56456064400577
1086204,106.67815069140484
1483482,114.18788910991856
1225876,169.6461245941548
1246650,304.68075768246274
1257911,274.4348159343326
1125328,17.128946270104233
1197754,20.24167528492642
1344086,20.201043373106998
1424511,26.246695864807368
1221607,20.197157296312874
1204510,256.77626921375554
1199994,516.6391538274416
1484697,770.6977302545077
1176447,51.44458871851459
1183783,126.25602125955992
1206185,185.54476824420962
1299729,59.789737585671695
1388295,78.2752877338031
1406361,111.00921031125885
1067321,18.45892446995231
1234400,20.668470857093705
1120564,20.496319200847893
1489262,23.040784974750927
1425117,20.73486496378023
1198791,31.831562130422242
1089505,27.88031844026193
1190103,227.0877112133503
1280026,97.05699676009269
1387983,135.60267940527697
1476535,1572.758177972781
1301842,754.6067682328345
1292390,417.5104625756533
1165522,137.3540713775081
1009702,659.7181841323369
1350701,758.1849801240284
1398262,865.0499436116957
1191829,132.13206388486736
1025776,82.51004836746897
1378503,163.17037336573745
1118621,980.5896264115655
1056163,506.1258532024025
1101710,784.8676851587792
1458214,104.60781551888964
1259675,75.10018433064613
1037655,133.25935393855366
1409671,152.4050192735164
1177882,122.41000247043313
1474866,112.27804450535827
1374584,73.60522047230224
1190669,91.4942612413422
1352572,684.3172515449368
1005746,1058.959661823357
1411245,1318.9027911508483
1238801,53.06290278115209
1115132,141.07919972228987
1060474,199.88643196297005
1228275,218.36328126915873
1434146,155.29245097348422
1200598,202.44094450003783
1441064,88.52602362141451
1141743,119.64679299806133
1302001,206.465225704996
1486369,281.857261713874
1246974,46.89191048489927
1248779,38.366392175034704
1339197,40.95611525592633
1402996,276.19554528168743
1449142,235.31013546671784
1418001,255.14522898379988
1146210,228.29865223750926
1187686,152.87384698516786
1418147,526.274186407964
1485809,450.5356316594675
1043605,205.6748919938145
1080847,1481.755213172687
1398435,613.1874876519203
1371135,480.33837305583984
1043720,62.16866744009064
1025542,132.058221472123
1119951,99.8615211826657
1480585,691.2574993932147
1234168,702.3711877374924
1087004,1012.8509135948646
1442356,98.39892512438782
1083028,122.1023289841504
1321966,171.20433856763634
1098456,792.2523134434864
1063221,576.5709744698316
1440344,757.1396289024701
1154798,57.771658379388946
1131843,64.58346506412855
1024786,58.504835071769236
1018646,92.66452496804209
1161371,69.03626455242721
1048501,102.81576312677711
1023603,54.124732663137905
1319320,46.017080480391996
1141028,624.6226506690306
1473886,1632.0304210182424
1179187,1165.8104375988207
1055877,25.191421701883275
1268268,20.688396224554634
1486257,28.20712676649348
1306275,247.59895291550313
1066926,393.201245765431
1120725,506.2314903801998
1398797,190.99762951080817
1303545,130.6230672521486
1108197,119.35932256221224
1017418,117.12973656700004
1448674,151.64314506916924
1246959,286.1473199802852
1438615,39.43503206219425
1207693,36.90553875819821
1074655,267.6647797190442
1207218,222.72211426697353
1341714,164.1205919501776
1153639,42.82631628589114
1327333,104.563248085574
1110397,104.79864022682081
1079487,544.1905337939542
1321232,369.9420386048014
1340547,323.0260879567015
1419545,684.778423513565
1438700,435.0494973908873
1490626,293.1278138832781
1445257,46.90043293597697
1220195,78.12570065358017
1493330,57.712270644670284
1474661,309.37868911083035
1139300,505.7170004835323
1356975,414.53971424766985
1058569,135.84580861168138
1168881,157.71065643334134
1243006,138.7368188176125
1231562,491.90883759785254
1380398,277.9034573692264
1451076,415.53137116563073
1290880,71.62330044999239
1175047,60.67102610613625
1262231,54.18922429602674
1225233,46.37701881763416
1058055,133.2332842729374
1442612,145.88965494167033
1482028,39.814588985205404
1313959,45.78830907511274
1443246,53.623445778101036
1333880,370.31506416654304
1278260,1062.9359801359478
1111993,1274.227021608092
1423053,24.96189851522655
1156628,32.60512839419874
1412836,21.274115119778326
1060602,115.34864443508292
1045125,154.08669407220955
1471235,172.85001535402444
1187402,44.32694850754128
1301591,42.13276316736469
1016003,130.59827120526572
1081991,46.9800917740766
1277408,183.97919832224005
1207788,33.133373490488914
1245764,89.38484411955103
1317197,83.56437184281681
1040219,491.9196853392634
1173687,486.6612702208646
1296046,175.43414618460878
1436947,326.756186636676
1463455,336.33020505497046
1494714,56.74761966761107
1476851,103.36239907954094
1299966,52.57373132274845
1326395,201.3110921000646
1345683,282.73279681035353
1101904,291.1104650330503
1441260,97.3893838036344
1446201,100.90940378255956
1190997,127.80216229496668
1301304,575.7099173076805
1144863,252.57476446736658
1174088,364.0375841032967
1051272,89.45783986288345
1011891,49.79170723955249
1002603,91.50946103401131
1122401,38.51780172327629
1488449,120.06697139507524
1373162,85.45659273413366
1457528,46.39990015542674
1324129,37.8043476173509
1380755,67.97619571692123
1088344,315.224011235593
1187657,1322.7550733126807
1217625,1076.4712025194335
1010075,19.1885190342838
1366226,23.989638964404467
1318189,20.889703871706235
1023440,165.68394488953822
1440463,221.4384169627896
1236945,235.98761893667117
1025898,37.21251053309834
1364592,28.65460691196284
1255632,27.650843074216308
1015273,44.375218357891875
1319788,45.84896219649058
1077979,111.5210577635754
1008708,36.364588724136574
1366207,107.63295917845522
1068662,65.74546535829911
1401313,465.04096734810565
1053169,503.1198879384722
1031733,186.6340791950317
1039351,2520.3720271696966
1458788,1403.9208666928016
1054832,626.7972057989266
1039434,104.44040641026079
1203731,239.2763683631109
1265885,154.23213799023887
1137245,814.2101930652622
1005108,976.7955251620635
1495360,1721.0602812278858
1008310,84.08521121716561
1247851,100.08531980558811
1123603,226.74684931986786
1190755,1632.3351051362406
1327025,888.0651890992067
1480777,1441.4759380369142
1445154,202.31661404498945
1092272,233.3336810298545
1404661,120.7658349035657
1182532,304.7788321450846
1018735,338.7631480888914
1354339,181.98152124416475
1022252,178.7439421973091
1134200,145.9316075229554
1174768,113.65288617500853
1247585,1116.5542856751647
1158273,1835.43106205971
1388974,2216.197441659717
1203113,69.7893774663307
1307339,72.60372712869574
1283478,50.94461075479718
1260334,428.94960012639945
1159714,563.3100213964246
1240702,602.2747984616356
1046412,218.5699377878382
1416216,212.0361121609766
1399206,187.48473976129526
1191200,172.6069175862853
1350025,262.91820478539086
1182678,488.84091358631395
1303698,87.90032824296277
1269144,98.89086754017345
1057182,92.96637121967584
1358932,979.4943786121295
1479104,515.2477089864533
1143283,389.65651253856146
1178919,91.33875039386675
1264605,296.6012814457889
1451598,193.31533483393554
1351595,652.710346189327
1210385,573.3971800496113
1331672,366.6424393236106
1452835,825.15603705067
1107789,449.33693667190516
1040567,218.43497554650384
1321701,36.93601707617055
1060939,89.65229657703688
1368710,64.42677251112292
1269822,382.24219048053504
1205987,429.83398696344665
1083211,497.22682405860337
1124507,92.95265414104047
1489316,96.38793867745217
1363348,155.2508384183667
1455580,327.582331581495
1292670,256.65907158358397
1253435,402.8758944405479
1064665,36.06748085254669
1421206,54.04440992631062
1305159,59.42417061062177
1492774,55.16153812330754
1234039,43.16742301834409
1338235,457.24083117309584
1024727,831.5636862092248
1310745,1340.6675638723932
1200785,23.739617736214893
1119669,21.540784361035545
1037739,190.2267373496122
1120329,386.67800852526295
1394634,551.8570556746947
1073553,46.6296982466417
1448370,29.97925770201586
1486661,74.41764021738683
1187584,129.81073493143813
1356002,186.80866046388212
1204487,34.36626034703143
1262046,125.41848517920019
1157702,86.13076616526742
1092873,77.89640353221147
1093184,39.211934193522445
1393228,67.74618711778557
1325788,74.18941518382998
1144332,236.58537375829945
1366879,233.6848531172985
1420568,153.3413774686858
1342909,1704.993627173116
1064720,814.4189587159202
1364543,553.1558150805073
1125921,111.90007318018687
1348282,235.56230248221314
1016091,173.67950374520683
1202667,747.9282723799013
1261517,868.5589866017418
1369586,1055.1867336963655
1160121,139.40118019469645
1106959,72.47169254409259
1342441,223.5089880255361
1316821,957.4021443073095
1210130,656.4737792509351
1140643,1004.8483482398251
1135420,93.34461593093265
1492186,110.6395055745148
1249257,69.52177344795454
1429990,117.99861031453739
1116838,169.62126677508863
1117923,108.96107346298596
1330209,126.90215318245329
1038561,109.15531649404271
1478318,100.95504549073375
1024894,736.2972777974218
1392430,1600.8954852209285
1213478,1849.1660922546814
1345224,40.35760922867514
1310051,32.307845818878654
1173186,48.30526062147541
1169576,498.6062122480372
1485377,680.41243723264
1177585,591.411444461671
1345983,124.78008144718146
1099423,129.04037178008093
1221805,113.73631975577713
1441768,152.04363058520772
1395760,225.34151860948288
1313089,345.32051394652444
1390256,42.49462341090401
1248845,43.141521852504795
1156707,44.594904772486586
1310941,340.54831509487406
1115483,366.21125695600955
1028984,228.8070195789556
1450974,79.56992612985475
1463839,229.7578975005141
1464601,190.17293891403327
1169044,579.7178338557221
1384942,502.26137687145075
1265199,274.87148159134546
1378453,315.69230140474656
1093815,245.92609716801664
1174471,101.19662488377422
1450413,37.317588882314055
1181114,100.05818674935065
1289757,55.40120212943263
1330961,224.95115789115343
1141504,316.70459236000744
1448531,204.6616600649342
1459846,72.28116368338725
1305429,96.96579002698888
1397198,93.01373239497248
1301951,442.31932147407394
1208838,212.53603149203556
1237898,351.2627043869266
1261905,83.31325316645089
1360663,36.74474776797798
1144479,58.80299790990068
1167503,37.8206274861211
1044692,87.09493921601991
1031861,70.44292624525885
1335769,22.168149452640073
1187170,39.856997394619555
1181252,46.699567038171345
1368162,298.77383946155487
1415138,847.1516181435873
1193016,990.5182377851443
1084048,18.80223494588361
1207506,19.453513221641956
1469529,119.68277481792728
1036170,177.35510794305674
1210510,196.82695747008015
1482952,35.54330775916617
1472409,47.02490336283903
1281529,29.908729107157214
1487198,46.34485566130502
1315664,66.34410418597686
1118423,63.9340275596107
1434063,334.6396812241154
1263261,372.7967188187104
1082781,161.9221625954335
1100468,286.04265665319025
1253533,216.458471375578
1014561,70.42410421893804
1258934,26.17461600572322
1120103,79.42655651271627
1374185,53.56097973410883
1075306,119.0122253052756
1169426,268.2988057588399
1291261,189.92392901936978
1495363,76.64071563002902
1118413,75.20357507715848
1269378,89.3477015615618
1199865,318.6134768442096
1077412,123.68797344032127
1348536,250.46875781304618
1097133,48.305244597421705
1290655,25.933183693609582
1077679,67.50731553615915
1439494,44.19804806565312
1433619,37.275349725313745
1128880,41.71423845639331
1243985,192.35709316199382
1070941,968.7589536073654
1353172,822.1384023696804
1208514,20.01103193338851
1244188,83.33975102028819
1455534,119.6527763463414
1489659,130.8652582538721
1030078,27.05360111401167
1001197,22.40375177920738
1308794,42.925008754457735
1108362,29.435951782462283
1020645,42.896485452428514
1281325,28.26223033587211
1066967,63.88165962022589
1365889,50.185404149124366
1343311,205.76154229926712
1250260,248.63693672839742
1162339,123.49112644779368
1030648,429.6182090308663
1414470,371.05678835879286
1206235,206.21739479419503
1221682,67.2315581514945
1106393,142.73142493069548
1035721,95.06801612188225
1087871,182.37561488455657
1379891,544.6145994559354
1094102,366.8864194343896
1250170,73.65924037172789
1206421,37.61045439929937
1065768,57.41688817466079
1420866,854.4972393657953
1384303,313.77416747664785
1492503,788.9885208426945
1282002,157.77390768725323
1232383,127.7155054705103
1031538,122.53275961335694
1100491,139.13102774527104
1435819,291.77778267008307
1309581,267.9069549955809
1036796,83.11961343603349
1261157,94.42195715536722
1302794,98.27806490510014
1201394,562.3572378321487
1296504,1245.7721578408773
1499679,539.6293385291026
1451848,51.86824920380217
1458319,37.681184638003636
1407581,54.441837553385696
1179641,121.9361882108977
1096729,179.5159475386269
1320108,203.80365158757485
1297446,46.26670186709126
1370348,42.1964652373145
1348122,40.13192455256381
1297802,243.1701660662735
1484227,151.73152002260434
1288784,224.31782042679237
1371280,81.51632581557466
1083200,272.5581923017076
1085758,162.9984347923235
1265318,509.6317303475642
1429831,447.181936450706
1426244,151.93395171323309
1352817,74.14779570550111
1113019,93.29122349016589
1242607,48.07177134788003
1482963,20.37747095774648
1199864,41.723874804214816
1039188,30.636053219759322
1217775,173.85373340896686
1049172,343.65141332371974
1341158,107.13672197395995
1201589,115.77959714180824
1455472,128.6801100340284
1187456,270.2635280391315
1265839,184.35532885180726
1239656,114.40505146762841
1000718,151.93616031025434
1264561,673.9891547474385
1168002,832.1231585828083
1024017,99.45625131398744
1215404,115.6819648769896
1364881,106.06268159883786
1443887,22.176348300565195
1372842,23.739938705331728
1179491,48.873526960081435
1384763,356.02250103577416
1421944,418.6486866483981
1123531,128.81290078992723
1433764,288.51107283424307
1218844,189.93825472456768
1393553,56.50733336705424
1498558,26.09201181030221
1248411,86.67248771673111
1119891,50.46027791213229
1134540,154.47243814070526
1205802,291.32464388095485
1333839,199.49864783175332
1008228,74.87731023632715
1322554,57.66200097416327
1318647,155.68307628239108
1005046,133.20767540418754
1141626,157.26517248354918
1283654,38.28757255397487
1486308,26.445628236865396
1293396,27.285354961730377
1399766,30.805651819519326
1166085,108.98497899091343
1110338,323.44932015735077
1207811,134.56879965366295
1438086,55.645920490630516
1363283,75.52361285168475
1110918,64.51910513384298
1349592,31.82487427603457
1342523,34.07322674189484
1406013,25.301628469590874
1371746,55.71577383995201
1107668,44.48852784988776
1188873,206.2157373720156
1082167,224.79599371805185
1247782,74.19539105630572
1262997,977.8274590224275
1306516,455.1523123253763
1495174,346.8027858322719
1005749,31.066096714023494
1183147,100.27537389302726
1200860,92.9172341963296
1071899,381.8079820618651
1292844,536.729299771447
1494860,873.4006939791441
1152188,126.74936396995024
1343240,116.79406916501695
1144366,178.56788145263752
1083360,402.79991320610156
1464492,371.72026168755247
1410292,499.5289384147728
1262439,52.87983613813207
1314337,43.00711408581506
1163248,36.69841499222777
1463809,48.159045477240134
1375249,45.26893023999671
1203857,48.225131216963824
1070361,460.89066840981855
1220242,918.9295272518248
1059573,1479.1227044625207
1021833,27.633636203116044
1036457,130.4613049086503
1393518,236.85346735187915
1316397,184.48228897375532
1141482,115.51012075234982
1179973,95.01235653383291
1328615,87.36740025682127
1300805,122.18748399726199
1339840,183.01731122749413
1174462,269.03998716440896
1469796,33.08993504736984
1209362,25.34688585839005
1220175,147.2146111426433
1327688,114.20025529082906
1015470,73.11581386278519
1144435,35.76754627141183
1477507,83.38899346446694
1154235,63.293286279403304
1388700,350.4430195769887
1105982,286.4397412265093
1489328,210.01857821299967
1374002,669.3197832360653
1496261,444.3581020672903
1082037,108.3252697603353
1084054,24.373232641722687
1352895,92.08620565111384
1292821,65.21953999592778
1129168,344.0473454985877
1264719,355.18837361580995
1063433,280.70173030069617
1121476,121.22045385183974
1042807,173.86341077596933
1299296,184.43995079138494
1306922,368.3620672181905
1251960,389.87096064136466
1309172,365.8266667567693
1263027,21.9353703127557
1103179,21.91654131457023
1038455,17.323305019835992
1400057,25.232581890145383
1165697,24.325172301527925
1211628,23.54120263151041
1166812,26.748923660733134
1031818,385.90176789755793
1428085,1370.0178559981366
1393667,1790.6581611136714
1150997,18.553950295025242
1475740,102.81861877873224
1217172,72.72556393482247
1283271,29.347616949647144
1416267,21.632960166664983
1112607,37.51359619302355
1055978,127.50635430519725
1428646,140.5600682084821
1481278,230.7975317682368
1219117,17.319414516620082
1371113,34.83310823680338
1362746,42.19077718562123
1218991,28.369741249898095
1311688,25.009742638660722
1225458,60.451858236994326
1236383,40.985639909622925
1289252,429.6533632817699
1459901,339.8107149338126
1044369,322.072834360474
1351984,299.1623640701862
1495883,244.85747984176746
1015693,89.40679373006262
1166240,82.8908789149667
1210629,76.37055959231567
1294220,140.73641102226503
1131461,287.0619193530356
1309361,209.24899178065976
1320833,43.6913094569105
1473225,43.96180310120752
1394143,41.09307954873934
1071457,486.2633003376282
1379826,247.0427572714694
1318359,495.8392572099006
1100027,87.39751899447639
1034668,73.73862520609714
1373404,59.28120712409964
1061702,65.3753451390589
1293336,110.92994110956352
1095728,165.02381226358875
1262915,56.00009741487583
1295197,44.41047939821563
1435279,66.73712038357976
1464491,296.6033950311532
1222222,1106.3221628224132
1390452,510.61220430309845
1463302,26.460253216363398
1489802,82.62498335421053
1292473,122.45697163473561
1029622,156.44900909907548
1117073,36.150017214903535
1284109,31.96972880872128
1141262,36.38806266328351
1171808,124.76044781012195
1384634,63.445384212506056
1159030,121.75444988769084
1325434,46.59951218898413
1295977,118.88407972303112
1057561,95.75495178505317
1247779,369.19790412509815
1047110,417.56756749893555
1362773,73.28386517442647
1332437,586.0232649970044
1100676,556.5041783754048
1363993,235.65763955283396
1237367,46.04820879644405
1462537,94.4935793198922
1313449,76.52950084966943
1053666,250.7132123175104
1302251,433.38901998072885
1004481,464.077943392217
1334411,123.5156924862977
1191055,99.84903668937103
1220798,143.34435594775613
1394510,612.8560314223396
1336265,275.9928906952479
1451719,494.90797641255733
1068035,126.91378313274491
1224034,107.3971147606653
1115000,56.21817886547155
1444878,150.86136249389725
1149258,171.70321649550195
1342462,49.574720011514884
1433039,42.06151945928243
1374485,47.57219997266426
1359908,450.7028538855444
1372928,1083.7797164615163
1462456,1521.4583930422573
1443654,22.980911939031376
1315946,31.019015787093558
1179239,156.7673515093561
1188742,176.74491010363002
1150146,280.2186882864267
1277261,66.30973436239786
1167783,44.20262306246632
1279968,49.07011460922109
1320507,109.65027940548852
1350935,69.21418072272509
1197052,140.36996704255583
1029579,30.73948266515259
1304742,80.70405556500923
1452669,448.6807736378499
1085737,460.5029970193951
1463122,229.35907645863662
1284072,202.5256757351668
1394210,160.31337066346882
1025091,48.25443591722544
1074887,24.622476480148165
1254262,64.67018423378595
1040334,56.08085108292466
1424569,123.15747064660695
1197276,249.27381890127984
1452472,184.76362441318233
1321401,70.63118185326456
1376468,69.08151140023422
1420185,62.47520937262259
1282937,262.606555846968
1170153,106.40116041648427
1449399,184.89755535482567
1274790,35.080402992574705
1310614,28.31374989655274
1456931,64.99129556530181
1203967,53.03560093604915
1079069,26.93985761118425
1007858,25.5580544634895
1294120,28.241665366049293
1300983,166.03866189807093
1321774,484.8685382867928
1237520,562.3124931364894
1347075,91.70580754757512
1239241,97.82591794191596
1205726,141.3095730861427
1047124,21.161595845628305
1406091,19.78400458274955
1254479,32.420958683586036
1121561,19.88196579202917
1076788,21.429281603502936
1183423,24.70282897818493
1486846,38.432910796703645
1303445,25.80632876785825
1329414,229.42633229080334
1023890,187.852218239458
1406133,82.99732657878354
1397490,1413.5023620500865
1037647,777.6529676804624
1058080,633.0543912684398
1107995,38.70344197848373
1010319,111.54454142487482
1155430,79.20964339753985
1224703,430.5738733758513
1430097,465.17381989897535
1303810,774.4446538676722
1053426,86.70971905960359
1465123,44.48381304484665
1149154,141.31516216806247
1064789,796.4523854648394
1454243,422.1074217922073
1090905,697.567329566985
1338101,111.52886857553665
1039156,99.66580064493957
1260187,174.83044559841574
1052288,164.16055606194385
1107329,127.50402819462505
1399544,99.4702798023901
1131518,61.5698462386787
1006869,64.18880963069206
1206660,562.2531418385141
1365329,1102.1611481152524
1038515,1429.6621332666346
1244162,40.53255126191468
1061266,37.687593451934035
1308370,32.142975418714286
1384720,185.8193728963136
1423011,211.75878159977503
1265394,201.3692775628432
1025300,90.35373586831363
1143644,68.51844876506829
1186542,42.245172765055784
1481273,73.72805198416154
1312485,150.28945281108773
1489678,288.51066991541705
1199112,48.697554814337984
1198571,37.03811165131838
1154629,39.8985018091525
1274070,255.6352341267471
1419037,329.8470202684513
1056666,309.90187799719973
1184809,113.88278894871432
1204098,97.83131244030518
1280965,363.0326300380144
1447792,323.5312239792981
1474459,189.66552677551056
1282200,1033.5819264634645
1475657,550.3062243585449
1156440,297.6793466643608
1223837,61.80279355438748
1202885,101.69661830114141
1468767,76.9001088874154
1420037,588.7035812345955
1319476,641.6874917063764
1042405,856.7341180086354
1053349,213.5634905779822
1399190,167.08424228793524
1110657,222.42816640143246
1387833,496.4092817196162
1160606,434.0567873912676
1046027,581.8467842235772
1103153,57.9848937947181
1146248,46.73614893516335
1107738,61.795615148132484
1091060,36.55339573238552
1262868,35.58353933949065
1193003,56.27357027719481
1197419,43.68778435312056
1438599,562.888347284592
1440086,1160.609842654892
1117913,1829.7362099278037
1184845,21.111858615075427
1049919,20.398472136009946
1086214,25.316813613532197
1135028,77.56517542102144
1397224,132.84320027632776
1339966,101.11589386915088
1054492,74.752793007857
1133931,59.50815584767546
1421630,109.16162268483052
1383028,146.1838464882961
1440261,210.3790775889307
1376712,29.236184636408158
1034224,28.536808328569034
1112506,103.37365806448265
1448418,159.22409089355403
1059635,95.48665264476848
1442140,30.49866888143362
1274893,77.19402977215847
1262942,66.81496971412952
1136179,372.4573236785205
1235413,343.3791327065043
1208129,263.2661754829365
1278537,748.7810977841289
1140630,617.8719775892299
1460544,339.3229461030763
1006600,56.44110424137938
1277872,94.73822293646492
1287757,61.29331337638791
1390650,219.48691025360552
1095975,424.2734931983807
1265478,437.6955682843775
1060287,133.64602176073078
1151563,119.91477707555589
1376692,153.00945997067404
1058455,566.8028618715232
1254165,281.0249622176632
1445429,491.0199711433009
1473216,120.20925316837572
1305395,105.48594987239377
1315539,79.7486499574561
1260242,106.44537048589721
1130316,217.10124256447622
1360630,156.21880873417155
1274220,52.83596132305525
1056176,48.58673809668387
1457940,64.84518991912365
1266782,423.34421386173045
1079927,977.4067457465574
1102476,1212.687947278791
1484172,29.08147160954468
1126975,33.07495015645019
1275435,115.50554258370674
1087733,179.22722883383597
1355898,262.4005705940612
1310322,59.14970818279612
1069567,47.90454514456938
1012130,46.302476871959705
1302873,121.7989271937438
1380215,64.03547262745253
1434488,124.5327796190168
1130479,38.22449413478384
1074570,120.55134105193383
1151684,110.3264741552865
1199038,384.89430368228216
1251345,410.0217517187116
1223304,148.87998241844738
1206767,218.65713630570434
1357362,229.9727160795805
1448800,72.36380851909514
1487007,25.315024702569627
1330119,57.72185658996992
1477226,55.39669857087143
1247256,157.574602670121
1216224,247.30925468186896
1182872,240.19566079152455
1062248,94.73210262042494
1397155,81.50007046890796
1041719,130.1245816959193
1135029,383.68397018051184
1356809,183.33809252484716
1372850,220.80804017454363
1404048,38.02970780960229
1388692,32.064508524875755
1383758,30.65903147573701
1212449,38.28549302213446
1162985,236.9345736355986
1209888,1087.9678012563013
1499174,788.3493898508901
1084107,17.802511692324146
1150878,16.941316237886813
1208872,91.9733415092077
1417793,169.55404982641093
1083362,157.10162546523418
1253958,19.103773746564766
1071747,37.458314100902285
1030032,23.386133186759025
1118685,33.1981866168728
1052944,24.90580350279028
1384559,47.91915207591521
1248568,38.173749318704786
1494935,311.22362064039766
1098084,368.98193876480724
1127415,169.39658799822317
1176365,63.41080261130806
1065907,57.23436201584039
1305254,35.19796485144094
1345747,32.28679124939697
1209410,51.60234166770738
1093858,116.35288141912051
1052783,127.2539129471605
1271480,55.91966346058515
1003753,102.2751454848504
1496674,114.02086840135304
1061568,170.49720284946636
1101584,88.37738528219363
1383497,97.33037781463887
1176978,17.003725494509613
1435029,16.04475357942467
1343650,72.57502127864218
1434359,433.04050489305666
1007900,296.5276979199804
1017579,39.31048237906121
1063688,109.98735330610486
1126370,133.5291107905198
1246771,145.46271026808395
1008773,21.66077512301344
1318618,16.3032933571419
1228888,215.48023720861653
1244298,97.38309867946597
1342952,130.84754717276175
1131807,737.1528993488346
1408017,357.4870183159271
1051889,237.28934813053664
1392162,38.44412260870853
1075826,97.54953228166863
1142469,62.506447965115214
1103064,268.243464316363
1059918,315.188859851144
1072901,503.0082186289076
1353610,48.60099951865405
1195954,44.996657977919924
1391305,72.03991787618084
1326150,386.5835779561623
1275063,186.5577020570609
1222180,378.0573719444529
1192156,50.8056485009441
1113235,49.11529260250313
1309343,37.522279147864865
1297632,57.04802016322335
1155726,97.66522793115429
1297290,58.25096695385652
1419156,53.02454344622647
1116236,35.9399133287241
1062782,43.268880487673464
1333678,288.871769408394
1481991,668.2012384262136
1275436,510.3962111744671
1044455,26.10109562996237
1006565,130.8179234668365
1289303,188.72200529552006
1350978,225.35814287178636
1065002,102.02604936657129
1330381,58.63252677284324
1066756,72.38456387279679
1425889,68.30162498590101
1027637,106.48296497842564
1024593,168.00357401511906
1309569,32.70035248347643
1130481,28.268511481182777
1461497,29.242148871235035
1273574,136.93085323849377
1499564,126.7785443568929
1409226,87.16489170733644
1276415,35.47592549659086
1072191,77.47022482897822
1185549,70.84928660375355
1394977,164.21149419324922
1031757,167.046225362371
1357869,129.26339708043938
1457412,445.57791179323044
1333143,272.4767896251027
1297235,159.75293585047507
1018080,30.431456613370536
1439262,48.32323142363701
1262889,44.44828180062748
1001905,108.14304245554627
1136010,224.0560498472195
1271463,257.33437377636017
1469634,45.20374249085714
1258810,39.40940475797565
1345259,66.3657747544832
1004246,387.4551381790871
1114751,223.96013157644185
1109347,368.80944120469775
1008772,135.5780176608467
1016691,133.4856596487165
1365501,91.5062597758593
1291288,146.26998319048045
1112058,147.42109907876716
1469210,42.99962615386551
1181698,36.019825255049945
1231344,49.86114473227063
1387977,374.7217038644179
1034867,872.2034888147796
1276338,730.3629908048497
1322128,19.56493966357479
1289484,20.58868592839226
1007731,78.93025174980802
1088564,130.0995412146894
1427862,158.7343119369982
1170554,40.24314588861872
1172262,42.37503543088587
1341146,117.21692475815352
1357235,84.40400661408559
1088765,153.8162756518444
1188175,35.392962928329744
1203176,81.06077244676263
1049616,47.94789569838383
1309039,262.7297599450329
1145033,202.3496922365925
1286575,77.43002186289382
1101049,1842.457034385585
1137275,1034.6861826833417
1253464,753.9926411913218
1012371,72.69836532300305
1205708,193.17456779015092
1140483,140.83375147092414
1198884,697.5614031100492
1493378,756.5537698228261
1199993,885.9749235321258
1043523,94.30272922922295
1258021,83.78226942983629
1311206,194.52417996238566
1167724,1140.4521997161225
1169375,536.3373629134603
1108160,933.5597892660861
1430956,96.33935837089827
1256536,73.34420387985676
1387281,54.26195770298767
1466943,85.56617981732836
1414650,165.1668817800209
1224371,122.8287075792339
1112793,86.82394276653675
1289127,109.94543059707324
1126069,67.3183226836019
1087935,715.2465036306616
1443408,1781.174705022808
1429992,2002.727576926037
1085191,34.74405872697942
1417469,32.874328485063316
1137795,42.320318817642914
1398189,447.4629252177889
1283686,596.121327872237
1371464,518.778436655
1230167,140.34872192508982
1364248,141.66785377382072
1266392,103.9785529881003
1038730,90.88391760439235
1212416,146.81106944826718
1103878,320.6569477669555
1157948,36.77553046323192
1314522,35.41694636070932
1164578,326.60849729404845
1025278,380.21133724705624
1078493,200.63496593969688
1029300,56.3204732384441
1410995,156.78649814315622
1404963,133.17550940680954
1334883,405.72046852714305
1230293,374.0651596529109
1115318,241.64010414591925
1042427,102.5713347998386
1454164,128.43394809725368
1470573,48.57106253518695
1058785,28.00302739441603
1376825,121.37191239025276
1191397,79.80524392160602
1247051,137.20724931176755
1074540,256.8659543994985
1497803,108.71097473701776
1287425,67.48035047572232
1328270,64.04300626172974
1407720,336.3868137458072
1240373,189.11610634676458
1494455,162.5390833549264
1442368,21.35453411812706
1194849,56.51068443290706
1306896,34.49610120082545
1435035,34.100864118124996
1253592,141.75323541495823
1467682,1112.4674529994088
1461002,1233.995811463384
1001071,17.094050046154724
1191882,109.6261750672416
1140533,121.09448592344755
1049153,109.83238840740404
1389125,18.201339438795923
1498335,28.6531406722445
1336000,141.75107269189667
1345691,108.64992254063472
1337050,495.2126847676065
1263782,513.2541311259207
1192897,180.78446949943387
1299041,795.4972176276324
1417850,527.9772367677738
1024790,333.79016272768916
1008262,36.41876235201188
1089695,82.98331961068847
1234248,57.994658754197104
1363682,486.8299667148628
1321672,466.57657682999314
1035076,624.8315798175245
1060282,104.39156643233183
1361643,96.23785530492806
1125678,142.55794134704172
1407888,570.5576636206433
1032563,269.59296555160046
1189256,411.28747065593467
1058487,36.484560650898906
1413625,29.631881446824302
1121861,42.704043932366595
1105792,64.44145701772888
1239970,52.770863341594755
1078132,52.99747611778787
1028314,29.815675056458392
1461331,44.48408646770199
1203766,429.69183041209016
1314812,1148.2011628939033
1252214,1669.5311738767832
1199487,20.603032567421707
1213487,19.28229124592656
1149554,300.3347329228878
1201667,399.2934189349135
1459985,184.88440711057132
1477962,48.51590121108005
1201705,52.98820343373898
1249240,88.96452286306068
1122608,113.61456132174214
1440426,251.33658619461562
1357820,33.84247931924872
1038196,28.49637890852856
1230790,27.067521835344806
1211763,151.19257189434612
1011484,60.39193396023843
1323864,71.52566040012289
1139498,30.24295951118192
1344156,77.02126190932215
1443200,59.98700473701645
1189549,371.78499078806226
1397910,337.68165127333333
1317736,238.23528723960524
1129005,976.6910577762696
1306963,467.30228720228496
1471178,258.8829542415185
1431233,39.71538028030912
1228415,90.8061682784002
1399725,69.98722052698953
1182211,395.7514851013836
1441899,449.03711463732907
1470893,736.2226598280182
1139622,46.41023460006848
1381705,68.44987213911264
1214183,117.20607693446523
1273495,583.7793539851756
1101109,259.2742452990133
1120199,594.0970941842664
1050202,90.58817757302207
1334262,115.01448983938185
1337479,60.88391100860917
1219468,141.03680045118938
1310240,164.44675248295877
1277278,71.03261423324878
1489750,39.5374938711481
1096922,51.50227734698166
1476289,505.9310436491569
1115161,998.380251147798
1178631,796.7287895040405
1245261,25.096484108816338
1372965,33.290747930384285
1476812,21.53452088488659
1496202,131.11692969007916
1048870,244.80265039529533
1263662,226.55550611811444
1238350,118.64761700281538
1472696,148.1964752598691
1258031,82.35615828022434
1050351,82.7101045454104
1459998,135.31455919187968
1490420,266.8823993887011
1000662,53.79437525520007
1044419,41.80431808283463
1460063,48.733266003975565
1343340,265.3753953536449
1374733,233.48878471507152
1370257,166.33390484641035
1455780,39.47680297888793
1140702,77.12116758584176
1363403,65.05811850348218
1310434,333.2766078475978
1364335,284.4466026293854
1114519,177.12926943186721
1305350,77.47174760142028
1245069,69.18833579778952
1474430,36.93337700339258
1093750,28.535361037428792
1435861,46.252065238472454
1239312,147.20790160054094
1184336,55.29005809196997
1454523,90.6925703073849
1098373,126.66741787215932
1495203,82.45842231132082
1052953,279.90128038789044
1009513,162.3267143096574
1368308,182.90616283358924
1498669,16.660731542567454
1466142,22.545354533200737
1256813,23.497497031142302
1042183,27.497664620704622
1464999,24.11254629781217
1143694,101.3159134423867
1430870,1359.4412128485149
1122208,1093.325966568863
1462550,15.99055713323273
1032173,17.273409241684586
1092013,127.43807794095599
1079926,139.9328720141371
1038256,125.38181425367111
1343897,19.517933852680574
1004313,92.04534520677248
1338299,52.10005784674159
1091600,348.74689812679503
1475065,367.28533994968967
1360361,170.07471815455423
1414079,500.30950814692716
1325899,352.36828988198164
1059508,196.32042799323094
1053029,59.39690006559015
1132261,143.72015924637952
1079197,126.14808636778795
1273647,230.83334335945716
1285990,556.3147771562171
1453805,448.35822471968794
1228708,74.17616997376416
1477933,102.0848231523027
1140274,94.81671067749043
1050739,786.7479405289467
1127728,323.4850957135499
1403459,698.384753406298
1283055,162.66625590056756
1112729,106.51233653665035
1380847,114.60628622056885
1165664,244.41691729441973
1060176,235.3413113276418
1377609,87.12265095665303
1343878,92.06024164227786
1115844,114.24887590500295
1053494,447.6827282293074
1173486,839.4565304518652
1250468,837.2038046415337
1286426,34.37688974386258
1423088,35.42157424112941
1209561,41.483723104942406
1159489,124.19673569591461
1358267,227.16054094110189
1446470,261.4157464616139
1140775,65.04042223990815
1174433,46.24740925284041
1449283,41.475431316962485
1301983,178.39377843650732
1038551,146.71070917349607
1142609,294.61886993807326
1121544,62.96225638291384
1217322,186.1764610724561
1174114,160.28664668374574
1116883,472.93951126961616
1015942,454.2808078756176
1122590,130.961088484328
1474493,294.66183004236086
1196897,303.4486900280202
1233988,64.43488599106372
1249222,22.212100314283607
1031203,63.21272781114439
1384396,49.622100513048736
1449924,240.2619239791196
1023315,466.71096212413295
1456955,300.1376704600926
1364616,124.20562373973974
1477907,143.08162579029997
1070194,136.14037748574893
1278780,288.5682070638111
1061803,257.2289132394935
1491984,180.85981125606446
1093579,38.239912376383714
1320120,43.99190593965214
1050143,65.63842357446353
1135844,29.830239601976885
1170667,35.81273210128564
1421320,263.39465356211036
1382855,591.1566134845604
1052474,452.91356433198104
1168245,16.971571589096655
1358202,17.851623821358164
1347403,75.74423880618693
1423262,150.5726244132896
1490941,104.71989871342224
1045104,20.95076134655275
1180967,35.04043586070694
1169272,30.40230049726807
1417264,42.73478660389312
1122155,20.28807619603183
1421522,55.18540576604972
1343543,352.4655319084766
1127755,452.1684267817757
1286519,128.01311723662775
1159100,1500.3318997440945
1257945,724.294672532792
1226115,226.5199862767589
1430521,44.583291875738865
1376221,98.07656769883216
1496715,80.38203135545795
1169115,586.3724086895877
1176448,662.3706290570815
1463004,929.5445093838705
1250962,146.30130199548523
1295333,104.70117654263721
1178409,194.4295125939179
1012909,763.3976687457002
1338022,382.1723251296977
1366789,749.905720275674
1373833,63.41377105669291
1381332,48.77524154371958
1243588,53.466074072418245
1346625,66.16241859876435
1220323,52.606971950776234
1370150,69.12607579078433
1425569,50.587311289232574
1035374,56.86929121485499
1394503,573.2157370450972
1058305,1098.4733935003624
1344498,1355.311373348437
1141007,23.863377471030937
1473646,24.563328618059955
1487690,83.44144729438759
1450648,78.77455523873785
1205027,134.06012343818003
1476902,268.2602444673192
1165718,332.1797114896931
1378218,193.2700455234873
1078304,118.40608407977415
1089355,224.16763580896122
1297171,259.3392351481088
1312686,38.66067391734131
1325197,29.918215040791576
1481530,26.18143921075646
1284608,159.9373224917155
1463475,141.0016135388438
1315063,73.50347843678851
1059185,40.85278902261366
1374100,101.77768913859705
1042049,91.34506363479612
1387016,354.2104921141248
1280720,315.95316851429186
1297322,172.04180397220432
1173983,491.3382705812907
1109530,240.95288599288986
1210247,51.39630362016683
1376906,46.85368324073656
1454933,85.39288881844355
1258714,76.30116425947543
1442196,149.53111180539747
1149208,428.0406723280727
1109561,252.40088346213733
1086120,77.81902181131476
1395010,73.1953039396911
1199426,95.01491670108976
1102777,362.805405413864
1457723,242.67617960269672
1481022,319.98003912566594
1022584,100.60158936792728
1117071,66.62726581029844
1444390,66.54358956576152
1136802,108.5161938243349
1160158,111.52350586954732
1389988,50.65301541367526
1380922,41.17521289603656
1117887,217.5668962989764
1237251,882.5350276018563
1062656,1144.888732700438
1187507,19.928829103794573
1118587,20.085600822754653
1016028,119.40104393557904
1324267,142.16342514660454
1272876,184.08067002931693
1462161,28.517432037966586
1374036,22.857370506011144
1415631,53.41238054019645
1205040,36.46011480773979
1496216,27.601110572113253
1402048,70.55309343370965
1364233,51.23118762619984
1439116,302.84211033501276
1312641,297.0920632553958
1315279,150.25757444272296
1145134,687.6697751503295
1342622,403.84008290056204
1198108,176.46491768888293
1077816,27.167060721399636
1036232,48.65276219629366
1311646,33.20586323386861
1286961,184.08577674994095
1028838,279.69672795056726
1247743,350.04063593717854
1425258,96.58232124994898
1006454,79.02490008219505
1384974,125.9893036961431
1486614,440.42312742906756
1399973,191.4443541644955
1385096,267.3220461247987
1060853,76.48128274955445
1040838,41.47885440375222
1109072,39.46997423652833
1460672,34.08940870263195
1334969,111.33299609341796
1049364,84.32088105395466
1087717,39.8457056488456
1325920,31.05180405224651
1039447,42.96190917838809
1186967,369.7928520204672
1110292,770.245405127552
1036751,935.4228179913756
1236541,116.32908972341416
1275664,140.4510165396207
1209721,193.55824791652404
1162125,43.14265759346145
1263378,30.68378865805644
1199188,92.83665049899673
1488174,34.98147122523515
1070083,61.26227755904911
1132304,26.628032463287706
1167345,77.67470891401065
1012255,33.39198052898338
1032662,346.77682647793836
1033908,379.73029914124584
1291511,154.63287299269817
1027186,424.53642152771823
1040688,248.60441340676329
1315683,87.95595558460435
1330397,44.138354308472856
1264948,75.7629260159917
1159897,47.38525177015922
1059351,226.0934597808725
1239762,496.8532495295435
1447229,252.2196508190644
1151744,146.84375143989715
1216716,156.18741106882575
1312133,111.57956726596065
1118832,379.2110089617456
1252149,159.28137560551812
1094537,316.93004089558775
1447416,28.770676254719568
1127043,63.330881594051604
1164344,48.41853774275063
1370338,33.0869681749069
1421244,33.4197727608448
1093990,41.848628897074356
1497414,205.15779257970385
1210832,878.5049840620339
1344468,601.4559264947376
1404146,23.768049830470602
1103781,21.07721326746171
1294600,71.52987610953417
1215402,105.06191369338033
1043840,64.48706715016539
1116803,27.849763715826423
1090469,22.587833485308927
1017399,86.1729621756578
1248806,47.72520086823771
1131581,99.69706180077175
1060388,29.015680991139075
1003796,60.88823212698573
1363790,43.625904588307264
1408249,261.0738619103197
1029511,348.54206817557224
1110232,66.12846446785343
1281521,591.1389903769461
1083761,365.2869073222288
1368949,194.03720164589174
1161399,45.19394414402797
1471054,70.46107239742169
1029539,45.00092271174705
1423689,176.95876489902724
1039864,303.3154741447679
1026413,316.55174507953245
1044730,85.82065252617981
1014000,68.69557783528859
1062258,74.56666028764114
1234509,309.38272090420935
1236978,165.60110670171818
1487673,281.2188940355564
1371786,70.06648340499535
1110617,49.54142233957105
1343708,45.247080972206724
1433116,29.325657661304124
1308546,100.52262428720287
1329651,88.77429146894657
1379435,32.76180901492488
1145893,28.651057188799435
1369946,41.991866037133
1056828,212.61609452093558
1093949,649.9656855732744
1394115,921.1327687452998
1056092,22.009481057223006
1340133,21.432658665621414
1459830,70.40310327149473
1153248,91.97088116339754
1460813,118.56037993000258
1044801,26.025132450616574
1136984,61.36163127015408
1257636,42.93022472384106
1433830,94.96057633277705
1266400,27.205193110572747
1412306,73.60079252832271
1001630,40.45189336602714
1438073,255.6810013651404
1193535,228.46514100680912
1049161,97.50517959954732
1113088,656.1175581500131
1473044,396.69456003157484
1022104,239.17334377311576
1191423,30.97653430633832
1329211,89.09399370184204
1290034,78.15840451539464
1395289,290.2224873957687
1103569,315.3120534489807
1097299,428.25585622030644
1283783,116.02982191290664
1270643,133.0330926477815
1077145,179.12526431758513
1340515,281.05956087743147
1003274,227.09723198825637
1441788,294.5789096622095
1000409,25.943822887282536
1329787,32.89013315083163
1298237,31.343925898439537
1190800,28.96586991698073
1456232,32.980914222955825
1484891,325.3678365293209
1031253,604.9379725992326
1010839,1000.7435065965278
1024581,18.140282060549264
1041176,19.542070605365044
1148161,18.26303931331602
1350810,107.18635776091769
1201815,195.8988619857899
1434822,50.40708237457215
1149326,44.778913164521974
1036321,62.391660489272454
1310991,59.17930475719586
1221524,103.62078793411095
1133330,122.14953100774238
1420669,21.00462869978342
1255934,127.81045144067741
1013345,59.27241342551796
1468382,31.867265014036484
1145754,56.432299138062405
1296525,37.78303111217695
1312320,170.10054099804205
1287128,175.45284479569384
1042549,152.10032330840735
1301321,534.9976252410332
1094909,343.60462191853054
1155168,201.80772789713046
1396268,26.912251560618657
1124007,63.13780957881508
1221654,58.23288522720627
1034052,250.58578547943054
1167273,350.4981470572384
1056567,433.21985667378704
1318214,73.58637845587062
1071404,72.8124070161031
1190919,127.36992885787762
1125207,313.8603281621639
1239109,227.5511814289224
1366465,328.0849633048718
1327054,43.78745937336029
1413660,39.44202780616759
1389070,66.73060603305768
1152849,42.52235133570451
1429343,46.803407860445525
1433370,32.370027142159124
1015651,38.74289057845553
1158903,245.36185311617564
1456903,399.6044124028477
1400224,516.9951943124022
1417054,19.215677642234272
1172631,21.557841626823244
1111819,20.990730868271452
1302703,139.3583601853714
1300752,241.95350760944376
1294900,154.44279361182785
1319818,47.08722958283967
1183251,43.34221069337128
1119599,62.88642912952277
1492080,95.63249950621147
1163294,152.49597688623075
1014711,26.11524194157841
1244747,25.343051831387296
1061707,132.7491495561967
1493848,83.45140229921361
1230234,58.41484069010154
1203418,29.874761336039356
1485817,61.80756515886031
1143509,261.61106316176205
1091408,149.17858213151112
1138077,80.56891293805904
1311411,488.2841555331655
1295313,304.40541699485607
1183342,179.95188150611776
1491036,40.579799029728875
1295983,111.94355239344222
1331317,64.59936733696782
1324969,243.1137985517991
1103729,401.0075228573454
1055560,431.8293893314841
1363126,60.862979862574
1337290,93.93155626495823
1325872,83.46781744053516
1049470,520.2487216165415
1012992,355.82218227532763
1044579,485.8788449886687
1200607,44.36617192780121
1401512,38.114395732895055
1440033,68.3114917999843
1125481,59.15289837940611
1016837,54.34663630692329
1436547,68.88598170124452
1473669,40.624201436016044
1126786,48.00221147897436
1271366,249.60688321509272
1465667,1153.6192289573764
1056305,1162.9376627271524
1047663,19.849685614455655
1294079,24.37092693838687
1377246,130.57892799301186
1363975,178.92984449570912
1232131,160.4561868463517
1460621,86.79556756067272
1157067,49.220435644509784
1245780,57.23815257077228
1058708,72.71240918289304
1307097,116.6415573854795
1062037,158.21919891155397
1490720,27.365097431678144
1395873,24.070424496492965
1170057,71.04699809610112
1258413,103.99954881233457
1361970,71.19631027655
1072658,43.818423652425416
1048034,99.9849851758932
1461040,79.04632559041596
1485183,372.0263453838704
1223342,296.067004758234
1480807,175.34589217671444
1371494,141.72327415562145
1103790,146.29687932780394
1016615,53.67150928531543
1272610,35.136841029386275
1467769,56.34850277126368
1078797,45.33168426066899
1274462,144.01906841789298
1252119,207.45044746833508
1472378,128.66429427261576
1372362,59.75347991679126
1496832,84.42470290746736
1224855,80.67987498199358
1159741,284.99351947369075
1477503,166.00746522956138
1288873,125.35897196198631
1433395,23.46856223867512
1065649,24.806422976534627
1411840,23.056510100367518
1087160,24.907496858283316
1074147,128.6178602934154
1090440,1156.1133186368004
1394833,684.0427429327206
1392268,76.44881483580751
1385412,101.01806364647702
1066080,94.74097683682689
1351946,20.383890131462536
1160992,61.66769896405699
1448499,50.71113253723689
1460215,448.44731999015204
1269050,534.8176623633302
1040647,161.95644319104593
1387886,381.24470822569134
1364865,270.39087006455964
1018974,126.83036135555565
1278003,43.87864421647878
1452327,99.41362307472556
1497155,161.8428466989977
1224475,167.9389974323485
1260226,30.007220593784965
1059327,29.94122012963721
1393536,50.224264105824105
1171318,315.32051181977226
1232647,136.34395781366857
1163568,307.73642347443024
1244463,73.65999303603488
1211183,39.72444842583601
1135295,60.664141476523625
1346678,131.65792915074454
1348987,118.2952867225757
1410509,26.810244055165217
1233091,40.40684022264045
1090616,243.34401611731317
1071801,511.6170888415751
1401641,407.0376929996614
1116388,19.30291671403509
1309103,50.05518597718439
1491166,63.605825383836944
1030588,103.56985399875865
1025159,32.43821632025971
1232718,24.210324550577702
1018868,28.683616884852032
1210049,102.66579938277647
1253684,50.429489597696524
1182135,103.13021090949658
1298742,27.78273439398963
1227002,64.40362754683188
1268785,48.46297095011593
1022714,171.20577921192321
1275470,157.51555084318105
1097202,58.72454923037862
1493366,406.2981557715337
1331057,455.0378639775033
1182877,221.05447629309262
1076949,41.073721522974616
1462250,110.2397450712587
1211529,64.16853951658999
1445903,222.37006661334507
1329450,360.12869906411714
1230201,329.0515308721759
1470087,88.34231700044528
1446867,71.54251625973589
1319291,114.52281472745653
1143124,415.1056105664424
1101383,210.69545879285175
1123524,326.0621441844062
1271587,59.92728641242645
1148781,51.94045338308226
1301245,43.849229021345636
1168313,84.97624325706401
1435780,65.33128090547844
1012281,45.214219475057526
1098155,62.06348591522034
1360008,290.79711666919457
1452904,824.9570095093633
1030802,854.4166747525679
1106987,24.718320955153644
1151987,24.252595884899247
1134647,92.21956578990367
1475968,130.72139694206038
1338863,161.53640977287458
1378609,30.64778778304108
1039161,26.041816518848766
1011680,88.48273641491721
1298077,41.37970764862619
1295274,95.19841334902316
1309793,42.40136583221639
1052527,114.90094829684688
1109588,85.00228831161375
1336905,307.8652928635853
1468878,329.769741700039
1138443,157.60456882053128
1275484,182.75611064876009
1332387,197.44050554717924
1448406,36.69348250966459
1131551,71.31811173227614
1218247,61.84450153561145
1476030,227.20734027843818
1068090,401.9942718582753
1185173,209.63705712077427
1366617,102.73735166569777
1198378,133.9627037776335
1182059,110.8369986356547
1118081,288.7020558971103
1325683,171.3927109849926
1130102,198.74307421315896
1491257,33.25314219886757
1382126,31.286264034457446
1191748,32.53599102749423
1466660,28.423737587059108
1390106,141.19662646332023
1244449,1258.9720945900622
1111218,795.3500998507338
1389557,16.63953789931175
1350375,18.51538389099604
1186359,80.69255027219586
1213899,113.62859430263875
1439257,74.37828574933215
1091234,19.693672812956816
1011775,20.813621848184617
1378332,25.83132774066684
1091493,47.37436709369333
1104216,39.72915594287619
1181809,324.9142518752641
1379054,345.1195121570883
1340178,142.95623500929662
1177611,277.5228282018973
1296989,239.93614511577394
1434024,69.23069342666831
1240097,34.28840552480085
1195124,75.77102359399255
1310902,154.5196968446045
1376592,216.13390217714067
1266339,144.47985037350423
1300685,75.63814199146755
1168138,70.86776859272936
1216142,99.79954320554904
1145836,504.69516685416545
1255684,174.84814934642674
1137477,270.88107006121606
1120804,25.265259952872505
1423024,54.270550894897255
1438719,45.44142152715393
1185056,33.3561347497025
1026874,57.93708670599879
1000239,136.97941533990448
1018451,890.4334600892466
1438212,1073.488457750479
1111309,19.910801251115473
1036368,22.76066643973458
1232302,21.442255452626284
1203845,127.43573832520255
1250127,157.45088700627315
1168534,158.65344093214833
1463718,33.598251026908585
1129628,30.640898430431598
1152567,101.4031728542537
1308024,47.98338150215938
1075107,43.776773108951524
1022331,123.82462573996484
1446941,106.36786223001654
1209021,311.9954426297813
1189249,487.87585928668074
1443158,141.79915418202998
1009004,544.6984973922156
1374089,417.2733812847586
1079607,256.5573577557146
1329352,61.53100140435284
1280562,84.07206158605086
1103749,75.64313841306719
1066165,248.14124112791333
1081755,303.8429243405472
1230372,343.05488618589317
1266770,65.60364100478375
1443525,96.37526127120917
1387877,95.8018392077921
1373382,443.42752817579327
1150804,226.49471304944143
1079093,408.18497103223245
1035507,87.58435467093847
1277459,50.13581343340806
1251663,91.27407918562628
1223245,155.90967497468225
1385359,149.62690035926838
1309145,48.880301275783516
1407808,52.78228592784949
1196459,301.6168110792111
1083320,683.8040247936883
1185822,966.2823318145486
1273643,22.826717625351396
1258195,32.65637670757979
1431428,76.98973121315186
1409973,88.72956414910814
1249625,166.44760639653217
1355820,41.818674668659014
1234209,36.34059928570263
1139349,37.93712769028795
1008936,176.84957981888564
1066283,159.44271017900243
1170430,301.09194460573434
1232936,29.604922541918437
1080677,72.49162498885659
1021800,52.2054809152053
1123137,354.0565892970425
1411806,361.2948408298727
1328104,118.33146421368038
1318582,1094.658908606997
1460235,631.858735745011
1313982,375.9336299969102
1202724,45.27251396896825
1366938,133.86897930878695
1181409,117.06752308432694
1230032,592.4144871330021
1122286,530.4057721531758
1493246,841.3599625039277
1482713,123.61447735346604
1154157,158.1987443825674
1365677,253.79259473877758
1136265,571.1008763823476
1229533,480.9952334070497
1305186,636.4563110792197
1159457,38.39467164915735
1118236,51.54900488406102
1280982,64.9871613012139
1212852,71.01265247249833
1215713,44.082748575231584
1350519,50.33300979656604
1403497,580.19985706224
1140321,1246.2143389290914
1446737,1647.9796109352149
1106173,18.96980625503455
1481387,24.580608399885694
1065238,322.7073537640457
1183033,396.65754029792674
1229149,527.15055238249
1097281,70.78903357107353
1356234,60.44774685493118
1471059,52.100603531650215
1383245,116.39414812999222
1378355,149.59105738545094
1363066,251.93573285231312
1165483,36.69653446344304
1081138,30.336195288752393
1466102,33.238725625535324
1497165,178.8112001969034
1079199,106.69085465972414
1422221,78.59403923916219
1169305,31.40875927577273
1468137,85.59683861336255
1407007,67.21218196435572
1454261,479.8742697568111
1294443,279.4764130429661
1440024,303.9285708581526
1180058,343.70160316189305
1419811,308.5773380218985
1486660,149.2787286893546
1465689,23.196239472546836
1136864,56.68577759615565
1006792,46.47684971750374
1050241,241.52929863502754
1200761,254.08362164748021
1090212,234.44385247757083
1310650,41.097786205930305
1382624,51.41811972691369
1155781,56.661131028417685
1247682,300.5228420213587
1304450,177.10850676553608
1196458,293.1973368488456
1157252,65.24761170151785
1299746,72.38489979391792
1336037,44.538189790211014
1122743,72.408600300547
1445716,188.7382335514705
1338896,204.39338274795958
1272933,42.59167794124267
1455058,29.062596198012734
1004938,40.18569225616193
1336737,211.79310531047292
1453619,548.2719405861168
1453388,796.5468542641431
1415166,20.980561185779294
1095178,31.374268321908083
1185761,23.026069750295385
1065427,68.88713376900341
1158519,83.39589860967547
1454709,136.51201471191564
1244297,27.290327766192377
1421956,132.1787010552471
1444887,64.64851691996554
1393415,115.7547732424191
1188398,30.34437561394507
1349856,77.02353081698129
1275306,60.057845921780306
1181771,221.59207846026055
1473546,193.78544489240394
1220699,83.48365327054776
1163835,212.3728823962646
1077197,155.39199628140958
1078943,59.38307077107599
1141699,57.93767860549234
1431365,119.35887484886356
1323704,81.54520435331865
1144725,313.701733964621
1251827,509.9335572997649
1035762,220.1293415306899
1120903,64.80894938777682
1137816,79.85999365988268
1051613,86.88957072344012
1067751,480.22858311308454
1252232,230.63097442109634
1237824,264.2979066344753
1281696,21.148476532796128
1458838,23.652976722522663
1196617,42.871294361996405
1202967,37.22189168588049
1486074,33.88960410932835
1109827,49.000291579093926
1148446,198.54589394543055
1089612,1497.614777661986
1091853,866.8228174506097
1474470,18.057211629428686
1161356,18.907249484355305
1182360,140.99790664133107
1144385,140.24295989133572
1300003,176.65777964946793
1025058,18.31611933057839
1267543,28.10950100326206
1064112,40.12433146161802
1429670,36.50899389521675
1234570,154.99248212060147
1208998,107.32011687264797
1168162,528.385870562074
1272298,601.9249045713038
1306135,288.53621026150637
1224760,393.35282006553797
1178379,428.3220127120978
1001682,243.38025862108006
1226758,43.81036562215638
1156896,101.14134897903041
1409965,66.17569096895866
1085877,316.36686789056114
1435973,525.8175390932178
1420872,390.83813616556114
1357911,200.12327164993712
1381530,132.20188390402055
1244720,166.8836593127562
1408421,396.862753428291
1030388,290.68800138399126
1142936,378.99921694318516
1029029,59.88125167743913
1241621,114.99333900836082
1108100,90.1280315748297
1341505,55.3573968986325
1146546,39.36607860539409
1228717,61.22959415380409
1300602,310.00374396595527
1412835,802.4471635366506
1035112,1113.1091922811881
1482787,22.4843438056618
1260742,26.155821334088554
1150221,107.27050406831276
1233965,180.40999697836065
1001960,167.03908053884254
1232649,38.5679604699067
1438231,29.306715131029307
1214818,72.0017267130493
1293933,57.76644495679503
1338782,120.72013932016431
1245831,25.382688165204154
1113366,83.00945841681897
1064876,70.47996240509273
1393509,388.0015986408909
1351558,457.04778907606925
1294647,123.99839840304874
1138065,539.3807573213771
1217089,341.8155403535294
1298211,217.49743401999066
1270301,31.507526861154155
1233935,87.88511164037388
1402841,70.00959147433547
1167747,283.3087795621965
1472216,279.9075851200383
1081681,418.3815454544166
1373773,48.023151146077005
1254793,78.37412684942448
1200397,326.2062014699228
1057243,206.26144244646997
1004840,281.16214421461865
1369700,28.374329560486206
1447326,21.70360098047779
1205205,57.52191266928364
1320421,54.530697815071484
1248311,35.31467271387648
1221841,37.10255561502061
1207153,29.28603202563476
1078593,31.116358405280913
1258579,233.6398070571868
1271523,557.1484491664686
1430507,482.27966025969306
1172071,19.432509606289546
1366224,21.433211944990326
1326194,18.37425209305819
1321713,132.10883517013465
1146830,132.43609307769051
1183728,114.63614405087517
1241401,45.75554722231274
1105062,55.13530468640784
1365486,50.76912973889539
1405527,57.78532992031632
1196339,124.4298531187158
1124619,24.662171959199714
1371814,20.41251614367842
1178892,81.13551780804869
1384956,80.16196916257894
1287737,60.68942152484694
1442657,27.126032139543316
1459362,66.6296886744184
1453914,50.2160554852203
1198977,231.30558132055052
1206990,161.17505324500655
1013394,144.62039654318068
1012461,716.9211126787537
1355967,496.8230017132925
1401298,322.0540263544558
1279289,22.213286308608456
1150568,79.2766987708241
1054094,81.18797537844361
1229774,389.67933708912045
1022036,443.7872196938721
1364365,520.4342745150891
1076235,182.709800508377
1143542,147.50015232686545
1019852,158.84013637120395
1082297,406.36146534976405
1272303,361.36455235866634
1033177,462.9462839719784
1243977,36.89887124384451
1145076,33.37391497761698
1235244,33.83534873706368
1314294,29.657178912469924
1365195,40.89349380808502
1229625,32.308850232028725
1448117,34.017459266650214
1178515,536.7519837918162
1432714,1135.766230562881
1118544,1567.4601066142695
1416590,17.68445257155397
1384503,21.862859918456735
1245702,124.2160295311392
1442280,65.8620710971126
1367431,69.48832697532737
1236347,68.36228313118048
1078323,112.03660164132549
1148984,174.77819466598163
1343302,226.63814629798173
1414288,21.34925267007403
1377256,17.77861258389007
1364788,39.59618008654721
1309897,57.407587809496775
1142412,30.040924428255384
1226780,40.21049416696365
1213361,28.108211033881073
1002890,341.64802802991596
1086028,245.24288816059718
1333390,272.16660668525634
1327142,1712.7900893173091
1393728,866.6572419846938
1189658,518.6818087617736
1205070,77.94745451601584
1009043,113.65235145000906
1033147,81.29657874796627
1109999,517.9507993081418
1199684,600.6826435239464
1366158,955.9003119579446
1066120,69.60310211151734
1483400,82.19286376276308
1175832,199.2011476076796
1223412,1000.2208137106062
1372987,476.85311108602275
1480786,857.743314977265
1395859,126.74864045535122
1462952,114.6460560496911
1489537,56.77382855636943
1441614,292.89711128635884
1087963,221.14457837988442
1492687,196.5680509199679
1406914,98.7049729085352
1260976,79.57903537386886
1347680,713.6077678776229
1159794,1564.0867913723941
1265893,1417.415856100141
1241569,35.39246036056658
1229122,53.84264918014479
1303406,30.918395880836417
1428532,264.2612895388493
1263274,440.53287333492574
1031078,522.6526496592676
1165481,126.33263713803126
1127930,94.2143410026933
1108613,109.60180743640849
1421424,137.62547027137956
1337287,165.74201055499466
1176152,386.90706644109207
1343801,67.61880676798647
1434553,58.749718101043214
1327498,62.68864364420005
1151084,333.66757659133435
1285260,307.9992012059859
1249009,270.5767484452713
1240396,41.73642011618889
1117959,124.51385990402234
1472988,109.47907216373937
1184246,424.89947781197577
1222113,379.75226287270874
1053161,292.9950228491236
1350644,1852.8201898383506
1185453,897.7388093065987
1393875,516.6496989109746
1155630,45.302914471988394
1090332,155.9725236741053
1279092,103.43269943365402
1304158,618.2633779426365
1165089,632.9288134610727
1424073,993.5901303933442
1370272,124.7473069318971
1179367,131.73153884518598
1315916,219.43286051279364
1179049,902.8186007891496
1291763,496.75277252823815
1395897,766.3236633547127
1274992,104.15350746655284
1486982,83.66345652660934
1437992,61.544152438748355
1030881,96.75442095657517
1449932,77.23256994800369
1374934,119.5444694815054
1221819,99.83986185203447
1018876,56.331592012761305
1386370,57.779737947899996
1032299,642.2172930076413
1150157,1423.630001998907
1032558,1731.9753953187337
1091280,36.434521996410005
1090320,34.89183689991401
1215092,184.53075984308597
1441270,299.7848626001912
1065825,346.74681712512745
1496861,166.48643541674355
1220695,155.65559037187944
1118499,107.69700142879834
1277788,129.78883683067605
1028415,221.7165671037284
1058377,349.41471892835824
1058203,50.273355748536055
1451083,39.00430647211063
1083836,35.076788476110444
1013490,201.88269565815932
1287375,237.65905786681822
1405566,210.51466741571815
1056626,51.72164127281862
1388386,135.86955943676816
1373254,91.09126618374933
1484423,429.2332115637629
1258533,398.0448016674389
1114965,290.46649422982443
1075058,163.01542133219039
1323949,174.39987674163274
1408074,73.31110351502075
1250534,30.394340260078486
1444561,96.15080831845832
1342935,60.807045873419675
1025464,122.54789268907572
1074066,425.297579322004
1273706,225.75864575603717
1203492,48.47888477435326
1408921,74.5015440895212
1221151,67.46257315338278
1450019,473.311540985998
1371024,177.4464559531676
1044231,215.76455099747278
1346629,28.3804480945417
1152949,19.719663548315978
1474865,42.92984189089904
1191446,36.57737769264162
1175109,30.531286557051693
1014725,37.12945522605206
1175207,54.74777885855706
1060235,189.29530321906742
1051619,1177.0595251100508
1161743,1084.4892240907632
1084551,18.964026638189527
1228342,103.90044160166892
1148724,117.70579091922635
1436823,125.37006809643798
1294764,20.187571773080947
1238365,37.42590503869116
1132553,30.669031062586427
1110389,118.5945846644647
1179414,79.73920089597073
1379585,450.155614450682
1103117,571.8738868057598
1174564,173.62595261391206
1019750,274.39150055111264
1467189,238.37094307512996
1083326,156.43720816302763
1060989,24.648312396284904
1031082,88.8510680429104
1330372,46.03142353220902
1415361,138.16747360083056
1405041,191.7400774353639
1277919,146.99826754658355
1179936,45.447756967414556
1122653,57.84767135661045
1126746,336.5517927059019
1286535,184.06748606022956
1075135,116.77480750270045
1191038,23.782393031332433
1051743,36.697378580823056
1412947,37.38614961840858
1386138,28.747730535407566
1183542,36.78451556770622
1253731,194.85920817693415
1388765,852.3019641478002
1316517,965.6586385041475
1447951,16.80057289579589
1029430,18.72401826596541
1167708,66.06481419350784
1008958,81.50281372699183
1247967,114.79204845867945
1203050,25.868760800640878
1117272,22.499770515570347
1164049,21.00997702588428
1309077,37.25940416388243
1152692,21.44628012981831
1304019,29.04503388239536
1102018,78.92335979827968
1392035,55.716094388485274
1108262,341.4127048046161
1286209,464.7521149985225
1079439,138.05313405415885
1094768,93.94043579854065
1425078,84.94787643460675
1007209,50.81129586306161
1226604,28.23916101514893
1039007,115.68650426838151
1029038,125.07747734325855
1068960,53.76850822084513
1113318,53.67008118850152
1185029,75.89139697109415
1198442,82.5436031876618
1287231,168.83821535859167
1011881,137.38503718274768
1232434,145.40822386559233
1495173,22.62271011411091
1059960,75.86306785039454
1313421,1023.9578625707468
1428766,600.8724844394628
1010331,16.7949390759621
1412109,16.57060744291547
1423216,74.80618626327691
1383534,110.16490301550698
1389117,130.52532447079616
1105799,24.536740639566172
1439341,20.195718240807395
1081423,65.937500382929
1286540,39.39611052380124
1112602,197.1448833203826
1274554,98.38974527474768
1221456,105.9368962063306
1328835,904.0013663049766
1131459,540.441581842394
1096610,350.01811112318427
1262092,30.69419588543738
1127666,88.17903216355877
1115978,55.200007386321495
1095368,388.51115408055966
1033758,431.02050384564205
1359792,552.2052366290945
1112398,86.1016146850038
1239082,69.8354366648372
1251424,195.584206437589
1333514,453.9739841934747
1037582,339.87023841177023
1117072,478.9769396671885
1088111,38.68597483911609
1436892,32.41747391058715
1304104,78.63350601722789
1447677,113.07618699255612
1277532,78.15106173860786
1014950,63.439133577469875
1287716,37.520528135275555
1087842,409.460673568583
1288985,1099.0032302282161
1258199,1507.217264014165
1459135,21.883116031344947
1208631,24.089805103464055
1418302,22.26919154389192
1167549,147.86705817707028
1442242,181.5340415861433
1306774,223.8583570550147
1468273,73.68813640639641
1407633,53.595947649907245
1235156,92.77990828120691
1486929,106.02050865630675
1344920,142.88142359526444
1051981,241.4093262952652
1249185,40.700451047557486
1491536,31.585694840136163
1149962,133.68650671421466
1345579,132.060951080981
1444631,97.0178844541224
1220238,34.98378609071453
1035004,89.69245583391142
1151818,62.04788920985939
1079774,269.95128483714257
1348908,272.0310212962439
1301239,241.16032720360352
1165312,466.42063505956145
1107240,189.46558694831685
1075276,157.0255258631208
1425377,36.15510547275113
1361060,77.90027598509886
1174386,61.97736278666541
1385420,290.9575024500763
1087440,354.82986132959917
1093409,510.3744703614522
1428145,78.44523360527891
1316942,45.224750040827274
1209794,71.81442827002526
1206396,386.9595771838838
1015193,201.28173464754698
1391402,379.60289239579794
1376423,38.760806040126745
1235519,42.39658142580715
1193174,35.98453283773587
1043312,40.62587922594416
1281035,44.294656570676565
1311326,307.6657134142586
1044397,902.6887841064537
1243253,380.3430161998448
1440334,23.243141771342223
1118156,83.6488402644824
1352707,134.80246319895966
1424787,159.636717449954
1045222,109.12661645298087
1368447,118.96148435801315
1400203,46.10099159712085
1438927,70.77495744057437
1070475,114.52209660483808
1297117,132.26071964328386
1286904,22.01659232219188
1061984,19.263487156529212
1226060,100.064248785548
1478109,112.97711042877613
1349761,71.79437837598584
1394329,91.34980716950415
1127659,93.31769893688727
1297146,178.81881777898462
1451772,169.660002092841
1470662,85.19431667303857
1169852,1204.7461386954128
1154015,555.3401698679113
1453206,270.29574579960854
1353248,27.487989546740152
1194111,87.65742094993404
1354008,84.07228038576383
1243256,360.5419530100074
1308796,449.85397092466354
1060557,687.4523142021001
1114607,67.1130488272168
1280829,92.64056266897299
1363865,132.55935319118345
1167634,680.7986934815239
1044391,343.4240891127181
1111828,595.5326247248861
1276735,75.99905322598525
1467304,60.241337769388984
1078445,138.36191314888094
1377809,142.0291059020806
1420293,93.76273805614503
1444603,73.05884879635535
1274531,40.28001435953586
1179843,52.58208400334399
1142629,416.1677375675102
1367832,909.6125891947493
1441005,1159.0503805562803
1122374,24.805799912825172
1185511,211.93843462798876
1233708,223.02328386711957
1427047,239.6592713512633
1441170,60.06671577675922
1431518,59.597434145343485
1054223,49.29055069671282
1495200,87.87959222819575
1146335,125.85047465474666
1206301,215.88092466485654
1409480,49.926162859108636
1121979,33.131646593863074
1453325,44.068915804643886
1248345,251.92214769177505
1029671,187.10645797154385
1311954,146.12723550701014
1201289,33.697464521621356
1223150,93.82174590951813
1336467,64.41056111665316
1191177,321.33182005304747
1083550,274.0235416256756
1283359,163.54834725531776
1365978,231.18099198268135
1114886,158.9043262768645
1467615,68.09816084652074
1479779,36.01260423624633
1258801,145.48837354721013
1287867,79.89971798094555
1237737,134.89038534139414
1285268,319.95716340913503
1443123,140.09328993838753
1369157,66.80599662609862
1155410,64.03740384073824
1095804,73.22718984153511
1215216,412.73446932394614
1304127,173.35003472254212
1261101,208.4983781654705
1128126,24.64229138619422
1136502,25.346526239913604
1234971,20.923300603716015
1447907,41.48241355516964
1364763,46.75923809476444
1427813,33.872841292522594
1446359,32.380588311131405
1133369,55.48069030935858
1080009,149.32723266842888
1280020,1030.3777487929653
1475697,1276.0858313442911
1266036,16.96267517865096
1397921,20.630054518697296
1249113,19.826376131497263
1424908,89.19946925775737
1028250,126.25408818094886
1051747,136.0854623579843
1319798,22.00785940328941
1439914,22.7152179831419
1280466,56.42629371876395
1381451,31.145103580579168
1297352,39.72185748168076
1486121,31.60492797690106
1096847,102.07007269170143
1223786,79.91616601042547
1034228,398.5531631436059
1480622,536.9827619922936
1388877,138.70711425119956
1265643,336.78087095246667
1349938,308.43553004651676
1086855,126.6524599804788
1467572,59.90758248799473
1287120,52.47962158213307
1233056,130.68102612838658
1281373,148.85535213195314
1359692,200.4213481148618
1037344,42.61121000334685
1323752,43.28648483210859
1124524,43.12721908393676
1210842,383.2010750883976
1452815,211.19037915982568
1433742,356.6871241868724
1473807,75.98307583821739
1466241,64.46595584003303
1283499,59.04921373409019
1177655,97.04339004869767
1165860,88.5208565873175
1423393,144.42147634753425
1359559,51.87252341683682
1009910,37.075132243501095
1311852,70.0311331095026
1069980,316.38014929307
1126737,588.9327536765595
1343858,766.4931060455273
1096127,21.106359158157296
1180122,34.37542713988707
1476984,21.13343489723054
1371198,67.64851720922549
1278606,81.74029018250484
1263980,132.4334352415074
1457860,34.07354159119246
1052867,22.928928603864904
1031655,30.72439539905415
1305800,110.65551612710944
1465418,107.76177433687131
1000119,115.91933520201671
1285974,68.2576140380823
1278915,53.96299090641241
1218127,243.74358221042647
1103679,296.24790853910315
1483536,115.94902690044407
1210680,167.69896070515003
1410454,173.8540367095562
1069802,41.63967512449988
1316041,44.7197043394641
1066872,103.56403614947604
1492890,46.04318268850309
1382675,228.38808578133253
1189808,458.7169486973349
1355233,243.59201829190383
1146613,91.20868003993492
1140422,84.77397597092734
1332326,83.96727629646948
1143142,329.2481767013
1215064,260.93222982115435
1187193,201.5149731786018
1335910,22.437917232963226
1045845,22.8989278987139
1301699,46.59942574778835
1395269,31.864691142204244
1151954,35.95308083163219
1023979,150.1128419311187
1102244,895.6936185790755
1112950,631.2659825828244
1249463,16.218175413764065
1437490,19.26363810383385
1362996,78.3568930142848
1261591,103.16509707622778
1386312,83.68916938165172
1087412,14.971520016235957
1360278,18.279990244605212
1141438,28.608888490777524
1279045,19.581743371431905
1318675,25.853754277767635
1150418,24.38848410712072
1132502,69.5741930696238
1205741,49.49869090147078
1038747,625.2981388380806
1157526,729.937651895547
1269099,135.66211688787058
1052017,1671.589100060655
1351714,612.6140598586004
1079368,472.6989122651096
1058360,134.46490292901677
1364127,305.7582769530178
1437934,227.5792394856607
1292983,766.7010367280983
1486011,876.1264186194925
1099221,1140.4936643388598
1099528,144.7852347047848
1092985,78.80081456245263
1066687,191.7405170285703
1058556,1453.8753276850466
1229539,835.3270921279068
1149272,1237.4717569977183
1277023,173.85046735476232
1232348,175.8735601861722
1240251,127.72728407099649
1082662,179.48875782053827
1052320,218.85258555147058
1447264,92.46773175995791
1281392,186.0237504680627
1189762,157.14364950759713
1216663,112.09750857274973
1297480,815.143231567852
1147532,1622.5020279146197
1132317,1066.475748009214
1067370,64.09167543166082
1158868,26.268019489926804
1396660,63.336443165870136
1177651,372.006795286015
1017711,657.5023011886805
1430253,468.7077848890731
1366211,93.42919136051061
1489348,109.02783810014233
1134692,52.186996219143744
1088551,164.19624218341704
1400933,300.9152921160348
1077544,424.2158126945781
1329046,65.0413508411869
1054376,55.87884524992094
1041761,63.35133058967874
1286192,478.055170321666
1237636,441.6690600392307
1207260,345.5397438345729
1040659,162.24312856600946
1398440,296.6459292399677
1214968,215.01768403359208
1465365,752.4040417919791
1173359,598.4593318086922
1238143,288.2411134417858
1389027,500.5225370375835
1438706,251.5445969012258
1304503,169.83160372546195
1294685,85.04574151479696
1356431,59.37327841343231
1028461,399.07238201800294
1463605,378.6900868025268
1049233,472.6195630231145
1288867,231.50870524493084
1353480,163.67209210917153
1472800,252.67919939764738
1063313,286.3667239614568
1239916,409.35429646282006
1067887,441.21165038673786
1110530,24.885801855989527
1205668,30.7864390267434
1382956,37.051574747680334
1305198,26.219807505755913
1222096,28.4368138710532
1053275,35.88753553635733
1303892,509.6105141454982
1366790,910.5079488493333
1131553,1309.2968527970952
1071864,19.933352096185633
1166942,91.95348738700211
1386720,87.60026517330718
1402512,71.14244260966653
1218776,128.87261055186258
1268696,156.72546301095835
1485716,112.13692686817964
1361772,134.11363108775558
1144924,242.06665825003114
1011507,211.7961985415976
1300533,19.4242674830931
1144255,45.26556187946633
1253465,25.598728103745163
1140398,25.90962981864655
1268737,59.157080695408204
1008654,43.05404675151548
1079479,429.4426966327174
1041893,365.3666435459101
1002198,207.9979949816139
1324576,656.4556356804504
1164908,469.2142258841285
1487402,267.4396546633648
1298831,28.08140637463355
1462554,112.02812636349273
1065645,65.04582533069703
1352126,388.09815633746683
1319141,471.9277806292036
1266277,547.5735204750703
1086088,97.42747617184864
1180004,77.88222447560247
1428749,138.96858268517462
1031143,346.10559319920014
1034621,460.66341536944606
1111734,459.77817508961823
1151385,31.94418184094843
1390101,30.006024609566214
1422296,29.540262159500774
1129020,37.94620971558923
1012264,29.522580933931653
1336097,595.6694138704008
1316018,1402.0530467938859
1043916,1816.4455969345381
1154721,18.412654779167294
1446239,18.43731085682017
1177218,116.88363137063703
1249354,110.76806767410582
1336425,141.9823753715908
1057468,93.53509598541868
1307655,68.01298811249603
1066019,84.41460868451959
1378906,88.4493099694483
1387452,145.0613032089562
1062163,197.30939767829463
1244888,21.616557636454235
1259215,18.58225075681139
1208083,71.58787756213005
1100203,35.82328847567511
1131297,33.95761764726837
1467641,53.58861549381923
1299994,39.87315054314359
1155055,505.0401160607924
1000105,389.1254277428674
1025335,263.491867490462
1349929,1891.8354732001358
1185779,1003.0140576159403
1046382,610.8277559143988
1025866,107.84743010420468
1031599,249.67117769174658
1060085,194.20175777912223
1287542,808.2777936671566
1308085,953.3292081615325
1267877,1253.2808838485562
1278982,152.40776253504717
1291901,137.00151007374413
1073276,274.88031952239373
1142781,1411.7925068544303
1079855,690.4286652288642
1356616,1159.794764445856
1187865,83.52086924845331
1056121,77.88082858744619
1242035,54.10111126803427
1078995,84.12883650335118
1333324,207.94687286344015
1068853,64.11753035175295
1367348,111.87241586434658
1404802,122.25184209186617
1491605,83.1017055120978
1468486,821.186757208714
1053955,2303.9874764872934
1123692,1983.753643200655
1350493,38.23997709068461
1291172,32.77885582090678
1357847,36.39497165181779
1266608,589.4505365468463
1412748,837.2205232020857
1377611,917.8734041891511
1451180,165.7228260175066
1306218,177.75307039211594
1144384,132.91480767452728
1245740,197.61301501899223
1149171,262.9126509760158
1083487,428.6790082456599
1362249,46.17325097828827
1202324,49.08562514582403
1110233,329.5715591909815
1031442,343.5281674084997
1222650,228.48894784123362
1248715,59.110652011088085
1118461,236.6465532273579
1231774,147.44138123731662
1035138,619.4470205800209
1450335,523.6541002296021
1397885,514.937358574839
1486028,706.2559774939234
1213389,553.0744092870169
1055966,283.56907862382747
1444377,45.08172621876079
1177300,75.50910913383521
1380652,53.73446455655288
1098169,261.74761646070124
1210151,357.2229435655035
1275715,480.69095515423925
1212725,86.87349947536929
1292414,121.53410895664304
1169301,169.69172897249413
1426674,820.6435742767248
1047310,289.95374707865045
1121467,473.30068794335244
1086610,120.49797873830862
1440438,85.60311186045213
1072222,83.45572102207433
1416370,66.3295807555611
1456294,331.15982540859795
1330934,282.2402133301216
1311030,67.67547482924292
1474006,46.34008381192328
1033993,57.773610570144605
1052133,528.9088506124791
1404698,1032.0568835759946
1194956,1389.1556232724308
1270770,25.713751398689546
1013434,37.56388451572549
1040462,23.34130856123332
1369168,166.2653287701967
1117429,186.07414713496317
1339008,353.55019824940797
1449755,56.962298925767705
1336558,43.67653659095565
1369059,50.03817644768005
1419513,203.9234370955769
1295497,102.11010033938828
1495193,164.50674566316124
1009387,37.99149687953925
1489542,116.14513986250275
1442804,85.08999184287327
1332189,447.0911131386283
1499518,477.0458981318188
1379662,274.3438634493977
1468175,174.29867127904
1052376,233.62024391221888
1130535,87.52505758799123
1180055,29.800129072291245
1030286,120.9748264283774
1227742,76.39014043505071
1167629,131.9233909092508
1469431,332.8715115956931
1390427,193.3241245290439
1401174,60.06654641306874
1394966,82.56019254112789
1161844,463.67201225503266
1345514,310.56583902142415
1211349,238.65641794184293
1247038,41.76298451525173
1343032,32.252926260560464
1391420,35.68024432165657
1275184,40.973974592631265
1251536,47.216259725957165
1325298,246.28683991896534
1465194,1117.3086741964978
1232785,1357.7301290410162
1122843,120.01153269628688
1003413,127.72955544067395
1207858,170.9616192137991
1283777,19.644244988921063
1476365,25.65505134623338
1419230,28.667557808160595
1116062,46.77810596523525
1164662,163.7006345893199
1074978,121.8896046065343
1089445,706.3491755040724
1499504,798.8068128059517
1023661,234.11444663595654
1094690,415.7758015595717
1480916,313.5614136493607
1082120,80.23042376335603
1370405,59.249992421171754
1381638,47.076775366393186
1268097,175.2454751023675
1343145,356.5136706834403
1096442,236.59087088668073
1451556,106.34421986931996
1010218,126.8240682574976
1366713,140.5809495193796
1058122,249.06239774992017
1319974,228.21229324427065
1360289,190.70384564799795
1398540,36.69249909909659
1189023,36.44299942727299
1402888,25.41187933579084
1483429,23.17435661371973
1349515,27.25350635350447
1458343,111.9809626401049
1222330,600.2698977987059
1497052,810.5187225520593
1195504,15.888344455326411
1262825,17.47380018818393
1007957,63.14333210882499
1180672,93.33199204376179
1391916,72.08526862646802
1387003,23.69416539018
1227588,29.617382010233865
1019300,19.856054210203137
1445161,26.380205921281153
1496802,21.4014248982083
1223894,32.437141784692194
1393921,28.319328351301237
1319382,357.1872188870519
1275605,450.98191645236363
1404071,75.13190299324278
1338733,465.5614687732734
1418346,375.44713119326985
1209298,100.61447752100476
1389663,32.16611854620363
1332257,85.61797060766293
1144509,60.371852819369785
1256024,279.9683335668104
1331367,421.27818628223525
1004578,466.3688921521891
1346606,137.0634510965144
1200413,189.0659940330616
1332431,232.8563224838156
1133666,662.5613294873024
1259331,265.83782729557737
1095638,328.185521120789
1049770,55.85232908536293
1006149,53.061249543072456
1104854,45.595179469621854
1159662,138.04540200859842
1157559,73.13452188600002
1209556,40.76621514622857
1086282,33.09870523601817
1349724,50.91182523578597
1250084,309.26767077067785
1320497,990.0361342358734
1248373,1282.1083720156832
1279339,24.066931207948528
1359744,125.40258368921707
1262299,171.11840483781685
1376287,225.9650931342216
1338544,26.678289001590073
1425455,22.08771406788916
1459453,63.84872520798393
1232796,35.46184103863833
1434549,70.58446482026929
1067348,28.06624835183246
1274821,75.35508943581327
1058362,48.54133703869625
1472460,337.96227474062766
1210078,393.4969516754523
1218897,220.25248072259066
1038791,1477.5661613655436
1021993,940.8301675147403
1188905,263.2571788053926
1212228,29.550028349098437
1168918,75.47710737093514
1144232,79.38316072491516
1115180,430.7364295675043
1031803,533.855563500337
1152573,743.1509817938473
1091471,84.71414043934186
1388976,76.06770887926264
1381358,179.73496193218574
1130619,482.93138714405234
1139577,310.56208573507024
1326969,576.5967652745486
1384889,66.96817364893954
1232549,49.34620181410926
1216944,108.81200540009775
1145467,107.20450707799819
1245225,74.06586005659872
1268061,80.30328387931971
1108169,45.97897805757225
1270179,46.48855460739725
1077955,552.2258952907509
1358943,921.34462872677
1181871,1499.1180437324226
1346636,25.813314748176815
1280906,29.838217703014525
1432772,25.790200028122772
1050289,191.38930003834622
1015088,212.87516880556382
1406512,263.16555522184575
1452410,82.08054926912989
1345120,95.86205741328892
1492039,80.35958629210387
1135545,144.91579414369912
1095231,204.166478904128
1052061,325.68156878193497
1180965,42.50020926970354
1415441,26.787582656600016
1181335,32.14576290374207
1108509,202.81620965992784
1185994,221.11018729230227
1050693,175.84206237793538
1088772,29.661253933128574
1177684,56.247864756352726
1447902,75.56673567373994
1119531,333.63714299475356
1137260,258.3644518065812
1171690,255.14231727076475
1349640,524.9336781351623
1013001,310.92357484744554
1085396,113.35500286480783
1210473,36.24063088185234
1383428,65.6937780680084
1420224,55.93038439819006
1436586,389.71793809769906
1411161,428.21106013041157
1242304,628.4452809737355
1271724,105.03640742253702
1066734,86.03115120558566
1389761,136.691080914878
1007829,426.7553909188184
1358951,325.13797497526946
1366689,520.7326423348576
1411916,56.61076369956241
1448616,36.30595948097514
1498333,30.656244099516634
1162719,41.10388746752822
1021598,38.01569082977285
1034912,32.85975681041534
1039898,32.85491000955894
1004559,33.63672379862145
1361824,530.9340878340234
1413681,992.0005413202191
1253275,1400.332078990894
1120019,19.009518871166904
1428931,96.50177493139137
1393220,132.6442608273377
1189592,103.5994059590302
1304893,252.08931857716712
1196547,176.8291687126759
1234362,191.87854921090087
1096408,75.22109560781013
1015877,150.81385241677256
1452142,188.31392730159163
1317910,23.45164166751647
1014438,21.075134325500102
1151863,18.432224715213657
1245920,83.84690646675307
1405401,76.53414673298407
1271433,45.24491055276801
1189202,26.615319611413447
1152407,75.18494517020602
1086170,61.116523654528244
1082523,261.52183592143643
1446998,242.06598923482412
1433590,153.96206151480757
1031471,345.56653687652977
1404058,215.4235125014781
1419372,95.10417250685218
1464863,29.763858219614242
1041129,65.74936638348487
1089153,58.97004569238284
1403041,278.3071207968832
1446499,505.60706551286506
1279331,239.66786706658607
1368546,92.65360540903349
1389405,97.25128035697652
1081122,134.4292563942917
1158128,526.0255879566091
1345826,441.68372977520244
1392817,494.53575656747137
1432390,18.972627482326793
1360123,17.5539952982661
1207971,32.78936588169383
1318026,33.29582617872392
1017200,31.987465587465394
1001837,28.758502561805834
1068162,393.76970718282286
1268993,1787.9894709512103
1331710,2062.647982218742
1393810,17.079452679288227
1299363,18.4734703949774
1295451,38.098617680494016
1290936,60.37870834167437
1100322,92.17038559917026
1053078,55.496224528497976
1446887,98.64406479184842
1489133,137.9031191215042
1222642,291.9750176262065
1185374,274.88991918843885
1188655,21.111317794304902
1219979,21.21624245666829
1130670,55.00132809415086
1124601,26.273131676206358
1458686,28.305702472757822
1248048,31.851028495357127
1474450,72.27467161077351
1427746,71.80135392197793
1346290,425.679384682274
1204575,270.8018706563881
1483269,396.56262720620714
1214130,347.8142526364225
1347952,329.3375598467777
1463410,206.70605801791828
1119490,33.0802968309802
1284206,75.78570105284847
1257317,43.052968306234945
1079666,111.58300573481462
1170512,284.9992258043662
1208467,248.62103459339207
1466198,44.47171053326851
1270068,44.24689651211133
1417092,59.15880937857643
1302292,446.42847952654864
1255787,190.16133284375925
1483725,384.97186232194827
1306889,81.19297620047253
1474997,91.29556432555228
1164216,55.40434433408716
1377872,57.19663181236371
1054478,118.76467209908337
1104736,119.98659651304875
1473421,41.326303328771175
1422919,30.16684661142357
1044743,69.5277869747564
1049667,263.61109182787976
1214145,788.4391876994507
1290504,935.051189821895
1114571,24.344252696723164
1413083,27.762886734988697
1235782,20.252501908919438
1438802,86.23992072398123
1176285,125.42692584458332
1430576,211.3396471941161
1123997,44.95714801027964
1198524,37.45926301183868
1195152,114.10428416161136
1249481,103.83505152582744
1317440,129.59263065252335
1047777,40.01420157085276
1187505,90.06794784495438
1021611,69.02396041597444
1337388,258.97509781093163
1039778,266.30443970061856
1252627,124.09620716695392
1354719,1186.5451054786777
1381352,588.2189450087526
1430679,414.5948636422739
1161082,52.514530104437554
1213511,119.64171197855306
1055182,102.40165101650037
1040633,536.7854168432364
1346803,591.0779011550195
1259804,765.1678795344851
1112317,99.07731750429065
1489069,102.62353326204398
1349919,168.7298332532996
1487539,752.858508527544
1426307,449.98977570392594
1114271,698.8296120402061
1007918,74.19473216233798
1013318,59.13014982242499
1166543,44.2133910297294
1410365,66.12410293429669
1062577,73.22598592426912
1051401,68.13681289120487
1364228,73.8866052914533
1438085,67.80793294539747
1076982,64.11745474328741
1479459,599.1606093275408
1170712,1560.8130727264238
1460894,1915.647248182899
1311386,28.922094133494955
1436420,24.12839435984859
1436746,27.254700025276158
1225685,100.75822436639922
1128539,150.0878453548477
1185698,207.7205291096973
1365509,83.09142743953353
1281758,108.09644049070236
1395999,49.22115671474073
1241768,102.136855079902
1046319,182.24653663809414
1076695,309.82329962976036
1078579,36.731729018244906
1195817,34.33144073482162
1273884,153.6585362216466
1039589,303.5595259113011
1281969,177.41436703619183
1340721,37.3466301439056
1202035,108.51437003684467
1442844,88.01067587643169
1204846,419.5570024410076
1428028,345.23096077245214
1102785,289.4793792643272
1478615,428.37677887525143
1429643,381.163305851335
1436356,121.30634126324402
1221917,33.92971735580679
1006261,118.78755699168542
1436526,68.18066379521126
1435423,213.96480958856577
1105663,330.5302406871682
1288768,309.33842026532784
1236590,67.02143604628328
1038286,65.59025870818922
1348063,59.86826072073256
1254383,487.46230333155523
1465908,224.46758122303157
1193244,392.86268602185345
1139130,49.13280188814843
1287019,43.30286354677792
1045716,49.479891773129104
1124713,173.8841571828758
1492002,116.03214351897358
1074491,39.58196773887634
1126741,33.24083829537208
1443689,40.93913781634782
1428574,324.64231169039664
1230706,902.3018807850603
1244397,1075.135684656008
1400135,22.3652508986612
1123096,23.958726485771034
1462006,110.38553454320633
1396409,124.76662951763188
1112056,167.78658720304378
1201241,28.11297995065866
1215173,78.52256534228408
1323732,85.5279789768663
1063594,104.09628591444363
1063009,27.283231355334372
1487985,76.26672109464141
1206972,49.7412361012882
1074677,373.6240571327386
1347976,427.6079557133492
1120911,150.8842940140398
1230213,151.78599593476054
1412241,117.46973689273766
1199853,62.986358488708476
1126038,51.81669388854283
1065218,189.69962358473822
1407227,283.9662400097812
1195857,201.7936741507952
1064848,85.88691645701986
1347932,118.50128732126088
1006934,153.12766525547798
1415546,187.40156227274815
1436167,330.01476279923185
1155840,288.03602210565765
1312853,19.115128182889645
1341473,19.631754819646513
1210234,27.183272281498102
1420426,256.63273347114324
1264068,286.5733620634545
1160231,143.8694379019322
1271169,15.047602885892093
1343779,139.30597788998094
1392612,181.55141313634107
1460115,65.91403113947423
1209508,89.08903799731382
1308035,121.42726769889543
1051361,59.31473085609273
1394502,93.81214903876874
1002584,70.03815275372993
1256382,26.311743576657406
1116102,22.615976002975366
1439873,25.087010056945456
1327818,28.31564920087971
1053247,23.569893186676868
1240755,220.53261422959275
1323007,118.96762337992861
1159217,158.97270297180464
1297121,1493.7631256704665
1251244,736.7516511673149
1166952,390.41899865845585
1110279,141.41289353486872
1479251,639.9663767662636
1065455,762.0091199824905
1345832,876.019647950115
1112122,117.03981083709009
1177948,91.79035838898061
1296522,181.46490935892018
1192681,1017.1989699400242
1098695,484.2262312735378
1141921,806.463358194816
1039561,112.62322319890605
1355647,83.10647344147459
1401737,134.00914410592418
1122214,147.8604744593278
1297460,119.52459223914208
1311455,107.64488175335735
1224680,75.17196685862574
1376192,89.18232408447874
1295323,654.8068696046996
1369118,530.1939811270618
1022614,262.2191122151227
1273467,46.26079550120303
1070150,56.45329731573962
1264565,113.3780567282874
1494909,158.87382442583996
1456589,217.34957740036648
1300093,169.5243139190005
1264244,202.87589238976824
1036623,89.96823628041547
1370665,117.51708397909889
1073776,210.49945879738235
1280462,285.104497897272
1070455,340.61338457178107
1286196,445.422724384401
1101505,296.02434387412296
1493032,251.49387215343353
1337248,239.98696916291024
1342588,259.5573631306086
1403685,230.28528262514675
1489882,177.5650696889114
1286032,535.4401251998822
1211075,459.64852454741714
1026057,236.24839067788153
1064602,1495.1704465885848
1353965,631.4884215918499
1386866,458.3879522084993
1160326,127.41096663312814
1148469,117.06992483274553
1132573,690.919857605272
1187850,724.0567468027352
1042794,992.9393929511542
1344308,115.54904673795478
1435741,136.9599939195965
1376274,219.89792751927337
1004231,886.8646262175134
1375428,589.060555755237
1199647,751.6470433035827
1258593,61.73283704344999
1437106,69.29159007866807
1164714,65.7286657343098
1224157,112.9973380232372
1335725,75.49554022863472
1154647,102.3341247008936
1009205,51.4543610909906
1363194,52.46288479950304
1283426,632.8968176584162
1040538,639.1355207224517
1262515,313.7859563148975
1308549,23.79816273489176
1290578,27.19649010189493
1123768,250.5445900240458
1042657,403.97771517809133
1493836,525.5127102941423
1198936,149.04916736979658
1241905,114.15660212078713
1322681,97.86706484941455
1084980,110.94361309756464
1237375,153.83073216290202
1433203,284.0173790483441
1462240,422.446199334067
1068496,423.92370618514883
1108927,292.36268262572526
1017569,242.59133784087263
1040287,227.17212787515052
1317606,174.3225498742133
1077866,108.77696637443405
1051554,109.42006172094341
1415325,582.7480277024835
1055592,506.8184302390151
1367086,352.1451516618034
1062437,693.1245194615756
1314739,449.02655883118695
1281487,277.6297002904828
1397451,32.955573593563415
1137571,81.62697777584279
1444927,54.42016121180659
1309062,300.41204485992944
1208174,497.48119378221253
1426728,387.0547947510598
1492697,143.63043794702202
1213366,161.9852114446735
1095300,142.77566396614682
1130546,505.03585965781605
1436318,280.6888900998695
1435826,401.19569793574715
1277555,70.18372622516031
1470434,70.41946328952281
1044776,49.852401969304566
1377517,45.4815046321461
1237424,136.77585458392568
1059397,131.77642865013132
1251007,43.027191076148824
1034410,43.561430531718216
1231783,54.9613716910834
1359714,346.65534063502497
1499444,498.05180161106574
1130159,276.83288750240354
1160666,34.46043135889633
1096428,20.713829954205348
1183244,110.13924067590956
1497213,157.10974334942074
1133933,158.34070328932864
1484931,229.8007134685141
1163656,151.83603779836633
1054238,165.6819560209831
1366429,115.01103581528092
1052440,48.29664126667825
1085386,188.57985114322443
1065786,32.19490480403084
1173024,90.65393656843216
1241367,79.96408231347777
1075922,538.2405572886032
1131198,509.92168176503293
1025817,191.02282267242632
1045739,339.4581971792734
1248427,321.3549009029548
1202630,109.5479125484783
1452148,40.626487808171575
1376464,96.25420260639048
1349681,56.506068935879064
1102915,189.2682714276638
1433582,275.2027485497687
1359440,281.78128912885313
1454430,106.21299912058743
1149507,106.90407371337719
1053941,137.22212978987667
1110939,606.8450968162883
1221336,249.35515963420946
1456565,370.30334550210256
1121108,97.03892990272108
1098671,48.96621454712983
1345677,89.29093500926776
1160411,38.286594851194316
1470231,125.63609682026696
1313922,83.63621746825463
1208175,52.56418322312476
1310176,39.55485317025118
1179458,60.82184053576099
1269200,304.9426708202984
1295030,541.6469413344572
1164729,365.59902067194616
1406814,24.642264006742728
1259984,162.72748115222086
1480971,223.12140954834942
1369433,233.28961974182812
1481945,152.86741009185644
1458526,109.99031263133891
1187631,87.15499341875035
1003496,48.255276948595274
1094142,47.34085926580009
1247091,114.98285373031887
1234865,35.59866414032785
1168628,122.0183731688712
1419823,83.76851968657118
1439166,472.2796842203646
1385699,519.2978075657195
1106938,200.1889650946679
1319273,2522.3772699525234
1108592,1410.8789423333765
1352123,638.2936153526354
1115675,105.9153208917189
1423330,250.66460152910864
1466429,181.84645030920413
1403820,801.3603659443137
1034753,1019.1867336071666
1029946,1745.9043716659796
1221080,78.54616043989064
1031048,107.11477839954836
1206298,247.65198885802764
1167256,1747.4565155383211
1122935,903.5854837324047
1494822,1415.6068239796389
1472817,219.5199250745098
1219683,244.99032889060084
1019816,130.69554875084992
1290506,308.71757777677647
1205948,346.5333413582205
1494544,190.41430834863752
1139910,181.188117354238
1145773,141.79020679342403
1364143,137.95972882944056
1035021,1130.0681197225847
1179879,918.4716237982992
1256351,431.1194852883112
1341899,68.2130915203628
1196209,64.42606690716443
1403548,63.72928226191269
1021163,459.9126718193883
1240555,584.8578124318277
1198318,629.5655206582951
1115576,215.7461303836688
1192089,206.62979733080047
1071064,192.81388821082894
1173754,168.46565754869397
1271551,268.35689219767187
1065067,505.0280242699554
1137709,735.660406315008
1276382,821.9985522635143
1263231,615.7482913234444
1456061,875.4103756343663
1207945,536.934937685254
1162708,416.15247582337076
1418928,91.61719444012125
1068894,278.67914760748585
1304937,247.02469019023306
1409355,734.7590235083601
1099728,575.7462678689882
1457969,384.205196651118
1029462,803.6303511455349
1472551,471.10014263759297
1033848,217.92677530163635
1453084,99.96083269892755
1312690,68.14769300048545
1122710,375.583474147146
1126546,435.29277075026505
1459930,512.9024340994148
1348574,94.29403196443148
1191403,116.74454067908876
1006930,161.88447067644347
1073869,353.00149267021374
1256986,241.78532915586158
1003790,421.92535636755554
1440509,37.61571640738191
1357988,55.01892817736661
1195872,59.46555858596171
1389720,53.578137073608836
1204827,44.83242319899432
1424127,443.87877054942095
1275924,365.2440066587106
1259126,168.66620260980577
1200350,21.61668068111756
1214706,25.485854327422185
1192004,21.189963699842153
1342075,153.7395146253924
1301366,453.36490064577697
1107583,587.6861753422162
1044020,47.28379949094289
1079356,28.66525166543278
1130825,75.80330394988357
1256962,135.86192889465494
1016138,202.4579359489283
1472749,406.61911780308503
1169405,246.16077224887866
1159026,249.4615840016873
1031233,126.00814958888658
1107474,82.24423953638103
1411938,85.26818116195055
1037033,38.654551023875605
1417616,70.98941337908545
1222062,73.94885350859875
1001298,265.90204742784005
1066766,237.38687098666568
1094571,165.14749701830561
1244760,1683.7387290093134
1333985,816.9492723767835
1209429,553.4237098113857
1226436,100.04308696771172
1425154,234.711113539932
1311629,195.37819599953144
1144183,750.0824754252135
1429715,875.7199247348739
1208466,1077.8684383732214
1111558,134.96777640312482
1152967,98.32755771052199
1065384,231.57544272816256
1068449,1007.1154057108147
1113889,647.3971643570953
1257290,971.4115184478313
1425475,104.52205927410037
1451729,117.0617525228407
1345965,68.28353068912052
1328020,118.54456978362062
1242837,157.62334522517529
1166830,106.05675772421408
1099026,138.00573729552542
1061158,111.45274364703339
1075796,83.95621671801085
1225695,743.1973683065285
1250311,776.4342380088952
1488938,321.6433587995082
1180576,38.8101393382975
1407193,31.687073662726796
1310002,49.450816911574044
1483754,485.06154967967825
1403428,687.4514941018064
1119464,625.9479843941145
1070992,121.23283515609734
1253791,135.05953907511767
1351968,115.64769338630727
1370126,143.81378678376214
1141879,230.37312840175156
1109924,341.5013710255506
1178105,435.4901813494763
1361418,444.79197817991087
1225914,358.0163018993511
1072061,309.7853647308199
1148318,378.7586792635952
1210725,239.58967413169285
1316042,80.37130889591877
1405337,263.5783810503125
1227075,222.14903569822508
1488310,631.996254529978
1267286,511.75307738400136
1394596,284.6764264171844
1434331,310.9356339009085
1171798,238.0208654294413
1499724,108.11108145202112
1238128,80.79853207968313
1303822,68.3171995862627
1435944,205.1353583757218
1413796,305.22163171796586
1353151,213.21290115500574
1470758,83.5170407691539
1055665,96.0756309510856
1379504,100.36881810651946
1055047,509.7442674200352
1097126,214.96332325452167
1036089,350.55600793646977
1231013,75.25193853465348
1185115,41.11889397282569
1265509,54.16915885733527
1051775,39.787489883537525
1309244,82.14084113628385
1124451,72.3669082298688
1045993,35.78324182848379
1048036,48.19935321062603
1180259,277.4755285801772
1127856,511.54361445169263
1338781,314.4231631632769
1406741,18.233097768624756
1270213,19.230805620364603
1391432,123.68856435456767
1338985,184.25850077470648
1444583,204.7577038773807
1096103,120.08005580272948
1041898,120.01510980698929
1320374,82.60351208768094
1145189,50.54445286256317
1013702,28.870072374380204
1127530,46.080284607274805
1344951,29.00716596037125
1359741,77.12113816765535
1143761,69.9855602363949
1107783,327.88958548941366
1204894,376.6873997638187
1119851,181.00220849768417
1411863,290.275650493665
1109365,213.91899462885408
1023254,53.98984770382352
1049722,88.79126881510804
1472117,120.30508033622515
1079503,286.830179057414
1132971,182.5172920390186
1424798,77.22638046936477
1463339,76.45142837698002
1349534,93.36118725670273
1246934,321.82726423963413
1372989,116.67050794516626
1433325,242.69280637841973
1374574,44.739490089102205
1166069,27.495731926096383
1356561,72.43880537453013
1006332,40.40478830880332
1080246,26.474277992922744
1001640,37.40531690473476
1306327,37.05421612408595
1334645,172.66290544235602
1103072,326.40861361337045
1019198,218.55814731209426
1387955,19.441547214206114
1285096,78.54024667090407
1178953,121.82903001448415
1327758,132.1067248764948
1442249,107.65239079968434
1474801,107.98972159223561
1185326,66.04882006456906
1456287,48.45592820971865
1418907,30.135257832870465
1076446,41.89805203101003
1335270,28.25557609199416
1183823,62.91868540838077
1404113,54.16089201145877
1222710,209.3802062831124
1079833,261.4848427849717
1104304,130.35637139255326
1033468,428.1426143891495
1252992,381.69409754165144
1105979,213.81163655326864
1002568,66.61157107223174
1440560,144.8278020733017
1309705,106.42598176728
1476514,170.13884558659106
1259771,543.2559885640354
1111871,400.88948329610446
1433375,75.98746329842413
1199447,41.0263609447441
1113838,62.130758423128874
1230996,907.3255628224297
1303454,343.8047292472738
1097156,817.2818128769934
1056173,168.15776425343003
1198565,142.78838222990407
1489660,127.69010850780253
1173954,127.82351478346644
1041203,281.18722165122284
1043060,256.05551896417234
1495717,84.59653872936276
1076108,97.49199659227733
1411915,97.78336028415195
1428524,542.8426271152724
1089951,674.8066318347786
1010515,320.4131195646201
1203271,50.0767770173429
1453928,37.78541542456329
1151268,54.675842491464614
1068951,132.45339638336395
1369718,187.89121191062227
1091017,198.09724358134667
1203897,131.6850760960424
1286862,163.22810840108303
1195043,128.7334435130526
1439742,253.1897267579944
1291300,161.7115657858751
1178037,227.71632155354573
1023669,84.06975735131373
1048200,257.8769513488458
1133637,226.9167333649089
1482215,532.1957430177544
1298145,483.6942429187878
1123307,177.7423617218183
1245183,89.13826188986737
1116213,104.54267718794836
1495219,52.91714346521364
1320236,22.60140216291858
1427938,57.706865148165505
1059972,44.364133142234046
1438573,157.57431303630156
1114784,341.2422813291496
1187973,111.82611347011525
1462124,115.15727451567015
1151450,109.73487150614505
1027884,147.7994044959392
1042038,287.00621412980473
1216683,173.2979829956961
1405703,144.18525909469446
1487930,25.870243764635493
1198172,22.619652273588223
1150785,28.27769660691207
1184753,138.27482319468552
1073671,349.7065495161975
1441244,224.45448526447703
1408360,15.509800480958916
1400061,103.63175847287596
1373267,127.1578948974443
1070795,114.97924542690758
1443342,62.745228644035556
1274489,79.0486296836714
1155200,65.71582816429373
1438279,21.66769643220038
1240169,23.2975841312528
1439950,45.45580686074075
1108978,44.418487462132916
1373622,375.3293755194062
1184062,436.35310453299866
1087129,145.36102460505631
1124103,287.85700363464304
1170492,189.8928897528615
1035358,52.69417550203633
1087749,84.44612344272869
1102820,148.44505112442073
1158437,271.42501081872484
1394740,208.53872637028914
1240884,79.48488649051801
1178760,63.8847516180993
1421019,195.32412916885198
1348128,135.18931776057747
1366149,165.83568919347394
1242141,30.61448777484129
1272003,25.882407691185286
1115507,29.274784560160658
1142943,96.36059049655627
1344252,160.08112538502397
1106883,69.11581420862385
1051057,15.994167068356354
1312752,18.03426888980302
1368420,54.43891293686038
1419755,85.73537554110757
1323227,68.4710858384477
1371081,87.06957067481967
1195197,49.66615793270599
1289562,47.278757198361475
1218415,32.39140053309547
1161177,24.991933797318733
1241146,63.14197125101184
1040244,60.2184806637906
1112492,218.25129782355566
1462810,233.52976293260735
1155368,78.54622040191533
1088775,978.6484498086855
1180610,441.7455814924229
1004376,380.5380216950548
1347755,29.050019878987886
1221280,95.86913003031529
1071175,94.86076004677471
1017674,406.28600807953546
1349547,537.0107771966902
1469809,821.1254358778021
1112827,132.49762334952763
1427859,131.85528027617676
1201215,230.39526883454334
1387604,439.2292014012158
1447167,393.5541183023711
1163414,497.576464985443
1063388,52.98711565075408
1027602,45.37664722258672
1248223,42.60565648875266
1043945,49.73645435377053
1018609,48.32381197365697
1402783,63.064522060789926
1144711,51.69131179605431
1165133,50.8285601285326
1157864,450.07146572715425
1158723,390.15864580311717
1371967,175.41923577518054
1484515,22.567651863606795
1403718,27.19846175309975
1335135,195.58567553685634
1459471,214.45834895054463
1470572,245.60787944627586
1076650,121.32022692266122
1042531,98.84208625973054
1065297,94.46981175251898
1402946,118.56416132580728
1445860,202.16275603389698
1309288,295.2079452410138
1340685,411.3532176462034
1175433,412.34338103503296
1012081,225.49690757440408
1018456,139.26366641722782
1057303,124.90318893392968
1080644,34.4056092962957
1402350,101.08458009887455
1170609,76.09983730265743
1139792,388.5493521309685
1040547,304.4259994054608
1477002,234.97244108612708
1417996,719.9476594701316
1194929,500.5748746615357
1248088,153.9632699899361
1378461,103.62527641369836
1107124,70.23487651954908
1156793,400.9888286892642
1431686,400.8041533431561
1035108,362.5874429685795
1452533,159.1948460967834
1403241,181.72084739538232
1328803,275.49103928274883
1407650,461.60438824745165
1344744,398.93808989545425
1227764,408.27857257780437
1396476,24.20761153401644
1013774,19.587753436258797
1349648,24.426798646250106
1114022,23.66482673967752
1075237,27.627889643022076
1467100,381.1243967747422
1055368,637.0303497497765
1263571,356.0942598295717
1296593,18.759179425359584
1441634,79.79657071096493
1447046,60.02028127151893
1423212,101.30672813265267
1257511,31.320689614407215
1023518,21.874988387045907
1040360,39.61989615788541
1093150,138.9960317067073
1449241,182.6935206967371
1127853,263.471372656937
1216929,123.18955554756847
1198481,121.26292307556307
1297015,113.81258875491112
1478926,34.936943478370054
1267173,43.376351653621846
1010715,66.34494769629762
1051153,43.155027475859946
1121717,545.8045181866
1283901,412.75534571497013
1157822,487.69149981164446
1196384,324.7486469222603
1186113,246.78249541038758
1397319,84.83929155763421
1070135,41.189490894446806
1243150,80.37309096506073
1141894,62.846834747891656
1119592,143.54541099257457
1355543,266.4607970370858
1466185,193.21085965849772
1369479,47.60785796290877
1002219,42.04361674831711
1065122,48.6859922544887
1355774,537.1067032136243
1034449,244.49876347350641
1298800,507.6714799715335
1168048,81.55379218825173
1487535,76.72943014335485
1013139,55.94900205824434
1148419,66.99961621229947
1430932,108.45647478420906
1212520,160.94793238474355
1242479,59.81705276840286
1376197,43.069275694955536
1162830,66.75263611027457
1364844,320.2771994350341
1144242,426.8882080804104
1095968,286.087323367895
1432738,27.31363215943252
1161807,80.8668541260611
1188656,124.62384445181358
1317286,157.91302089483156
1021595,136.75339997489627
1267460,127.54053556608906
1426163,138.53396573758982
1325488,136.3597402676952
1360973,65.65370863834498
1315155,127.04014247945665
1269059,45.026229365290206
1490516,126.13560775864757
1080973,96.24468218982192
1190162,430.34573717903163
1339318,466.96138845870644
1288832,80.31429273638433
1295195,588.2746273155602
1158135,524.9697502884068
1065978,221.52950841651452
1434129,38.015146444831906
1073284,92.46864791398419
1299247,62.06143700024487
1351771,265.2070655334959
1074640,436.07867389618116
1479465,455.93652220283417
1489347,118.21954686949289
1181166,106.31310381432931
1202899,152.45420178271073
1045208,657.1266323873238
1102611,262.84872661376704
1387920,506.09208184790543
1179968,138.55471106322918
1331102,108.73444918866124
1479186,61.931193062217766
1481499,149.93084602458345
1115642,179.05791312848325
1049247,55.62475645860878
1306038,40.08864803507455
1095596,53.31883728147341
1016502,447.8620931611603
1132512,597.1088334238545
1154248,314.5745652034573
1402507,23.198408417610963
1130490,29.654628217515526
1034827,27.61531244452764
1050303,149.83991063775315
1462532,169.2017476654028
1322647,281.71739317497037
1452624,487.2202704410746
1462600,317.45109931883474
1430777,240.23785689519102
1245813,124.11966915490353
1115240,69.64149569064162
1032047,133.32313000393466
1008796,30.14643843887752
1178964,105.86858044694507
1299848,43.06030087309072
1254741,489.996345250051
1135400,507.02773211600345
1319687,240.51184555340447
1390606,200.86041236004118
1443225,170.45613161179747
1153270,63.074689368301264
1342968,23.809826897015164
1254768,52.16753157314723
1113748,40.78397278050519
1181440,117.2630061494423
1118245,249.1874900790281
1035476,187.7820981753715
1013138,74.8854274368693
1370975,68.65495988515956
1112604,78.1095309317035
1497422,263.24151178625704
1165214,105.31079234470671
1377941,185.86636554748424
1240800,29.440146795469683
1386829,36.304092083181544
1237087,70.5804301245198
1217868,56.62575212739918
1292980,27.480556166961968
1122637,161.9509663536959
1376752,266.598273901561
1229220,192.96033729669963
1193421,17.876870266027435
1383125,85.37528396295033
1169578,107.36709500835373
1281507,142.42533534840283
1461952,84.40133740915113
1415989,46.825628605295364
1276319,55.53747587658844
1440217,28.81690695117583
1022493,20.07798370294809
1300917,21.69803081897286
1193727,23.505866473000793
1402486,42.510142819360816
1136905,26.171342418832726
1499372,224.94256513014633
1109225,182.05919418901186
1350713,78.5638242449552
1355088,1412.8040227067406
1138222,766.2761933657924
1385476,635.9738407968167
1398591,126.1287856674159
1300896,437.1761891182392
1162031,459.47535072839713
1277815,811.6957703038528
1362188,68.94227412506754
1362254,43.37729390686016
1274284,135.53639622167015
1178264,866.3240828221352
1091379,406.02029917514926
1041602,680.0926598402069
1028066,116.56663761175614
1013847,105.32885437026145
1372516,158.38067366555276
1280063,166.31481694999013
1108464,137.69595706488062
1130725,98.42000151425977
1268768,60.1302268420139
1490016,73.05199701057619
1347411,553.50267028068
1171863,555.7182885582922
1434725,244.8539516681168
1335442,38.008563323772016
1496650,39.582575424593784
1306499,30.421921920086792
1351858,182.30778986059184
1438518,214.17009629657815
1446150,197.84253920987493
1412369,98.53013012358487
1022628,67.51314834296353
1191341,44.50454369246129
1232719,71.83055925391588
1114376,144.33713531158787
1028985,289.953257271796
1147013,387.49155338959804
1181119,216.0875947756909
1071327,276.90806163980307
1460463,227.94174872082695
1031315,327.27812206242305
1312685,325.24488776332026
1232285,66.97827166779253
1101299,119.43172188658345
1014795,111.45493710427256
1067057,411.5746957374115
1422192,357.2192353818492
1272721,209.50457802106237
1137357,1117.5248279701907
1467695,548.4733004599561
1069575,308.5908396782928
1160879,44.24197700413226
1495109,97.2632207625922
1161253,92.53961972734687
1483609,587.3800863367447
1045099,614.324283145975
1164413,881.1636431800916
1038291,231.2241239672749
1266238,188.6002689000055
1237923,275.9484640742014
1149195,578.8109278515416
1475934,437.0909749415683
1479609,602.5022391655983
1376770,63.876230340534946
1493195,47.02883193826729
1354760,58.26608102010459
1349895,79.9987995107383
1122970,36.43872723067883
1030480,49.40891688242056
1349078,41.704417261992816
1304303,587.7743908264898
1233427,409.65503193165756
1170183,255.23402808253576
1330894,21.574311193249557
1135861,21.238195910172823
1097976,25.109883522925752
1189946,156.24493617169023
1254653,99.6507917909854
1076146,139.5196565905404
1133854,92.21822767762549
1029733,71.95618563016346
1252838,59.721813133457545
1482077,109.00407289103539
1100816,155.95478105571416
1226702,209.82168400328715
1367646,341.0450811934626
1214264,381.4664797662846
1270356,194.20444775304836
1359586,101.24478242689813
1321874,188.32090761022405
1271568,107.5571036779624
1205338,30.99733221935618
1256154,92.22742289598976
1331634,86.88910272739932
1406428,428.86751579551577
1363192,385.16901232522514
1294110,292.8607557100459
1355035,733.1852084877287
1179175,610.7023320715908
1232535,339.487941168467
1024745,68.89536871889736
1314199,91.42778005023509
1246353,54.40203136771213
1149555,199.1112552534437
1396135,422.0608218565453
1079551,448.2700120100784
1053202,139.0116381192555
1072177,129.26030614222194
1025739,166.10290094256754
1038618,638.7030583253515
1287323,265.5829047531266
1442692,520.8321484963823
1288843,122.44954669744524
1148186,114.26208419466481
1242462,81.74213726842542
1395800,104.86066330227877
1040709,244.02295308037887
1461640,184.30512731180178
1046363,50.9938807400931
1086057,47.885781707898424
1049890,54.23255329609767
1334924,454.19058600463154
1096318,551.5963033864673
1498269,398.14854327793074
1425062,30.19015613208508
1242346,113.66104457728252
1234773,178.60121766929217
1130917,257.7059060537376
1341706,324.959446528997
1337776,259.6121800909513
1495700,198.18334482112866
1402640,150.23274616508309
1147717,55.09894352880568
1074836,127.90015688173995
1019957,37.80730243679392
1183904,127.56377228361768
1062706,117.60374017148906
1140872,414.87460028228855
1280927,456.59487129642974
1107079,160.20095964940015
1094469,240.8893917804225
1224648,241.64860107866434
1329069,78.37998404204086
1209615,31.74286864605064
1134462,70.76500245272757
1373589,60.68096878057592
1431663,150.54554649666048
1211468,250.21113415289688
1036586,255.05738995044538
1457291,115.56000214435021
1449226,86.13868621357838
1295444,135.98141895023755
1320860,403.0911006953253
1080195,176.00915473282913
1206927,228.63073398007882
1413962,36.781791319061966
1465742,37.3773333401444
1142485,30.69411860134684
1389582,31.40306886077734
1219033,33.18529303713772
1309985,247.68138237928764
1013207,383.0715703512524
1254585,221.22013374207316
1443503,92.39612006916495
1057520,175.97339976074616
1224403,156.3530902145524
1275191,134.7405453240654
1319481,114.32418455512982
1345883,45.56366796082982
1255434,39.305793770659
1177914,23.840539630691225
1014131,34.37893761699429
1187833,26.447497930957066
1445028,53.45100756386426
1443519,41.06334976761745
1471250,309.57297361698613
1395007,373.9707371320541
1055248,173.56899943663862
1094576,64.32678301060656
1354825,56.3873041784515
1451735,31.159849132721575
1059843,131.83656223603143
1198932,132.44865267415707
1342721,60.19881169173616
1377975,111.43542799653592
1066650,126.71361725358076
1389377,181.90374828113485
1169870,86.9796510749199
1037756,85.55983782781111
1171909,17.399682444926565
1039265,16.433157203099864
1268871,16.231652128774584
1297532,17.819759454294257
1343822,73.737384712979
1012465,278.029660198118
1104045,134.74505940728207
1269118,42.40463634573267
1082751,18.13176632476803
1267215,108.091768121718
1008110,154.77669137646927
1232056,160.03172033612995
1292674,62.769371332567275
1379099,50.00322487314509
1008574,21.531479570004812
1264193,19.083493325059518
1283225,16.66547417738884
1497243,202.87530056435213
1260622,93.08080456079288
1339521,184.95647087635416
1494899,701.884708104317
1090667,373.36805883523186
1439963,242.92776457824058
1446122,36.4990439707906
1085349,106.71285134093846
1418236,67.66729362763148
1057956,287.07115094267624
1434673,316.40224766266095
1203450,513.0419349468137
1089484,65.36061810591444
1381379,41.48707783101225
1226448,79.67534799015212
1467198,424.3784510042081
1253582,188.74586301518983
1165274,373.8537918547999
1226763,52.25373015673528
1163319,50.93631131290054
1315655,59.213120517702585
1240789,84.87240724983623
1100886,52.62641302408903
1376495,36.49746107716502
1011715,43.17437668030431
1090753,278.62537503653465
1178623,307.08680490468544
1352301,159.89842815456834
1477801,23.320019071575306
1208670,24.784875281654553
1257355,20.372968621671458
1135300,181.117016673024
1004740,196.59426750838296
1306161,233.98974608991037
1201146,95.3100611497378
1034776,57.713213299356134
1370689,72.9840198057028
1262003,68.67028424797373
1378297,110.63532982424654
1368146,165.96538969905046
1068192,228.92855437167708
1463428,237.3304736690923
1173571,179.17447535057474
1455968,144.5302408811846
1191755,124.77619127691403
1150362,81.87067276709726
1070659,32.63068521629095
1224559,84.77056213352571
1493370,71.66434606855408
1392377,171.26834419587937
1056240,168.6115721232233
1014892,130.20963173814147
1251774,423.4908952184422
1487777,296.14534820212555
1249239,156.948214894461
1478849,27.39727860857491
1376645,48.78474868285597
1345333,46.17309190604188
1224660,95.97195587349026
1232767,237.46507110533935
1009181,292.00696518195116
1126946,59.68402492243183
1355439,39.288628314875886
1006250,69.12833560151446
1176343,404.96490060968154
1463133,228.7214360108782
1144523,358.8967728068107
1499988,141.99699915115306
1498160,143.8910725227471
1257346,103.89746568570295
1485910,52.38619308282068
1451221,135.83746889607866
1387533,160.29348879002163
1157584,44.78108229674057
1413278,36.78744439631217
1333981,50.13926225930767
1085005,394.6505704824247
1054736,388.6820356457062
1104702,267.52886931581725
1381323,19.68194256277286
1344068,25.12807226977944
1052303,20.408235218348743
1018360,85.16540646237746
1306940,128.83687399398215
1300692,178.34839833003826
1171279,113.35974406585986
1438175,112.93038243307325
1173109,144.61057078293584
1337250,118.54004221096994
1056761,85.42668082422354
1135371,156.12474813500768
1378200,33.74312409182368
1272135,89.82350037741547
1054088,50.51254212453578
1344699,319.7606553090299
1206358,217.04955331357323
1323853,81.88014946745861
1101699,1923.441303539947
1266254,1083.9447424623668
1242076,762.8315794225642
1415273,75.37007231679235
1268510,192.3491754080185
1256636,146.89666114327343
1410268,714.0462986508815
1108062,780.0785076064655
1497719,903.7909887706705
1106934,99.26764684252846
1033797,96.95277528934777
1041160,218.74112523536925
1126396,1148.2562028443147
1242200,556.9038000090828
1306384,921.1888091328606
1058059,102.70407886639822
1089322,76.12431397066385
1446736,57.91471474863853
1001101,77.61699647192644
1122981,178.26400090100321
1078580,126.95996883391818
1175594,100.15222520322719
1205864,112.34897223355821
1316507,74.8811886059657
1482706,694.4586620930221
1046238,690.0795690374416
1020444,266.22609513337153
1338003,33.983727221579514
1399537,33.06966516759662
1002793,39.66549457115672
1466289,416.56674837507103
1013187,605.0849142222326
1322076,541.2369083834076
1161027,134.98315483565966
1349737,136.47438957150067
1291976,103.85298079745361
1007039,89.97077090825626
1258074,153.0997591640723
1415587,319.45151663234304
1484457,267.9973176701535
1005745,377.44662487447476
1377865,310.86316341669095
1457732,265.6559146558311
1179188,376.38054185596474
1327218,211.80297254473
1202641,58.89915176807872
1106286,171.73954409965705
1175735,174.19803698292588
1138288,460.0393512206637
1476138,389.93632343522495
1454707,258.2461971560925
1039235,108.37964412263095
1068339,132.30000794795924
1092183,47.97500015237664
1324963,111.02696756929028
1257720,79.52117017850422
1076387,140.5963065638539
1209661,274.7067717858985
1208465,105.00527099639172
1111884,68.84502357034341
1454997,71.16750439123702
1050572,398.09879995376576
1467559,166.7708599331
1214425,177.7032215813008
1162278,21.21128261621584
1248010,49.95667663953179
1376824,37.5660925780262
1398291,111.17965384097286
1085069,632.1155086826476
1122525,394.4550450188234
1075559,15.700016040123892
1344759,109.86106919735658
1212897,130.9625776039143
1418671,121.94301395897101
1271431,58.79206918521459
1287363,46.39304580957135
1064175,19.917720410879213
1125114,28.435694365711893
1472836,123.38182198622434
1013458,124.2548441120775
1391771,517.4187757798072
1331170,542.5435744596665
1242406,211.38162496350174
1105837,795.9223620054266
1211259,533.8459888208604
1164052,319.15300402625576
1274142,30.42755222551817
1356105,87.20174511959502
1088860,70.30874619371238
1129795,491.91380282078677
1493321,471.8781695604679
1161618,641.111287540647
1212298,107.17687916463863
1135403,85.5419611121515
1435855,162.93868241884664
1212422,599.3522980098799
1412227,283.2362849028113
1128323,401.9148545274923
1357585,37.230062630825664
1266101,29.00460270994214
1306121,69.30626124822429
1415533,48.379141950493946
1292424,50.808696242608995
1376664,32.05071088175302
1253822,43.156237013489985
1355799,432.1516332242835
1408441,447.8013738370637
1390132,202.34053304357735
1118778,18.68213369484393
1373867,21.067009102601464
1321455,296.1727133383924
1162414,355.8005005258093
1275261,238.0181053479797
1164241,50.19498726591087
1422145,53.559812687580376
1119440,84.65675527543347
1173756,111.83291680950856
1154587,255.26724214287117
1123456,373.1543470766208
1008268,375.8289705434516
1219964,251.22386776619268
1461264,148.78080417700693
1146910,63.262996506986696
1110355,73.1430645870498
1411557,30.116865635919236
1055855,82.01756986494847
1043603,54.03634477925357
1264146,394.8900431752268
1033866,322.3913766009297
1209072,266.99635804221646
1060160,976.8525083531741
1352289,458.37818441883906
1172228,271.90563195857607
1395626,40.71978328186283
1455355,73.41145103659527
1055663,65.6498395929849
1287217,397.26150206694024
1088601,441.1594480763915
1278366,727.3702711193257
1026791,56.02120577215915
1036303,61.19710038398689
1254559,141.6397450218307
1427581,622.6365812634651
1394444,251.82952249577
1263854,590.2244402829737
1051269,106.72812981257192
1308881,117.07954625178336
1073830,67.7001333640099
1405838,173.45632079344415
1183018,172.11445945399302
1040180,69.53282370191786
1458738,41.226911238933624
1248662,481.843683446846
1022436,504.03132133036723
1187815,243.19860315999918
1256719,24.158303276931406
1333426,32.574725207691344
1228432,149.17160364351574
1282969,266.7400945163003
1400162,275.91886957220015
1059632,118.09253542518917
1031228,147.71947236248832
1254371,80.25366124042016
1409072,73.72032391817329
1070652,140.37971454438215
1367274,273.4485737644432
1248470,371.84379485909807
1152711,334.21855805580776
1233398,223.73718296236788
1160549,239.61813294296323
1448305,220.98558730304902
1128571,166.6593567011353
1454724,38.11762964824169
1403528,80.45134996705616
1489033,88.62772533434756
1162008,370.74513228702835
1469871,298.20395511832004
1065280,181.06964569723954
1416500,74.7797309841738
1295639,75.8918154958594
1322499,51.47995026172341
1450524,28.8011313913043
1203643,115.5535351223364
1239385,65.24505830075638
1127908,95.0202600306564
1445551,128.06405877575122
1101411,96.47140069440931
1076286,306.644542169206
1170173,135.76366272795758
1065778,188.84644614935445
1282021,23.911928550089
1369620,24.932620182717457
1064144,27.486258349950837
1499298,72.53156885477463
1410217,539.0115010476175
1460719,363.94734987865576
1369178,15.851941946787107
1102465,130.82469927301358
1491328,142.26466477676996
1331730,128.23120384341385
1401710,34.308351045938316
1036537,38.976219984904574
1340596,31.990729215449164
1140522,22.050819417336903
1198427,22.769438258982
1041032,95.8230815410291
1252477,310.93966980251537
1091144,309.0100802209228
1377051,215.4082169546744
1027086,503.97421237198654
1035806,358.86637205300434
1243642,202.79854180084797
1314053,64.03005438841531
1320763,145.4133739692055
1006967,125.69528115008966
1267729,222.0969606290218
1477291,554.822497128552
1368058,451.34152011750336
1324032,77.99026897026938
1197090,94.6655577722937
1208581,93.04207265561935
1081641,855.5646239666218
1253251,306.78417466506863
1317166,686.1326655295859
1059560,144.42993031273136
1334347,123.1575203365257
1294936,112.19301216795526
1066867,226.69767187299493
1380226,227.284826428016
1020582,89.8322209241173
1226007,85.312714990226
1008005,117.20122033823452
1394036,454.5961386086095
1058307,545.4068143574414
1128007,246.88187774152507
1005386,33.06761074387407
1192006,37.24523041484516
1275913,41.77150769630913
1384833,125.56997745372702
1117920,226.78692986759484
1034950,252.4887715434144
1013635,182.50988699457946
1055153,157.70164120911497
1266186,133.5218470854869
1421520,184.4997239981935
1293094,135.93897853702597
1424764,301.6621198005627
1142191,61.12921749846769
1178898,187.63459149135363
1357653,159.1921184200832
1363374,527.4168926923916
1363447,512.0507276132744
1473145,151.15991998514951
1452523,299.3271717927209
1100864,282.19062911376784
1397501,59.3987951392479
1208517,21.836788476516837
1139190,66.22660186544394
1132599,58.10490902890228
1146408,229.5909893999561
1210647,481.03726647627064
1381063,308.9461254979349
1429146,128.6444144998527
1216651,157.1944951385346
1403968,151.08451072531378
1067138,291.83891468255626
1465247,251.4101102032974
1344138,181.4707498374682
1032870,36.13515850299049
1025076,44.71945884915471
1448384,60.17733318634001
1398655,29.31151652939459
1411724,26.51119808001399
1143819,37.095570579010776
1090620,254.47674361990096
1200363,281.9189895117648
1108974,160.7215426337985
1160402,16.616430996522148
1212494,75.22928940155234
1142875,144.0211817487704
1040784,111.86704665271164
1063831,113.95344993607901
1103952,103.84440436272584
1194353,62.76386400162785
1102241,31.781107172115206
1191088,47.48294913974833
1220591,20.510589676404738
1259696,54.60059981684374
1136582,47.680814509704696
1155966,346.69343104705774
1073642,453.8335145980287
1309602,143.8707135710531
1078309,1513.079574529999
1164850,738.584198695002
1221502,237.386004797556
1009487,50.04142325893966
1376888,84.42075242083752
1485207,579.2976968072282
1014696,657.5107758326927
1383441,925.6225125282111
1371087,137.96481891490316
1476917,97.91301720415886
1276499,187.5489658949369
1446430,825.1063772447326
1229678,412.65131881716036
1009292,756.93857615702
1001171,72.88140147391265
1137404,44.99672861202172
1375821,60.74428071813866
1062616,67.93129110357215
1079738,53.349246279910886
1290947,63.162612260408864
1013855,52.106836206833556
1154323,52.24924447472273
1395980,595.7218931775321
1441315,475.48169786531287
1019358,200.61311622095647
1092629,24.773675352261236
1145112,23.670571729228964
1445208,26.603421983509346
1261902,46.77986879822083
1302322,65.04008390943709
1370543,164.1982940884612
1265371,272.02111297248183
1127141,324.47799909156487
1490162,174.32475393610363
1060861,110.09685627633768
1023077,242.51722126596835
1484782,268.9500531875649
1262037,311.49034827910907
1098189,279.0728467970514
1325113,196.67595770306244
1497786,156.7503057951714
1073615,144.57920841896328
1236135,76.52985657150705
1340927,38.820506976518615
1159933,102.92255892679508
1156490,102.10577929832395
1457848,398.39501489383815
1495944,340.078379831784
1392169,180.4437385159979
1455460,515.660467030046
1140660,249.2467926377906
1322916,65.4777072350954
1218064,39.49404707942855
1220578,80.57564424172949
1216185,67.25797142490578
1020213,151.00377588998623
1053587,411.75129415284044
1434574,251.3173622819035
1232933,78.18283113477843
1247358,103.45890069721658
1240750,108.77401034108637
1083061,373.57651152091245
1306822,228.2913258059565
1212344,306.416665311457
1020358,102.29274308594795
1175372,70.20489546676376
1063846,65.52410849689296
1176603,100.5918394547134
1208555,112.54461483753425
1215805,51.76031782263398
1330549,42.690360799719116
1373401,48.257959493277276
1167183,214.90343758017303
1465135,495.37165371398316
1426834,304.3745739467853
1026154,20.16666169695272
1099028,21.06486236955302
1462415,121.75655655144259
1441751,144.74547303187902
1383303,183.6965325057216
1206105,117.17418678909301
1073905,122.50525034758358
1492052,59.199842579744704
1455622,59.17520359347421
1240058,37.28226070945757
1186355,28.24123551299768
1020825,72.31465108660649
1364564,59.6348315507676
1029205,349.0095346269164
1478725,332.1511926309088
1188897,151.7107393217975
1285247,650.948881836758
1474891,395.8513799439258
1027212,169.76101613052205
1147355,26.09121252084641
1455107,63.217635223685505
1367592,179.38034753565236
1351864,293.3875855345669
1117537,326.95439448041896
1268577,89.91812729940322
1272369,85.47880702410367
1022529,142.14703803997168
1407632,479.4713767553253
1476518,193.32406252912398
1310846,310.91790778359774
1401384,86.82446307589478
1334308,45.901907040701715
1216744,37.04143066910759
1411562,119.8513796675155
1361089,79.94956096449853
1266842,39.65987646629658
1197346,29.530088608267047
1408990,46.397435388230136
1173866,357.79338144208737
1197580,440.1640204083439
1482256,297.2617301840946
1469038,17.278123235553842
1265086,23.108780912726896
1435363,116.89620357902595
1098504,138.62801026758274
1470110,188.18136992830168
1014856,251.76570311271726
1304171,162.89483273703436
1169912,114.88700828294469
1169788,89.18351214766712
1305399,40.427352283356974
1297768,49.09731882322286
1447875,26.6528254125318
1061654,63.10382920097885
1288892,44.146728820858165
1370978,394.7465552358747
1018332,390.01633655809627
1482488,171.62180586878563
1226206,437.6841147184
1359566,252.89089014391016
1122220,89.27292163990023
1361124,40.66602367976565
1485074,55.31760903624952
1055147,45.62283702484681
1332121,229.68049573193886
1254062,512.4936575752133
1005089,272.5323920683563
1013929,177.46177084937767
1485789,139.96718224801253
1173106,91.44483268120338
1173239,412.014524568171
1106978,133.9926619785656
1264303,306.5365837211657
1295580,27.9783250113295
1059133,71.84564000417491
1253909,48.7190158448822
1441728,33.084956683299275
1435074,33.723776514417025
1209374,40.366360908920925
1070634,202.3096089136972
1384764,362.5363283210809
1109661,201.98649214433064
1260990,21.57390411058704
1495776,20.298968555637117
1361715,65.84487164164418
1367986,105.42566856100815
1339738,61.745085437319474
1168006,70.37227973371313
1127551,62.55669454237384
1145891,89.97559837764696
1245972,45.8017866296926
1156328,118.49969123002593
1167613,29.12402660647846
1251253,51.29953182911083
1089488,38.4147587410587
1442686,341.5500340561951
1122897,348.2687574444806
1191425,73.33400180960484
1451363,597.9337262529818
1017978,377.57948752579466
1329321,197.85765272523892
1246499,27.58733261445536
1128581,55.002286390821666
1304389,49.09603216710476
1293491,166.94354539779528
1378231,296.6672616273264
1070072,325.40495723957747
1150354,78.21867148234155
1039951,67.10330320161309
1333906,73.64789560674411
1131712,357.9788517983166
1453878,161.79976237854208
1068668,305.4993060698804
1493420,77.83392762895825
1028234,53.27715684461905
1386496,46.856293094185844
1042053,30.234769244907955
1196922,103.30596491081118
1040737,94.96363047458567
1065819,30.60484579372768
1025496,30.243479916423215
1266139,42.01195145214317
1140717,187.01934932918726
1429810,302.37142755406984
1278363,161.88742073538563
1365006,22.32813732507938
1486505,26.881581904582323
1233411,22.47346388831294
1174361,64.53454435011399
1345956,91.48190954043378
1487066,124.32224754815937
1412186,95.69032080650642
1079827,79.69439394020333
1050897,78.94847131277054
1234163,60.15842260826932
1304337,86.273402959359
1087455,72.72367461450573
1071359,46.39539449901829
1172474,279.8853468089922
1218040,250.7485803596442
1364913,100.93568788441853
1421572,591.787097282541
1165704,428.4930284009042
1332421,243.90545559201786
1041334,38.01239086142366
1077637,85.58052371345806
1332253,85.15572257594748
1189355,292.58348906886147
1314410,333.0140392493847
1288385,443.64821259702234
1146363,117.03065356074961
1446195,145.37416405464938
1428079,188.80428564534407
1000357,315.48973318473645
1148714,229.18387129186667
1494973,321.74226192667874
1422995,28.58684803363029
1369219,21.759150732382608
1203139,37.36091093702898
1381422,32.76009136950784
1217098,29.297044232594533
1039931,29.173930834072863
1281119,32.729540986224315
1076815,333.5410651864898
1024232,251.74699406518593
1462666,114.16098833813828
1278254,17.893052601911858
1297002,19.327341077690505
1054426,96.46265621266383
1331830,197.01319335679267
1242168,49.686623555418066
1184109,45.52828662620545
1340270,62.94850640643414
1269866,63.42315806074819
1043470,117.26899496972159
1425669,125.50852586561004
1188645,290.085213520416
1425768,218.5175452093799
1031064,191.51982410847933
1049619,86.458664869043
1442195,55.89252517693069
1486459,30.968761712475047
1342433,24.704713235447556
1199358,58.22269032509244
1026899,41.06513985206137
1140924,178.74469658136664
1163539,183.21383128123
1437111,164.35931950755574
1463289,533.2009071834356
1332634,337.62974845398924
1023555,202.43016563806495
1228894,57.43084471564291
1100285,234.26311190048318
1478601,349.7319507223125
1323239,453.13629834634474
1354676,95.92839728567257
1194259,81.82060969418662
1318614,136.31999291161742
1191961,340.17681236506144
1122956,227.51777446122188
1081854,317.03779131749775
1175553,41.63427620800265
1204209,42.428674396211896
1077085,56.42623347414901
1380942,38.24701315997617
1426362,48.59208512379585
1209170,31.23891561646264
1092575,38.481121710341704
1169201,235.64082265057564
1203547,193.95783936078263
1165216,166.3067437697723
1003607,18.940048247270898
1362241,159.4626194154669
1035344,245.2131655544563
1245219,212.0780958386624
1169218,49.757723184200614
1289437,44.67805792008749
1429851,62.38672276975941
1125820,98.68205315658226
1365966,165.2689065441787
1238324,163.77334463976382
1468842,252.77115606467595
1006290,186.57312525547167
1318381,140.26925893021485
1005859,84.97761202822866
1461709,62.908784343553194
1288697,28.04851710981468
1286176,58.36762491634554
1070978,59.57840811069165
1105358,267.47007792372824
1100655,152.9811988548299
1352006,109.98345388131797
1058810,529.388132216533
1086365,318.3950452587769
1029141,170.34794841334048
1269485,66.08262329743323
1459115,110.37138206068852
1473731,78.51024395292313
1372061,254.62448102373983
1207433,440.35423168410256
1107812,466.98345000339594
1194682,66.75712664121644
1196913,74.69854936262897
1006258,116.21844081410286
1266052,572.2085585812482
1127841,346.48508556805893
1250099,493.61901374955704
1414515,51.2956277796151
1333316,42.91709807165094
1351402,68.72157634340775
1276151,56.844840969294424
1146781,56.60715193664294
1192028,68.75006240953302
1309566,39.97563512075798
1317399,52.52400693975985
1125915,247.62477391107174
1226596,538.0568055054234
1275552,234.57659024620372
1213443,26.339035080992325
1097854,20.041802297911975
1245940,24.71472776405239
1416156,125.13680027858064
1421658,173.44801163524411
1163541,127.97080465934789
1057891,81.8639371103251
1295122,51.74010599993967
1150550,57.22819128484206
1249152,74.03515812044789
1071750,120.58288523793578
1021922,167.55441592112564
1005087,174.56801154712932
1480809,251.89456000883885
1027495,137.64379253959052
1380376,72.14282487605372
1028216,121.51852868928398
1308459,78.58524031299466
1217898,43.82930215058912
1359469,111.57135295697768
1471285,80.14638663131946
1094380,424.3341511056473
1464888,326.69584943870103
1251882,205.9045750251567
1242910,124.58349248219852
1081466,136.21012528104706
1018551,44.489894415839316
1304675,25.019233105689654
1032172,41.01833862537662
1270116,33.213741198965195
1110391,138.73592843558043
1442758,216.67871746310993
1484598,122.57189228952261
1219920,56.88105518738823
1383829,86.53971584384723
1453460,90.49539735770544
1495381,296.0483955335936
1130262,129.8869029331838
1497306,126.52394809212173
1180934,24.25966958832763
1333737,23.940711267713112
1159717,25.24578385167883
1345251,26.49557686428338
1098053,129.1686386088424
1398868,457.47306656081213
1179749,257.80309553627785
1278640,15.310928302947197
1223784,69.73540651482267
1107223,99.64346473363781
1421641,98.79828611076326
1339264,64.37289255866769
1449517,24.965086634060572
1042350,19.659092892683297
1198402,59.67474431396508
1480977,48.66967552945278
1098302,402.020429248262
1023961,541.442466069735
1429401,179.20107010238868
1344564,392.00607938410803
1133180,279.91555324611846
1089923,114.4513741490438
1097734,95.2176135952598
1330797,166.2505150952004
1008740,163.39877367650254
1411677,33.44908818600692
1125014,32.231153330086585
1081759,362.27196175454986
1159985,136.80746719925406
1035134,324.9389037425288
1262324,70.50394080494162
1403943,41.16492343187422
1265976,68.12250662014138
1277900,129.5591178626475
1178504,112.35638000932113
1213543,33.969642934868034
1201828,27.325293512982082
1389024,39.05526950553723
1384865,253.17174569532492
1429716,273.17854732276163
1146686,191.59203135502833
1399512,21.96493875048154
1030633,49.942356541040546
1138952,64.64277199907168
1230579,110.32358845889686
1389919,145.44285100697167
1420003,54.45536258393375
1160479,82.07350074680016
1043535,95.96451683859122
1083443,55.1177238995218
1212347,100.9945022988786
1390131,27.19691952747765
1354703,63.76808694127347
1489368,53.01255059727338
1295553,187.61866225962993
1119919,180.01122552846905
1132518,62.541726518660184
1244054,389.25027694500864
1203291,455.82057576856977
1217356,219.7097622354835
1473548,41.64196522581077
1478840,100.89417952152075
1491460,62.824884880043314
1025963,215.01361232568811
1125836,356.8649426608718
1327424,339.17798500869327
1032828,92.361574261278
1068263,71.54933217349968
1141726,121.65162471890059
1478947,463.552826895883
1240963,191.1825534024204
1090759,331.23083134536625
1038585,60.7900642982018
1420464,59.270602381283396
1254662,41.18100640003605
1363268,73.57664982504892
1061961,65.5549347122216
1440975,46.85764761086013
1116828,50.7142828444607
1202577,65.50497192187952
1474314,261.4197722428708
1043817,471.91292404346615
1058272,288.1689584574968
1366046,25.915521796135604
1170237,21.86253303684758
1085268,24.430851451133027
1056045,91.01096870683881
1213459,135.1869502560673
1382552,164.02022697791926
1397881,134.93725864539667
1268551,144.92834913653277
1206949,91.52663536004904
1119959,85.30484659767701
1245848,43.599380417856786
1273741,91.4005120614243
1350159,41.05862155222833
1154093,113.02447258932385
1042999,71.12346504172731
1029565,325.7155028905198
1433312,364.2684391525699
1135202,175.2301376024012
1272211,198.697566522176
1146755,202.73404016750007
1010943,45.04614828072382
1191732,78.72901273125784
1349858,57.00867528215419
1049229,219.53641804441236
1041144,396.23916084046436
1002909,218.67480010554615
1126860,112.38572068307225
1347688,134.20095601086405
1252534,127.7093986278798
1105948,318.2144591549757
1340269,172.4612202003224
1030597,204.25208037538124
1020364,33.278349674344646
1247229,46.92592585967921
1280198,30.49976173674569
1217010,29.644460762913965
1049688,33.541392985432644
1299135,117.3151534097414
1073390,344.8963083296874
1282574,148.5688850610982
1288078,76.16333300940563
1405744,110.59491996839701
1197826,81.2101754080331
1110776,69.81120112970876
1480031,72.8596872851427
1193063,50.28494797120515
1090317,24.832214420052345
1426495,25.67564416465112
1446133,49.26745573489533
1330414,41.256140599207896
1263575,334.39423979828916
1184160,384.79801273872664
1197552,157.6744415167744
1077911,280.80104320793646
1256467,242.0503735522849
1191693,82.2779402236875
1170203,56.9152350183234
1439732,117.93363810643685
1165138,87.34571094582115
1453266,158.87060226379734
1427081,233.95855376275432
1403985,132.1290580361172
1284845,79.4165198252204
1428415,73.70363667919626
1335320,114.65016078920414
1159106,572.2708964904087
1207004,170.4723112439782
1022881,269.12187185117745
1371483,50.416024012447
1427335,40.0355677329336
1157246,32.85525613075026
1385087,60.25118008250207
1368564,157.52814669959355
1311096,540.4943809007284
1309826,350.9927906614216
1117757,23.13172377583618
1268876,117.70233002796836
1139409,151.58988061355217
1315421,155.2179223836638
1307693,137.09414807260978
1351780,128.94806549640316
1240833,103.99689482371335
1292779,75.47718280093041
1004955,31.285489163384177
1058696,50.75170911151564
1440829,44.288993744145856
1087516,146.67691020363728
1212398,92.75608704062337
1174663,356.9137987418793
1227160,508.76670445857235
1371034,149.3938715604373
1447838,534.4641761402509
1118795,447.7635313405406
1229556,253.21156141489212
1318629,63.741152737958316
1201803,86.17584341339483
1108210,55.034744898004575
1084729,244.3117635085367
1329157,291.68774339138514
1173501,356.9042174541815
1345020,72.54490536922349
1428650,92.59452291634646
1361789,97.32144220523412
1204938,479.38341676928144
1459959,226.03139455996157
1009864,415.4292645193502
1176675,70.75234528218621
1453409,50.62750193446829
1336507,92.2331317079228
1328456,149.04422857718365
1313891,154.29244056508378
1468663,49.60102824051199
1318421,41.80802345090736
1007837,52.427498554287645
1417926,294.39351210770997
1144631,433.69639348670455
1123946,253.79503070029162
1090477,34.2819022156466
1414267,25.40559573517096
1329543,81.3588195991847
1406534,91.25258427142774
1431237,169.6554642639799
1010486,168.03639779299445
1004166,141.03942495904516
1403955,219.06341181213355
1245398,184.52627013983977
1064134,166.51267204476636
1320738,322.1042137229032
1043919,29.63865265968808
1197159,71.80382679895337
1122164,56.12430082513768
1250396,402.4697565133209
1078267,392.95456888405914
1320587,118.53594571496517
1438968,1185.0280769286162
1445553,693.280862603441
1430625,362.9928513536929
1430923,44.79368146296488
1255590,142.27480823679582
1174194,117.5653088943539
1268149,626.8843168327571
1435775,569.2490114526737
1001078,890.5105778377724
1356321,117.4812792859444
1238399,149.37883661360308
1247434,276.76946314714303
1372264,657.1196322498821
1367722,515.4503040945899
1131831,641.9743117151928
1450298,60.827874009112975
1236521,40.025040118587235
1417628,51.12295627516359
1302103,64.46937847760182
1075661,40.07614330841787
1052678,62.279452970808244
1116456,46.30167449616019
1210918,58.124709323886
1238372,606.299273928925
1200100,569.2502163402622
1308118,233.80105384956062
1025514,20.158850624534992
1073171,24.531401158593347
1343697,343.72918398514014
1206094,435.2594344488026
1213565,469.03074572494216
1133994,69.6392890147543
1406832,64.56674564122325
1199518,61.062095631440165
1465945,119.25358610793629
1360766,164.38267020197873
1172793,270.0218954598831
1477841,385.6747119645592
1480419,489.4772162040148
1266200,218.1178873566152
1228974,150.97992154029262
1443865,106.69693754859239
1110747,86.71600231538905
1259815,31.893767647124584
1222703,87.83180799183879
1416211,66.55432352434056
1289707,512.3392744182861
1350731,315.77337939980777
1315773,379.23196428231597
1462684,355.2347522126878
1265062,315.467562688213
1087576,152.83412632513696
1193331,23.25028526635496
1179725,58.137978128930655
1162092,177.7908799367668
1152578,261.45920965771586
1209604,243.2890497145414
1236773,46.248574440740164
1309943,54.03591171385928
1460971,62.59137612147272
1217450,359.1086321309354
1045376,166.71616419979944
1443469,331.75275330763753
1462830,69.08059185144803
1255402,69.86632510531801
1167286,44.92368895877244
1059507,70.6468630887704
1079973,185.08488023548742
1483889,214.24383492592113
1012794,39.98646630319142
1078273,29.854455420154007
1105636,38.87207481431127
1197957,220.85749550429125
1129900,298.69533324383485
1399359,176.21063921643542
1435778,20.814927146204646
1115944,29.57573849823423
1148006,23.708287691155704
1004198,74.70133049862852
1071538,82.58180695812236
1179231,136.08441604850552
1183707,98.03872460208667
1492404,65.62963317488156
1069594,137.29489723295444
1475387,66.05593160108707
1389608,120.39491955187164
1257603,28.892501698651408
1468813,80.01112213739226
1190954,60.4032098247536
1231442,255.28605814062377
1426101,223.41230754645755
1011026,90.31687065562092
1494285,210.70007460662544
1127975,167.03447358552233
1254456,56.61973447971652
1433132,36.876965506351794
1385563,136.86076862973852
1329092,83.47736072448289
1024456,315.2090866087332
1441633,504.45167505021004
1005331,240.11974190953143
1255283,68.58125019487774
1268877,75.041390373363
1191347,83.57304238932731
1367529,522.4677800265447
1392509,220.90913425817698
1443604,264.5063856349263
1242946,25.761945732551467
1158962,43.42140352359454
1266951,54.97185009872568
1393559,34.43352132515323
1171262,39.83779392034987
1259868,47.479854159428534
1099206,165.04343178050243
1439182,662.9694642142948
1330691,705.8204003640326
1199867,18.714898753462595
1359174,18.85777400856632
1478755,147.3848301496326
1437302,153.473111413331
1142646,173.70038039423287
1428338,42.37713087643369
1494524,81.5481197957442
1318530,50.89619843037579
1031981,28.714590413590376
1103507,37.04497149862128
1048429,34.284099571800496
1066501,161.3418581571977
1142079,119.29312594770292
1199171,561.0051730102912
1423076,636.4169023344721
1375347,359.785583771128
1363494,414.3131867542455
1168706,421.316275766148
1286957,251.81962297023392
1297773,40.02051387722766
1127311,99.0810187637681
1278238,81.61061434572497
1246917,309.8134280234051
1255329,474.48387315116673
1297788,416.5548047027452
1362697,206.18950521409033
1377302,126.34257668698211
1129605,200.4328599323909
1186097,414.7773237064526
1166420,256.00329545249315
1144128,403.8605578134124
1465478,55.186748904089235
1439785,111.18726000060548
1452155,92.25281572465889
1412612,57.91985768280894
1042812,40.80731536930627
1140317,61.85078100674764
1441282,300.5846528893262
1420561,356.06008407960076
1052770,198.27869293220795
1492355,22.537842367613475
1123588,21.41159853623376
1205947,25.764054161904635
1397772,111.2142920212522
1430108,194.46164685841973
1123252,171.46562139265998
1019322,274.5744718598087
1019113,202.3679144500962
1476280,136.06706917714004
1446657,67.84631989297202
1442076,56.17942177745671
1199873,119.94348501304385
1053654,27.003469540860358
1493948,92.21138132447187
1087207,78.60567978848496
1193820,422.64514687528924
1401050,470.09428164347247
1241369,132.5490030026549
1331635,523.9312306914948
1275462,338.78718724050145
1226852,228.45813146621668
1321242,27.283053409498933
1447608,91.02409780522993
1467746,265.1825670964583
1497186,278.5443920735761
1421624,426.100913620131
1103191,49.35452340460861
1232381,63.72148262479594
1351626,87.83493541231425
1336135,328.5984454195849
1126452,190.0880503449261
1370737,285.41811239491994
1020027,30.74445128694607
1312294,23.895940692571124
1113562,26.295451970418913
1267715,51.23372207101364
1157131,55.526580382307976
1127567,35.43942660059376
1393273,38.101235101135266
1301677,31.04060866227215
1429577,245.33576720422502
1413066,259.1545008952936
1273196,141.8156868619118
1065500,18.471044741461125
1442450,22.962100666383048
1179865,18.322936976148952
1229492,68.83456767268459
1283364,171.55138133154296
1480985,175.77810484491053
1164611,50.77973355241384
1286172,45.33923969621579
1395783,52.19596699529534
1177550,53.826584824886126
1412772,60.95125706381466
1325211,122.40707542172501
1331898,161.98285048713146
1027577,80.39075885629583
1211409,82.72688851319882
1119268,83.23962858573042
1409353,86.94512524231952
1239768,54.50352328601981
1016320,27.198734395221663
1350029,68.66752033952758
1165320,57.783630390381134
1114413,225.61650168031002
1374639,175.04456932410463
1263967,152.79251042842841
1431639,747.9380119272788
1439212,510.33690353554533
1243982,333.5958667200277
1425722,21.56260760428172
1357621,74.7919107349162
1080059,63.48278858136446
1342822,427.42144796510877
1100321,458.4556012574732
1237813,556.6610512945513
1300518,156.25934962088297
1114521,170.14437203316987
1385419,212.7759549254057
1250718,487.51005444593125
1499934,393.0520216333377
1466058,450.8604819408254
1149575,32.24243335108327
1003527,30.560603628302502
1436210,29.571374072713056
1495418,42.78323870288714
1018177,34.36484851201331
1222779,33.453916910837734
1278720,568.7872428431241
1425342,515.1143700283368
1247856,228.27850670306572
1296233,17.72465481192052
1299299,18.059943856500997
1040011,68.74037415743946
1047541,130.28991412839875
1416939,75.23079935821384
1307589,72.04358910951315
1154900,71.54261588875492
1447474,112.63830628754275
1498148,178.7947682149226
1032041,222.15555545955297
1441254,218.04566977491936
1270780,208.29574275262743
1283042,124.53016734564453
1284049,44.790257145802435
1451216,59.53332854938562
1159551,30.03425650332464
1226506,55.90459978154129
1065345,33.20437355536628
1421154,388.17542488238195
1254784,259.78435084086004
1067670,290.59937441518844
1249310,1731.118488916014
1109152,855.9142553856105
1059263,510.55046262165496
1127296,69.0599444803327
1177149,116.36894437036341
1193901,97.41173159687538
1305434,525.4313480504585
1169253,583.2866453593508
1439432,963.433031347811
1369386,74.04929261541292
1187366,71.27308063237275
1383898,210.13153699202118
1040191,1043.3127233127582
1026483,508.55718454572104
1418641,877.294281924747
1446160,135.86395728943015
1300731,126.4241580766255
1359618,62.180244171786235
1248156,293.8122427890413
1294670,227.465793430949
1478985,182.82251528756038
1368481,100.25474631804381
1333433,67.9146736489836
1434239,74.64018874566698
1257619,711.0529685768881
1094504,961.8055096880532
1300383,821.6030100491195
1384829,36.33250120234107
1005407,48.585264546122616
1315724,29.854332191609792
1177648,229.3432958367279
1039799,455.886467286546
1050610,498.2055685573469
1215378,119.33119303013929
1420586,100.1712141646614
1355314,108.64595427975101
1200145,129.00987357339912
1352856,164.49148106251934
1490730,409.75871252539196
1140936,457.4220481543167
1100311,402.19077106372504
1280962,336.25580871901633
1188460,291.53044245797594
1241716,309.8174580035318
1495394,274.4281593632018
1052736,40.433824748749345
1491102,117.24499286117887
1439147,96.17283297759012
1253028,457.2799494340102
1217271,400.4698734289858
1153904,351.99836000378053
1103990,1864.4179219598338
1315380,951.9367386600135
1012578,538.6715440523112
1356121,70.60776351790972
1387352,182.81333815681947
1177494,111.57080160913327
1441552,599.9024079950349
1065795,651.7957830799081
1245852,1000.3967880396492
1485920,103.74090791759039
1282419,121.2726066274409
1474269,245.49141121383917
1122106,901.0008014290241
1419497,471.51306020407276
1491382,817.6853572333084
1334251,99.82733522916611
1107205,92.97958677065336
1342908,65.98169320886653
1389672,84.42362044505275
1115199,75.01074213671622
1466642,121.22052343846856
1075060,97.61067817697119
1286035,53.139127389967484
1216014,59.5417180484321
1202009,636.6032740393433
1447158,605.9459882035737
1116835,276.35322330957564
1216346,36.314523243757016
1295510,38.77391228158944
1286831,34.77675540714015
1495796,178.59845194155184
1477046,200.3926008237295
1423534,357.6215562773519
1070216,169.59337564927299
1260241,160.67349528254522
1376750,107.45840723594533
1331408,128.63195792891418
1239901,233.90580395251362
1195401,346.4074563516602
1083931,491.82395063951054
1445603,526.3889059826377
1331096,269.4747376955574
1085873,195.30182553509107
1106683,228.41928443395437
1334187,213.7730518120733
1103377,49.77074448260801
1015635,137.66593261582491
1254780,100.51697573583269
1379556,454.26047259458824
1461975,390.9456659073072
1104316,310.4041828067818
1395991,163.2102289772015
1395799,166.77397252506205
1204391,85.40371680630082
1080873,42.302028218373025
1111719,97.81410989148986
1210576,59.814369949152116
1172770,126.89807483898946
1265692,376.36384909572854
1042603,243.19835016014105
1182168,77.27203447137158
1277776,74.74906436796255
1131821,78.13774279290817
1174173,528.3846965747545
1337771,168.30898436678194
1202376,245.24473170536348
1444033,24.888098741941963
1163334,43.98891315419028
1279214,30.32281272592692
1296501,34.75370503854615
1033599,49.43756411430174
1174360,172.35346452306896
1291501,647.7100459265034
1298916,560.6570584285245
1423496,103.74750165012925
1293002,125.08288824929755
1076795,133.620348679317
1021481,68.77139984239457
1330908,57.61669662238983
1162720,31.638805036265552
1078467,44.85014330109124
1345403,24.77300765996762
1036433,30.152785549360434
1391656,30.896818248140228
1328210,122.50817659722985
1177028,91.37320855309986
1434055,403.70423138952117
1424721,584.8399786947084
1191920,221.31096128704058
1052756,301.7326967187425
1391034,214.70120816263372
1408065,152.99915391641915
1091688,33.50272973112784
1166031,84.76921070230242
1177255,54.47648537459585
1045371,141.47620964903297
1060513,190.81529173034787
1436754,147.5990694264121
1233478,49.40644836698533
1192154,65.52393902788943
1037962,366.5786146564893
1373312,177.83001811074558
1185011,111.66088087427971
1007240,25.96758485640363
1277562,37.61057446429488
1072334,40.62565459725199
1128376,28.56585169898947
1297522,44.66544767320711
1452541,179.72894456814885
1359919,468.82644269388817
1067207,292.4354360905424
1233545,18.14757354065145
1214743,66.89714862297755
1228910,84.81855343977776
1423994,115.22990300941677
1313304,112.0421928258487
1099679,70.38290359859509
1426844,56.815360469607
1378564,39.73143127159847
1076816,21.37666160011174
1001350,28.94900045867223
1463100,26.049501368617214
1239878,84.01814620581355
1415566,62.68201391889158
1168331,320.6712581506766
1184252,451.2381947236284
1037012,147.66172848996052
1458256,110.87803678018501
1280912,83.16524440268272
1082299,53.4971973125807
1300140,112.92479904314476
1397931,122.53116782630192
1428482,59.77103939136807
1229001,65.13044480536205
1067710,75.39632101652138
1181286,96.28275344869823
1412408,197.74533525845098
1407485,124.5803750413475
1071259,137.73256796079642
1131716,17.73663373987663
1214421,22.414166545735238
1114189,21.030519876145906
1323156,73.50722674300296
1000698,276.0214088612856
1031474,141.47015104794318
1247248,17.47213466616966
1023342,16.63651989575508
1188121,23.041990393691634
1286899,85.16379421940945
1349711,136.52355596327243
1091327,153.84826658226154
1176395,64.93540154267646
1248828,45.44443754814071
1040307,214.46239571937426
1329740,119.27356563587931
1265965,137.26176698566866
1375031,873.9463746908489
1336230,523.7077911286143
1109216,344.6949993966583
1223819,41.78837269283402
1184220,84.73457410289936
1351227,71.52111417806755
1291104,380.6942019727431
1499951,430.2366442115341
1389163,559.2544117446718
1457331,115.157109996486
1018331,85.41845044557205
1222327,209.80963589175676
1380095,463.7615094784031
1186135,323.7541347458346
1091750,470.3265709465174
1474529,35.09794357965377
1336163,32.52604857254832
1463362,76.54194683364584
1280003,100.88948397215583
1119159,78.83118692792097
1067474,59.24887692910577
1317791,36.507729113242235
1126189,47.487261314628924
1374875,437.9859486927235
1498800,499.54645549802564
1377853,216.56281671343197
1418509,21.9186862392189
1384132,22.092111359765727
1152757,140.67635036227202
1290442,185.50642092843864
1010856,230.4148325557651
1054292,71.77715804067314
1014398,55.18735866139759
1262731,91.71258075145612
1036243,102.12927043747862
1004828,153.63327316052084
1388536,250.3105340714607
1350424,388.7141085787928
1137631,408.949346303175
1381527,233.0834265982964
1161738,124.76455076954608
1308325,125.59615748757706
1202718,95.42880869718249
1478119,33.22929126330114
1328690,97.11293099233578
1346361,78.08787721339611
1332266,311.39258696268297
1356772,302.4988246347457
1084390,267.0582509179597
1419232,512.0020371251059
1387470,192.23883507692986
1478089,165.00328794999757
1331292,78.85240312971975
1430739,292.35690333819105
1105500,358.5904914392281
1249587,505.6478079838814
1207278,59.272923224126394
1067443,39.22280174110373
1016566,67.57577790470253
1378160,414.20565020551174
1497309,187.88674106381498
1370933,369.16092123294266
1481206,42.74770095000357
1369995,40.5027428190182
1350874,32.30678895864183
1112513,34.41044000355195
1147478,38.597369543427014
1293493,48.7759470174608
1387939,282.28394358888033
1191281,262.06836262454993
1092227,102.16743992599335
1178247,23.104272327870763
1169864,23.94694632524233
1174124,82.10920879772989
1278123,193.98695283788936
1075935,146.0150678204554
1220930,109.59352814916117
1219540,115.48339081361664
1055380,48.631139228661674
1036746,67.37492280491462
1022232,121.71681799458591
1010495,142.06305557618006
1023709,122.31157375985752
1462450,168.16903016900184
1120855,110.9894220517368
1418431,97.14464286019756
1219029,112.7443494173697
1482768,69.53082127775048
1229842,49.53083642820788
1206840,95.40926230727554
1235689,102.39596420928387
1410054,195.42178342436924
1119297,180.1936410080192
1283213,91.88632534385279
1392031,1295.1290339122816
1193249,602.802673519219
1199568,272.2944323249194
1407293,40.66538777597462
1278568,93.67644835284891
1408531,87.8417501680596
1138267,347.7424833646338
1139258,459.8344815193103
1365049,675.9749378308026
1359954,78.41664371292951
1343500,80.63897318731642
1033638,141.68697913796277
1053043,737.4802890023451
1106036,351.74343611891
1050509,571.1342652682966
1163652,76.01651832870118
1344265,59.40939211959571
1296395,135.49502265718561
1419087,135.03463378454558
1341606,102.63482588542298
1067990,77.1904902147218
1327243,39.39893268728115
1019442,53.12997308651296
1320284,418.6680683402095
1070518,457.72748766276493
1380607,207.78200889198473
1092204,24.534387586828604
1397944,27.625847288016907
1308439,26.187633492032187
1386250,216.20467719581094
1482059,296.6522073224544
1228987,282.8040917458907
1084363,58.32547975973747
1289081,40.380927883724304
1046120,81.81485945741947
1359932,122.21884239586889
1476808,217.1377141805686
1375526,319.2852709922629
1403567,281.01290022048335
1411725,262.5321231713327
1027074,234.08983608917768
1319750,176.00590159812697
1488452,142.79901107792455
1183310,30.557755601953122
1060365,98.30580323124624
1203758,70.72417598499007
1359579,358.03592251550344
1250165,284.6197126424984
1118053,169.09736114037116
1425692,211.98910695166433
1163765,163.37116333775313
1024239,59.623833083600346
1427043,28.596630842220485
1394487,156.16916237120506
1366235,90.87159590045826
1230705,114.91788462961739
1385760,312.01181856236127
1155221,148.15200397248685
1357947,77.55826956019843
1155845,62.32650812999255
1284871,74.6668128620263
1285681,444.3608315930589
1313628,159.4082005859009
1003559,218.98680287910753
1085143,25.831521739704172
1279269,22.684165834977417
1491362,27.257808257929195
1296050,20.39980605894794
1027560,43.66788178705258
1109062,43.31015884070605
1468070,37.18212514370369
1301912,33.49439704015049
1372452,56.560957723292894
1216295,133.29087633929223
1080428,557.143578873034
1275455,317.318147748331
1200217,88.60055663719805
1162284,137.93522745561003
1409553,129.6159736022386
1392715,64.97290626064579
1315760,115.75167030159535
1097710,51.81669406012251
1285179,56.00457374070502
1273296,30.257953685214343
1050702,39.92320575762625
1094193,30.597474411473787
1072878,99.99237578773997
1252201,68.74084466907117
1016160,412.1627527527138
1345970,601.994492058264
1183200,152.43412986310952
1243332,321.88133008852344
1440017,285.7924598815953
1155554,106.60887140688324
1120774,39.60173748009746
1395698,61.27741644060014
1441706,52.1260328101591
1288355,112.60719339629824
1451370,166.35176354295461
1010337,209.9187274214974
1030428,42.34937403678426
1343272,43.273397421199604
1294240,43.28760601393047
1244960,411.325750191677
1050471,195.17257743654673
1271361,347.9878158995424
1131135,93.53167926802523
1330314,71.33838422935011
1236942,56.84269214114496
1484447,94.51915981070928
1317781,84.51127933417578
1471097,148.75906575273288
1064015,56.77106008890648
1435998,36.6987205790148
1222345,68.17001769801529
1495290,286.9863001241573
1261324,337.0685751780624
1149711,204.47079371100395
1396438,21.38233690633646
1379374,33.50865947449834
1289334,20.33230909975637
1332404,68.78143048376437
1182176,85.83315438225989
1405603,126.3541617210852
1248698,146.15117041126092
1011799,97.91802327618083
1123469,82.77888910036556
1023318,108.47336126588598
1483716,112.09562564414588
1162607,112.0702579462909
1157714,32.403374378475405
1406254,61.64458151122544
1468021,58.258754085451535
1357828,289.1137813370074
1248120,310.4607343743817
1480346,144.70099593616982
1007010,164.52279887224518
1329627,164.23345175970283
1401957,37.41853194946397
1296576,45.25104702260469
1335313,105.63107781331252
1416727,47.935995245625385
1272292,221.38485819592074
1441262,438.0981564749432
1151463,233.29328721884193
1337790,104.79686715986357
1476136,87.95909682303596
1443795,87.91644505702828
1272200,365.49998551637145
1442250,260.1323283776634
1401517,229.33349808934787
1006041,25.66023496027241
1329309,22.30405439465673
1406291,41.86936213940336
1267181,36.33545881452475
1319608,32.77874265288172
1425375,30.15429673070652
1288009,35.30337380982713
1226314,130.97561897671505
1189123,474.11542562399296
1394268,227.38266540744854
1466259,20.03960371202182
1090500,80.39484042464608
1478055,113.00771645285218
1129935,82.71310474329326
1070032,104.59894937488887
1136100,74.36574558591866
1378063,59.87517311707882
1399751,30.523338658938293
1423195,19.52196461933577
1121665,25.38149511727191
1225337,25.38776428485798
1407149,74.406250961303
1442808,53.196797386629875
1074323,644.035330652323
1148769,762.656074021868
1313849,140.67153540074028
1209585,1661.5910265811779
1278748,625.84309866149
1093376,414.11144826146125
1007123,124.03646174269389
1473365,314.80664431583784
1416330,239.12115521613956
1115570,771.185541093987
1301735,893.8458498085619
1406384,1171.4411809981966
1117969,159.5187011838063
1259030,95.1738760075139
1167748,210.51487266119122
1353953,1554.8880196901177
1340614,832.1099444967759
1430093,1204.6682838792037
1226033,180.92016650322054
1186038,200.69669270080848
1324350,139.76373748279855
1341057,172.24638140542382
1218304,229.20127853510851
1007165,87.68693864924968
1023051,260.88842995178413
1408479,155.16425501344042
1363746,126.92904811941479
1051229,821.0509199114641
1246221,883.0053287096088
1249794,393.245947384322
1415662,60.383417004783034
1047566,26.258407999654057
1175187,63.848819943406326
1261268,421.20263178995384
1211204,633.9891316368561
1196393,507.3565858331218
1324708,84.98176087445808
1249911,111.08008343607841
1444677,46.911314509161194
1438339,164.9106696441015
1006845,307.31036466944107
1461548,447.4569068265936
1057669,374.92010829173904
1066575,470.2274058906082
1359065,394.92908835927176
1076099,424.462472496134
1008635,456.45273749027547
1110869,342.6182440518853
1311681,163.30355848766354
1472243,361.2715028340704
1079476,246.91958532907478
1026935,772.2637159670195
1367247,635.5491666575028
1474729,337.3791767966304
1406711,540.3602223485913
1352093,302.72440482859855
1464644,198.40421938991594
1056398,29.27408613142368
1058284,97.88644389300399
1310702,60.37505843170409
1275186,472.76552216497225
1115062,435.4333327224214
1369730,531.2254581773365
1441255,305.7699915726109
1009158,193.11150071696326
1439087,313.82589478066825
1101076,379.2290091925266
1385485,443.2597775421739
1381756,464.45366530488326
1163817,26.3985184636157
1034901,32.92308837464451
1365266,33.279607971367476
1491765,28.67927107723661
1331278,28.04900348300455
1387243,38.08295047551592
1059770,545.5120814187223
1411775,506.2944871456238
1237309,236.35864976110338
1279987,102.5495148443319
1230317,67.48948061293804
1471457,104.86325406229894
1421988,153.61816634702257
1242095,171.11942668442248
1123773,124.42810663491788
1486238,141.64950111704786
1106874,288.0246531168057
1043439,230.608871712557
1135306,205.48952922357668
1213221,246.78057057869904
1293359,190.67803035775475
1488237,41.24867597848806
1215569,41.988450160462165
1364047,27.705085009723724
1222795,26.50367688587749
1064545,74.38444782764216
1446086,46.49824608818279
1093571,523.9453979332364
1418371,408.0540092604535
1182114,222.7140120316193
1054723,720.1332915391642
1182446,462.4640533815568
1253839,289.3489416091459
1139142,95.84368033076522
1320721,444.57426098513855
1134128,531.6225680194182
1424653,596.6591008379555
1254550,112.37705902271426
1163284,119.72345881469337
1314335,168.4504121443399
1338319,399.05160644605365
1116418,486.8094930587235
1035513,473.49430709853374
1461518,20.934012307792525
1441342,26.94638383514464
1480348,21.808032112728526
1306511,32.175940022246536
1465566,31.203340573743397
1375422,30.277150370299253
1011397,39.75840924991953
1206239,31.318013156953192
1086612,30.2700155698345
1097994,645.0449901965688
1147117,607.2346441763284
1334266,260.4916256106175
1365715,18.72115362740207
1162136,126.19387855917476
1428806,145.74064964057558
1175819,136.86783594934533
1254869,96.91970781831613
1311140,72.69794990102804
1324215,94.05179194695808
1007982,95.65220549522925
1230711,179.19706046552605
1314655,215.40089895483086
1435749,147.8669043029636
1430121,259.9872253359483
1455053,92.28700978097405
1406102,68.3779140863065
1290556,38.98334796905839
1201315,38.22552152378948
1130404,65.46908874056862
1379722,44.72162525777843
1146684,586.4450723269125
1131405,464.5641747230195
1216649,318.9236885758519
1391689,1919.974458030499
1055011,1010.6846259912071
1183543,627.5839425128355
1451107,106.12165571829694
1456388,274.29243483727794
1178756,204.34732281191597
1159595,820.7096195989334
1444143,944.3286041652591
1371429,1307.6132747548336
1466318,156.62564055802193
1330248,154.3938700490949
1215795,281.072158147656
1335631,1503.810878175527
1242295,702.9732670673727
1242991,1132.459598017561
1209194,89.09020638217046
1148243,98.0755190409294
1181156,58.84634343939577
1316171,83.6346651706184
1145620,199.38246903835585
1385807,76.65933549891017
1025160,110.1939277566534
1448322,115.16756450440363
1299696,84.89518401505882
1431695,816.8384467710488
1093507,980.816948764494
1068143,532.5763419726754
1262949,37.32553158258238
1111725,38.04293534196673
1461971,611.8168089834307
1364620,915.805626296721
1415079,885.4351231287918
1341426,176.8121963256393
1080375,172.37444568039612
1158488,136.38158297630815
1212302,206.744586762431
1087492,272.4610925343124
1472309,451.5049883094047
1238649,410.97905894506965
1202195,350.5922074605303
1482606,314.25458985797144
1028580,283.632830568358
1051268,359.8169149535421
1379128,231.82097007864417
1013539,56.1405386887013
1129761,271.5384761930498
1411004,166.36083004869582
1435247,726.2855607374252
1380455,595.8860354716205
1265343,595.6111983142803
1135738,729.4318890162748
1011038,566.235008895663
1137846,262.69713993286217
1399251,36.55173830311064
1440074,66.48069495000992
1000734,58.76231906639704
1414810,227.63326546925842
1381179,338.4786831759094
1350790,475.0722735396549
1190444,98.56993568087029
1486912,114.15162512337088
1236391,191.21550100034457
1178617,904.0924838510917
1285948,286.62988828837854
1262305,463.15677363190923
1321124,122.40485044876716
1477230,88.88538036194738
1474968,94.6450549015026
1358159,69.8610623936416
1493346,336.1597453078382
1316177,272.3490272353073
1098457,77.1393222316952
1325326,38.56185832288299
1252764,52.99471918255164
1130890,512.6539344723108
1445592,751.3083470193186
1267495,576.462213062969
1382259,25.37802383609083
1156755,38.69456344088403
1491082,24.08704332865676
1103558,166.44470600724884
1338037,189.71073466853235
1094930,349.1041581621918
1386365,247.49064194801272
1304381,280.94167525422444
1351937,248.08867219766802
1328548,202.43665344977325
1371269,104.85945884801069
1002309,158.07956666350034
1471282,36.263241519686986
1392767,124.19760785430249
1019682,92.92198505323437
1457769,500.34121527466476
1300407,525.9906118900658
1068011,303.453879171386
1127745,167.20229884701024
1275300,222.88139264183846
1031756,70.19193447558415
1276549,29.05467840182935
1056144,111.22330033396712
1345960,96.63974776260854
1026590,125.03409622532803
1230216,332.71749848539474
1493066,174.64474108655094
1240971,62.42912193434266
1076123,84.27581171630759
1116856,437.8252982509538
1106834,303.6817588678581
1430745,254.19921576387387
1142733,26.91950042988655
1332561,42.325970625152756
1065027,32.287393795229484
1288625,35.01629610379843
1100005,41.030009459399615
1316879,46.649824616769415
1448339,209.89638211338777
1448283,797.1673484412622
1230100,1168.4395586468686
1150331,18.2559899805355
1233710,139.29660898993234
1244549,178.60906180764005
1011274,205.94162572630282
1366995,86.2192690449703
1155338,82.63692964842772
1431889,24.932059247227865
1411042,29.560660239034508
1373635,45.24832453182263
1365958,186.97916981273397
1263468,135.86272907916555
1147836,701.1132962117648
1312260,824.6559677359643
1108274,282.9544141003769
1152196,417.0827532011934
1174520,323.49683443659194
1311644,69.09409553079823
1282792,59.93105524696344
1313863,36.30380274660209
1116853,161.59309700435904
1117345,355.93090870390307
1142841,247.4469787087681
1346851,108.95909968094877
1202683,132.17358382885587
1286305,151.6403017553455
1207997,246.8558617960232
1075761,203.62277955657134
1442400,197.2546945045965
1313185,17.708931498660345
1313557,38.49895863181847
1461090,32.625987158168584
1262107,26.147627359259506
1043719,23.151403301950744
1172039,28.11428631864388
1382652,122.09584273980242
1020208,267.9619031391578
1253644,132.75638030163844
1339071,64.55334379967982
1320094,101.52037302404777
1117970,78.66129005501557
1068151,89.807018258152
1458189,88.25051555808339
1154829,48.9321105620362
1441375,31.99917090448629
1027883,19.097694417626276
1358903,26.543087599449912
1297394,41.97685741920651
1065989,28.210050691467
1364660,362.5861224497611
1277097,451.25886320426605
1157917,84.21740331727486
1482136,441.61299947869634
1491979,385.631924633886
1491117,99.40130613713691
1206646,34.92842797160887
1208274,81.92005838610625
1210738,59.73015940662178
1328739,289.01303207011483
1151568,426.1311052009026
1179600,463.4539440046604
1350474,124.16474258217333
1249578,197.9790966313782
1141830,243.0751394677975
1066784,697.5631220557241
1135133,270.32627620752595
1045471,361.16466795371616
1239437,61.47865591437511
1412957,51.89277532099071
1256148,44.20444512115971
1150723,33.621399385724246
1458025,141.39050113537897
1208584,73.05610415723537
1052913,42.238776594889174
1342834,34.28351279584207
1427122,51.609493481301605
1307634,304.45589193817597
1483134,400.40999236282147
1008294,328.8293139650902
1127039,20.122135149051616
1205295,23.536633244938905
1216979,111.12708943665939
1213601,173.7583446941331
1124300,223.9435658899103
1400990,147.39280356760082
1206721,212.73164350426939
1154185,91.42770785238709
1051019,67.86699316109413
1035942,36.448640889385956
1120418,65.69613884794482
1000557,27.600165656716534
1159957,74.08117320727517
1281230,60.047574870108654
1492825,380.4886233392691
1364359,419.9782679425224
1144162,230.85141802463104
1134852,1482.5542074425468
1179517,913.5883180586156
1000505,256.24585936984056
1301184,28.908343177147337
1206831,71.93433264966558
1008616,429.5866782649397
1429552,545.6281681008803
1139647,763.250141180159
1300817,87.2241827137276
1119648,82.9692594764554
1255638,193.38593669266447
1096780,563.2128834094348
1148826,286.90018475597475
1290989,577.7161147024007
1442329,68.44828572723155
1421415,61.703421192507726
1394355,100.72416155120982
1375025,104.759719119939
1103636,76.19080193523114
1435514,81.03397897733987
1344879,43.41743801306392
1026319,45.94983256664535
1432633,563.5263836698072
1092417,430.12135165514854
1040695,221.03059880223068
1142017,25.820279608080597
1123939,31.049683978895494
1496055,25.534008947754277
1361083,179.6518621868311
1292002,143.93186201982968
1476709,245.29901324819144
1318219,71.13804093932998
1121990,80.47508428928089
1409644,75.46552920517465
1442958,136.58284649393212
1210181,169.2820523114942
1246412,331.93670750834144
1113679,369.0334745056065
1178941,342.3840485671108
1407215,244.1755799758191
1137755,185.47673998675327
1101359,273.21644069922485
1389483,214.5716314380834
1446950,29.296879446264466
1331883,54.46517655229722
1220066,86.64458390267602
1430629,346.9018735508449
1412405,269.7777713899533
1445691,258.9432653610584
1233603,520.7519481702433
1081183,317.3513404792227
1390416,116.64666095990084
1161610,29.177571761693322
1029722,412.5077175763353
1408190,458.20125923707633
1358481,657.8068310580595
1362659,115.41057922527945
1374651,96.03949351030965
1473048,164.3395864378258
1159448,462.483235290717
1095885,296.18262452517166
1152927,502.24532863619567
1263486,63.53837498389882
1361892,36.97065881349536
1180295,29.43239363807204
1461189,44.465688119690775
1352516,39.13505671076784
1203135,35.64429297811489
1412137,33.275410851658144
1348312,37.37933628753723
1117178,533.7351215671409
1487661,469.09867499800316
1052291,192.5787259062182
1346673,18.531178631448917
1482270,99.62492714046051
1195731,129.98684716284512
1170403,114.29064151899018
1260429,254.67721087146893
1380448,167.8104198290607
1288681,210.47814148363807
1121882,70.92340846084683
1297507,158.35204665442572
1249247,187.08872727981384
1368716,317.4601980741018
1093831,209.7181372509469
1190515,90.32456216504059
1412193,79.94881857063162
1266638,85.06152038690021
1281895,44.87375427679658
1263331,27.674507650206653
1496385,69.20922675912047
1472881,76.75162719330616
1174789,312.9450918437179
1449484,272.91747228614486
1434557,184.53625378786575
1241213,375.08988368028884
1099698,239.8961103119781
1288833,111.62050425624773
1279473,75.67218080661088
1374095,335.91628726188344
1195279,556.7102163154206
1285467,283.18086500489323
1200473,148.81142337842402
1288556,104.94367602743165
1135583,184.04069822956538
1352318,654.5934050943969
1141415,482.8928806031801
1416778,511.12543428806794
1251736,21.59299776729932
1256829,18.824095603744095
1497598,33.79425819235261
1200754,24.253608868845156
1155627,37.12997491728564
1257467,30.84796890702309
1010451,31.2779409875766
1304851,399.4621641124489
1144211,1118.6395170721444
1275541,581.8648501282939
1333903,17.143607416605903
1273355,20.360448400587178
1077142,50.79352276796293
1213834,62.34373589862819
1394157,99.02338230989677
1246247,63.012381444161974
1262361,106.59892566049857
1288241,166.77580632812104
1008853,357.6850457079369
1386984,322.81466749698416
1039343,115.5877218196436
1457066,113.65734048291276
1417619,65.65142913915281
1221942,62.77709031792026
1492708,27.760934685675732
1260284,28.1305289643187
1005493,32.001695480707916
1097238,95.8973007752435
1389098,81.54969641552826
1239205,529.2578114409848
1142402,347.1025075145109
1187987,679.4592113732067
1277790,353.0650423724738
1129722,320.22706125967574
1292372,193.25026219829132
1083272,32.99879492589737
1210694,62.27604475208123
1175781,124.768257224706
1370401,273.1377252805116
1048369,283.06193397594365
1199378,49.647697770008314
1443132,43.16265649724089
1437968,70.03745370213518
1435862,461.9887833799843
1301525,199.91318373974278
1300490,386.11489908072804
1155251,80.52969958810634
1066976,91.70205443722554
1493943,48.48891265976001
1376854,56.200852852814734
1331984,143.6448476432568
1325754,116.61302834096612
1317080,40.32095838892977
1083560,32.02991242598462
1231111,52.95664019837005
1011124,256.40296043398195
1321197,445.5070326114584
1370181,284.20915637761095
1449954,27.81205704720108
1435671,78.37799633316119
1081672,127.98780547930318
1341179,205.1617453597611
1037357,139.28609326109637
1453346,171.7798105201002
1129402,88.57879125678544
1356694,112.71315500708151
1095297,104.1365021043404
1005508,131.82166709826575
1040476,39.63992243610711
1274638,102.41807010245459
1130738,77.9493405787183
1234863,276.11500289930433
1004425,296.59266792069013
1248791,123.8052184442347
1416624,1144.955805258693
1168965,594.9270738871955
1080688,425.70446556609727
1237764,115.86452966845916
1085489,114.62591203157719
1310818,550.2837068246433
1469088,600.2332695791278
1330889,818.4647881325569
1451006,119.29804883389072
1199888,110.17583015091444
1456099,203.88911653850903
1238994,801.4119488497008
1233434,467.42395285389904
1418277,726.2962502342938
1437367,82.75675227064991
1266827,63.38269279958732
1059366,50.90415936074134
1005997,57.70662529176793
1072243,81.41424167027012
1487987,70.53707671992416
1179844,69.9744027338888
1478638,68.7342348719564
1126519,595.3956258389425
1097376,775.1692853236195
1322240,230.15732428497677
1353828,29.66760180806144
1095697,25.066274061371193
1195929,27.42938463854145
1075296,101.51162907857889
1126645,144.7704322077821
1387808,196.11891448246624
1299335,82.9889790338928
1190579,111.38501288157353
1238279,53.61139401345126
1281060,111.75603977552282
1255725,187.50611859610208
1086034,312.9755292892383
1222068,414.72603364272305
1445345,488.31947954384157
1346505,246.25315586462528
1321003,145.97494652070242
1484787,275.01733007422615
1120747,180.91936274523755
1107889,35.617949434929635
1063781,119.41757169873999
1069635,112.9360079731879
1362909,444.05600941783297
1160528,355.51093368869135
1071583,324.74888060915686
1081273,433.31642832322535
1301120,365.9771654355447
1252819,127.23216847437888
1450030,29.91772439975103
1357284,87.10002328098668
1046795,49.88620603040891
1135179,204.05455337091183
1292184,337.47908656262575
1236684,316.75455286845795
1312208,69.19728540618414
1221279,66.34166783141386
1215254,68.87991721093024
1160460,521.0781706244076
1433007,199.85584380131172
1473093,370.4283386852
1136868,53.56058013390221
1353423,46.32926149712273
1231192,159.54447261907148
1025759,118.14308682388452
1331967,39.45339102504433
1152714,33.15086097265837
1347861,41.62790066170022
1434386,310.67534196818127
1496234,414.14523361141926
1192419,220.0580612494461
1489440,21.63814184064303
1432777,25.356248713412036
1444293,24.58337889874898
1238059,107.1157450239686
1037656,123.46659229661061
1225810,166.4579928458209
1181074,83.30552955245896
1137669,108.20479288710067
1020431,86.23553296341349
1423125,84.35101549532827
1297694,82.6041000728211
1276959,105.86916256506494
1374169,26.615163211566788
1202772,88.53110944179646
1036821,57.88770168131536
1249229,393.0294007177227
1468668,441.8910262705039
1080511,155.9790488291624
1453211,147.1804273422047
1216199,121.76460458247975
1298007,22.137356776666596
1286555,46.73930250236709
1405233,157.5753971111634
1156240,227.83930197891016
1247979,154.76653506795904
1323764,59.479907752801026
1323389,96.85798148340484
1337295,126.79500630467491
1078113,151.7736357119332
1354222,234.66452380702793
1005910,247.23432860342592
1204525,19.52371559619939
1136587,19.667074374795778
1183839,20.636612982990624
1097913,18.66736656509777
1289506,18.23629902418801
1467938,188.8002115849388
1102366,187.4680461268881
1104329,89.38807663505757
1253823,93.85879579337063
1335558,123.39209750479202
1309171,165.37579519608238
1299132,51.491875694819285
1476668,69.08669261078707
1018667,101.03028881611756
1030392,58.646640985971594
1200823,74.8577503269513
1369039,77.23914770645169
1086847,21.52817445993099
1109486,23.664285236366446
1325405,20.383468873953557
1331264,34.2468729791491
1427058,29.04122926954831
1336172,181.3892842158091
1255751,82.44856398094667
1320682,118.98402369061147
1141103,1465.099133340716
1183358,612.6871058331624
1384513,381.0458662754797
1143313,133.49456031187407
1253248,498.06651716426086
1142409,653.2335803155399
1267250,674.2732957561934
1479265,107.19240769647875
1203571,99.58733379959011
1478474,168.0746267557154
1028746,901.6637651564461
1178203,386.9979452646591
1385350,691.338641105304
1074938,127.57978279185687
1267774,93.51479253456972
1022228,134.81629653218482
1211769,167.4187322810949
1119491,163.33162912551228
1033015,59.69292114442659
1029041,63.99064430013884
1146955,82.57602505497408
1299017,563.0250483919685
1260005,428.035317324215
1203568,222.23741389979654
1120980,45.05263682959054
1165612,52.357983603401415
1075641,144.16876303575816
1236863,169.53353185822647
1393900,202.99917408238753
1119480,165.18131760282805
1294669,193.03821258848933
1334537,97.15484187495984
1035256,106.3572170158775
1363056,193.6175233554915
1329993,270.21826946765725
1050349,332.9518290649384
1311264,414.47237509294325
1339810,268.71184591512497
1264183,254.00454255539816
1200866,213.87564251812714
1161315,254.17339668332482
1476020,286.0558052143986
1123496,225.65887202110903
1099298,456.28548877938033
1313206,467.91870273879886
1468053,205.92217662131364
1093227,1443.1126352678998
1183936,533.3541095808091
1263387,479.8794905907823
1065834,57.52320616651632
1443402,128.26933709278632
1040533,109.8342506111731
1057544,596.4105712086424
1461408,654.9810094847411
1359630,732.94669232562
1057310,114.15307148372486
1227990,117.81159770856291
1453454,204.7469851123071
1348678,867.2134413885922
1171835,473.4884283398169
1329067,642.8790336847989
1214967,73.31981271214217
1360876,79.6975733168105
1487084,52.77197528283999
1476159,111.52616838292697
1185623,68.57176345843908
1401622,48.53099871788203
1150515,43.818312193064315
1353711,547.2013981066353
1300105,499.5323012729197
1050801,250.17261128651174
1205716,23.25955913537353
1084245,20.236811039049563
1323798,28.689776352818537
1495866,265.6776646749968
1126990,402.24356802150606
1382069,551.1245327839026
1206071,144.26915090837286
1156187,112.23841973334953
1446803,94.3748150147978
1049695,107.34475611744132
1323061,143.08371624221343
1339909,272.8548527312996
1135487,446.40860709193674
1000100,396.7197265430154
1388671,253.59285918478685
1047271,258.61952581585444
1430895,206.4095340721375
1191523,157.11115499439998
1157697,176.041227193106
1158465,179.8629156272239
1347027,428.2568575369385
1241427,501.3555444016614
1188841,334.8144788381679
1181575,813.8346530687273
1316314,438.9851028405126
1082441,274.4410274875007
1335660,50.54922875143438
1168297,74.485914083608
1213229,63.98933003140418
1437313,260.7782560930731
1011793,475.8444925151033
1376105,349.2830087006434
1056546,148.24120653724876
1086686,159.13510176912624
1483804,141.52802313894767
1484346,441.3360079025982
1065215,236.38217168628503
1191886,388.76619573748866
1018412,58.91504030969219
1130199,51.336036898457486
1388783,47.76395046966953
1114069,45.06902102363299
1097480,124.10321133188843
1254831,133.1225115290711
1356261,27.240175968199736
1169758,41.56418779813399
1047398,43.90292463965147
1108942,338.5534333000348
1395990,432.14058707609263
1447928,276.51517603412555
1162538,24.712951833095282
1298962,31.819499579759203
1451782,103.41035024412122
1258001,151.76593412311001
1301416,153.40611140544576
1160983,153.19843864848514
1103189,145.7188400979415
1432687,144.44551166316987
1454944,119.3670010598047
1251515,45.89165925124039
1407082,165.22628023181036
1375055,31.339678970519984
1140780,142.80437324124927
1390190,135.44826685035173
1483577,460.98632859656294
1310234,449.28066337644265
1324612,197.89921470892986
1318087,323.3287969808612
1173141,308.62453433124506
1269934,107.00033543330407
1442947,42.061617598421165
1233406,86.65395323187316
1490422,158.3208653484768
1228255,271.541805513668
1324289,241.71607173373536
1044544,96.00293882474512
1415178,97.3532017099195
1083391,127.68463232362674
1390665,532.7808206257425
1343682,213.073619073457
1420269,336.0337904296304
1067445,79.44253062389609
1331472,40.433381056545095
1174767,69.88188025195218
1066841,38.356061944796636
1196664,103.4129332437793
1470329,102.80931891804028
1257230,27.036830190259046
1395065,35.65260036258611
1013425,41.74954813441811
1494636,271.5464362504734
1085476,451.6003218995579
1326219,347.17528298622
1363457,18.767955232620494
1003155,156.8331050865207
1104556,220.0073231315902
1379985,218.61490439169572
1342457,101.7098362900268
1008710,113.72896276682505
1418705,74.20874607596797
1333430,54.15414986939703
1186546,43.730603718181065
1239269,100.54140488840491
1388725,32.111183990464006
1462832,142.4150252339736
1072966,120.89048278214496
1197083,377.17121687234993
1107959,489.0628557505512
1481223,176.43401530360407
1305518,2440.8456505690333
1091948,1243.1004343825145
1423856,601.1289431867118
1135243,115.5323041888141
1175893,253.6008569039309
1180816,166.36027463084918
1256510,655.2109858493837
1306222,867.0011025149803
1089615,1391.5766398445771
1059966,104.45260202492524
1106408,100.3216765896918
1337824,241.06011583982698
1096372,1479.7339387266984
1493967,738.0077558758677
1464047,1449.9919794818395
1232736,257.9127091267731
1310626,279.6170206120087
1152557,138.74177778351452
1470108,309.4284133663486
1083732,315.54441485481135
1340571,212.5280440174758
1001888,106.95443525784896
1190892,127.20989305518586
1412578,110.75204173344538
1221774,989.1238548475729
1072628,765.7282635072327
1418345,397.00487484566924
1163110,63.23237744931316
1482208,60.503265772413044
1126214,59.77879597380338
1140966,490.7622222967176
1124593,581.7545993560391
1326921,626.2560369759574
1199659,213.3297519823085
1115764,206.5089453834964
1338613,171.97469127679844
1262678,160.77465692296434
1135607,260.1481820068082
1239466,488.022167764634
1185120,730.1516984773504
1116326,748.7028763238361
1084274,598.2326966045573
1001605,912.102390107836
1061234,508.87510033114063
1327015,407.31611722728593
1081244,85.43135078541664
1056311,356.2968906369297
1231953,353.5144954632713
1315567,592.1683703947234
1023338,522.9282459693272
1368801,383.77310443711036
1365321,759.6398767339724
1434395,464.9083313505759
1060668,216.98755838598123
1412851,31.226634853130264
1389584,91.86967977023069
1047653,64.4330253782837
1368824,316.36957089124735
1062138,394.40948558183993
1080771,352.9879566118438
1265021,83.26924959993175
1162076,118.75473511584178
1033851,161.65438105195463
1164529,318.55972999863826
1164851,205.62751843579488
1407686,383.664933815031
1239126,35.99207293172459
1004611,52.881904691307355
1271171,87.3132316099415
1029230,25.67965511337347
1152216,41.28820703029575
1245895,35.59287503421628
1006231,386.362281496973
1174973,291.13344199853935
1399815,135.1358507222286
1374612,20.392312607240367
1480121,184.8332422668395
1002209,464.7137488231406
1278108,500.8479597479108
1462180,29.637452677313888
1184629,28.40298518144088
1046603,70.64445620221788
1250767,120.93113817489798
1309641,186.25951163835714
1244370,372.1619139945928
1122567,341.8307085643143
1196992,180.57461209070132
1313003,133.6724654220993
1128343,76.25330082182968
1288977,76.28522004186539
1129132,136.78563306495113
1095953,158.7684048384405
1052493,189.5324862966377
1218935,187.86291230903961
1015407,178.31939133211887
1431361,1608.2979141979104
1485965,727.0891483762924
1336922,561.8322559766456
1132112,97.70757810260078
1005220,240.56864197639922
1004022,185.17388123243427
1279884,616.34010565691
1008750,765.0409735546748
1105224,788.8147360728942
1466321,116.86688484340613
1280185,78.63855482563615
1457965,210.69347083567266
1244417,922.9235926207491
1131919,489.83392980573745
1451317,958.0036173973269
1104883,114.32430872878373
1175655,134.1231704256868
1189952,68.23860130731799
1000304,109.40410203457333
1461295,251.980323452658
1120717,149.2802854549762
1493281,70.02715369777037
1170498,92.99248371388354
1383931,68.18443939075392
1327670,589.8044403340438
1343332,828.268842588321
1236270,264.5404031011441
1400678,37.96940179894969
1197290,29.379686403636594
1401748,44.22571225150293
1248165,478.46325705125815
1230061,652.4802245743502
1181642,603.4191281390107
1329876,119.88062769368575
1405583,108.70824095306443
1276334,94.7912290370673
1292794,128.3981197292925
1106071,208.00479226232363
1335860,306.6778232333916
1443203,369.4199671447885
1266589,366.3409831563401
1188906,246.93003399721889
1096891,300.68674087369584
1205809,341.7230981287959
1439307,226.21277650925072
1179169,65.58393146104498
1045963,262.2111557197827
1429094,305.13441448947145
1311865,475.5409162323894
1080373,460.92620466704994
1399350,286.15972193204396
1311554,328.30503427301284
1110818,237.29295391383985
1303018,113.14721812273318
1174742,31.126870808102993
1349833,79.73772138971222
1332264,55.18162079089522
1172547,178.2912483368276
1202092,268.8192614071169
1409437,180.31690122472187
1038905,78.38710625533794
1157152,78.36116611236709
1185911,97.80188514142958
1109479,414.169873366356
1155822,190.53579728244398
1406614,321.0001611851227
1286531,67.26444321220039
1027999,35.180533645058496
1193741,49.01685809407726
1241441,41.1741214969243
1315121,75.04486750018425
1497710,72.38549689035484
1349802,22.75759328834578
1333857,37.35994756402701
1365192,37.67883624347435
1284213,259.9055702851575
1172386,422.87519345697876
1268959,299.2074525528736
1314764,118.23103481574702
1076504,172.90374854426426
1180513,201.2438053929193
1441078,99.86705796480508
1309464,114.43752979887712
1176713,60.378531660211124
1375565,47.72157154407961
1304798,26.965495853711786
1215467,43.73931644974378
1180354,29.548443632238012
1411569,107.5866654322402
1173022,102.92459299470879
1067126,262.2545048910797
1284763,350.8919016809385
1467408,159.82911801946938
1010693,281.2748866943515
1492072,193.44673663079936
1261641,52.14499613580384
1154519,25.5110052920729
1284522,75.01111920850009
1128146,51.192714879546024
1361785,104.50502934356454
1097103,270.80381326839955
1184517,158.24732859544184
1166644,78.22614666069825
1322713,67.18870289561649
1333349,127.03298119111687
1122674,278.3958861089262
1085876,105.05624702523377
1167618,226.2737657056619
1099209,25.60113382046577
1445899,73.7776224871573
1419759,41.45409060116501
1194935,33.51575576457352
1443388,30.28600843145074
1133418,159.5725496481271
1451491,287.9052023401446
1391487,206.8248467895688
1346923,18.091766800164603
1091512,19.252658412193355
1236380,76.360418461361
1365007,112.73647292078421
1234609,115.56518366596468
1255211,73.68618571441584
1196064,83.31461859113406
1049627,40.04734272096756
1171254,46.52171069275386
1440868,27.188282411224133
1158633,42.00041560140829
1432911,27.63188914341144
1359292,102.24017802341923
1420948,102.20102981768373
1444309,170.88365055803723
1205357,227.61470773309662
1313355,110.71482214799089
1452010,401.55028467332306
1299770,202.9481955279035
1255054,81.27082822983975
1229099,134.08198563814602
1176972,109.59464334873552
1328253,143.2321010676984
1312682,483.52995835413697
1328174,319.96189111897615
1227077,100.36784226464263
1437393,57.217935532427106
1471676,70.57393896019093
1036444,776.2523724018213
1136324,285.4047914735447
1036028,690.2109593282568
1086341,113.62863809712206
1013266,118.58469838739757
1452051,101.41739036275831
1102454,148.53959940270178
1328928,260.22200281011936
1363133,265.1364981591554
1238113,46.723127188546194
1244122,81.19706241879372
1302369,80.19529229371742
1141719,476.9250101882273
1418192,546.1231209481089
1025362,300.49845472473606
1010063,44.80666631852055
1271876,36.614703899119455
1243764,50.340206138097976
1154773,119.3917660655542
1217617,178.19838587332393
1457179,189.45134758733448
1149983,148.8602950163188
1442399,110.65760445290559
1023820,131.85012156371928
1261421,241.54968160877976
1152408,155.79324722299557
1322672,225.0277993531673
1219542,75.55555491821589
1258790,288.6322211939938
1184081,327.25114628720513
1033033,434.0723013242954
1009025,446.14325377081707
1187131,158.7869168394583
1490092,79.38351140358846
1044947,110.49830127018303
1401482,55.95401332562909
1401300,21.347324193825056
1040108,42.81505558012948
1072145,135.07015556810825
1167505,313.8138082231637
1432844,97.44234721448261
1360840,102.67528627702808
1281317,103.41806901494418
1394720,131.42803587102114
1123472,253.56380843459272
1335875,128.993383686268
1191021,113.22626988046969
1062946,26.696869997406154
1379038,22.58289177919389
1086068,111.36766894744619
1209675,283.560522202077
1273528,166.8795406863063
1052283,14.967719305340983
1488713,94.04676233515312
1317965,113.16816082226057
1334338,100.99683380730568
1495749,64.21417871819476
1155113,86.34427798531776
1324217,37.40024273290801
1014713,22.368136059987904
1068923,65.29497895510937
1199511,63.751249178142714
1226738,268.4790197427613
1057805,356.2876808862301
1337331,135.25781812931086
1031825,300.66585550197175
1091303,191.099078813628
1299647,57.94671150814992
1339600,26.247722176834436
1270524,82.20854012820979
1069032,63.539626605461464
1029112,122.38452279962976
1185619,265.0531153294777
1208062,166.0454911391826
1218491,62.57743193797974
1411585,81.1469720967019
1280994,59.43042821006988
1477029,154.45764273266906
1150426,106.68056607347206
1291788,142.28896714354997
1123687,38.53403607937103
1385315,30.84076758041246
1273428,23.189304947778066
1091779,77.33207670432797
1433165,121.87702845873349
1233695,16.062995328266727
1226109,17.044550114577127
1289617,50.45723214235442
1086173,68.73530149585494
1136649,59.95643480681434
1222683,59.83353026445503
1165390,48.07693313732874
1494991,52.47548125558428
1303527,21.558790670370133
1332894,29.30746793200354
1375519,24.13162104321458
1389119,77.92000888555621
1337508,89.55383988338082
1413955,170.72691266496702
1311154,168.43273122394763
1150198,70.20093410116385
1217709,912.8731571496324
1323085,396.79415617145327
1320784,371.9037373417733
1272917,102.8523514056266
1377468,90.21438066950672
1307337,336.4691761233526
1001035,477.7652141281151
1289384,570.0487784164432
1432923,143.63465925926474
1374160,132.7842194757096
1014486,219.51750620717
1297521,401.26125690041334
1150968,309.365040724254
1105889,472.52139568752165
1374518,55.235912671763785
1372056,50.49879828740959
1115289,43.76965045984108
1218455,35.95109167101636
1428660,49.38769277406632
1111529,49.44405240214769
1080313,46.65790605909496
1045201,43.162308660652364
1125057,403.5369825915743
1004679,332.93566644318355
1008058,137.75689527083114
1402186,22.50526755724541
1159072,27.015361520187827
1158436,197.73984296044435
1335272,239.4901267806781
1069529,173.0389216189675
1123940,114.75921631620206
1216221,91.52272311319523
1261401,87.52497150945123
1075510,108.42777191988465
1312582,181.65159794914564
1325177,272.58350010429166
1190687,376.2063586664298
1041996,346.33365809425754
1494281,213.10240115913416
1396001,147.59654999846873
1233931,108.26315392184036
1209078,63.94923813974191
1433984,32.86876378121281
1307281,158.42040363337549
1411927,110.88224422141161
1092679,282.9604577519067
1024773,308.14164715535816
1098852,183.73598884316382
1141881,658.2985016789848
1209119,398.36249293302194
1240215,136.9332959717033
1426530,100.88645947428526
1095528,271.7370253788077
1320803,325.14649240569753
1352358,237.8090408013959
1151293,144.93615182937864
1184545,176.97562548944418
1334503,206.02476150831993
1115185,320.2718573244836
1285953,286.5806475500003
1149701,331.418239288157
1393708,24.691653453562843
1383287,20.256842100918004
1360039,23.302379812022878
1006359,25.30283747871219
1403211,43.3655335169166
1031284,19.763510813401425
1119679,20.912204286517447
1284106,22.74370308031056
1034605,295.6439751578846
1181140,456.01951766402993
1395629,245.86905845565724
1379420,18.651451541413437
1251743,17.71433232795615
1288029,17.95659689423001
1473188,101.70450402209332
1367645,24.764817809199762
1413911,107.81535870541242
1159801,29.553330391360966
1210701,20.806472004742897
1119698,35.80891544556386
1332210,117.21080334870354
1411131,136.07391518969845
1069729,226.92500937183567
1314022,71.14926594067062
1397183,163.9942709154667
1202918,106.5251103024986
1218200,37.979821749508304
1105075,45.84410574774646
1036017,26.513331796867988
1369119,23.376968361317726
1387667,92.82302677023543
1403654,79.2408882357774
1165494,354.0670297035639
1420906,298.2455414967678
1420945,377.9512127207866
1231951,341.15967188567976
1452283,232.61533953787534
1361853,105.6543099771399
1463031,31.44231690836402
1388951,100.67679172186949
1280859,120.73449228167226
1346717,253.81917172196646
1061824,159.25683317916543
1006298,60.5919437242502
1427842,41.519494999175755
1128401,46.704636673158625
1265739,464.1989109006607
1494433,199.67728575459464
1321396,470.603702048192
1122277,65.85574943997571
1152696,62.8880885598101
1340194,48.68286248409871
1357744,58.11904121471093
1300078,108.57312274138208
1421593,162.31339764977292
1016202,32.04751377204332
1113687,40.81646942334699
1073000,50.722844273495596
1194071,283.3147579722569
1092325,392.38118514776556
1070305,245.1694673788351
1258363,25.30180783161593
1316698,26.43541479351116
1151283,24.778834805853066
1483303,70.29306871431503
1384836,118.64847186860652
1226194,152.29258867463577
1153428,119.85093852753145
1198100,103.25783860284653
1416107,94.11105969061781
1441608,134.2709737118394
1448657,60.4658693724078
1030152,108.93709080981417
1179248,41.7674478508114
1045075,186.2714478863768
1041492,144.9133395909995
1355682,324.345170405093
1479870,404.6896738438717
1326830,75.41052281507771
1238168,657.1134560050735
1171800,534.6750955515263
1124674,222.07881658793875
1164972,31.841404369549906
1143333,80.9821525936281
1011658,69.15277527751624
1064374,213.81282820660408
1279043,407.18533313511415
1396311,395.92563927389966
1394547,120.31250507902534
1077761,112.47516747822252
1479383,165.03817733457436
1496500,629.2114818171951
1281991,220.22464865992274
1297893,421.7160783876614
1386801,118.84069342594802
1365952,93.13847514653212
1152086,67.55407368948123
1271829,144.6567798827222
1137861,222.6777109661055
1216539,29.28009322540685
1438909,37.05517038546033
1368104,39.387318862940155
1396732,369.33190118985794
1132676,472.70462676834137
1147729,322.56734330832944
1242371,23.396168898149384
1033446,25.116573865162977
1087011,136.580374729063
1428580,157.99514060565326
1301833,269.11217690237305
1326094,374.6774886232862
1264988,275.45359276706705
1077154,193.98026951969263
1475592,131.2301607188518
1222986,64.8654219172143
1304997,126.1070619691737
1277631,28.837532985304488
1052107,132.44485292544675
1448417,83.49395509637363
1400085,386.4358070645055
1190020,503.103204923717
1247231,229.84397829897813
1177870,207.00595278886055
1342526,135.14154067144185
1394193,45.98307166547748
1224126,49.22600572015875
1006444,107.12491416242173
1347953,232.7594325368113
1264026,168.37559580917005
1488317,68.41625304274875
1426059,73.49228801394682
1361559,70.4521305726367
1227980,221.19831385877364
1194921,88.09728173893785
1033540,176.12041857021183
1057352,23.235596518929906
1190878,29.306248471659313
1304436,59.39616123746196
1015274,56.53011582238856
1303079,19.73651889091622
1369451,22.018540872578082
1256367,23.428335212387207
1411939,137.90549524474957
1099178,221.30541933906773
1047440,155.34439603502406
1156344,18.07717731114331
1349813,17.225358298363105
1184487,79.09683140634398
1016228,103.57909284586171
1336471,132.7464527563889
1105467,112.3433331148486
1211232,71.32946890054733
1437773,41.6332836349492
1018666,18.806589799651626
1174577,21.469118709037385
1400533,22.951676076604326
1485489,71.11326287152181
1421265,60.75233750506159
1257824,182.02270150305955
1270197,166.04375584177185
1453725,72.1903355315904
1401705,1381.9333284031022
1266103,662.3582951659587
1197433,617.1338661056086
1301497,110.99507302336028
1116479,84.91373778554234
1445437,362.0902648534593
1272750,422.577520318022
1239684,560.4905782778449
1472327,66.42473857558714
1237389,42.87581400628367
1414652,129.05097224754803
1482167,818.7936305925093
1409591,354.80239986268316
1473384,685.148834313602
1198902,138.48551961522517
1269940,110.25386128161924
1478820,156.18744569577427
1488358,149.74763279945952
1143995,158.04761646427744
1066832,47.30948313388992
1391032,52.75784931340728
1367690,62.41536864605728
1130577,479.5021460638745
1473197,415.26636039987903
1076706,214.72728593771222
1276290,33.99298699490064
1443284,27.802306266604052
1458481,181.99166892236883
1018827,151.08926052710794
1203063,190.31993489028375
1125357,90.08254510305629
1271798,63.27048743460254
1206576,41.10147229589198
1297029,68.02257950384254
1214610,137.85721370841145
1049598,283.1683818270357
1154039,346.35019333982655
1249298,250.22321072744444
1104104,229.91383240601732
1180088,249.40139429248126
1456519,305.67226723539744
1336457,299.6465453813223
1342696,56.10168017738368
1049974,150.37912717211978
1420298,141.66965024498168
1007605,343.0245529331061
1333331,331.0725455125455
1174028,189.1554308501405
1396043,941.8651766150047
1147970,500.1522448805093
1049835,270.6129082924857
1287808,91.64976722383827
1458704,76.78427462651669
1058279,477.4705521417486
1445467,559.8308987308417
1161731,607.4968013433875
1435821,204.65605276008583
1444705,171.38282792928587
1322369,227.62261211964056
1482011,577.0493048334362
1446692,324.3058106311397
1272693,514.968669235587
1062944,53.826950046025296
1152740,49.07532759359605
1094183,41.029440388425876
1044940,37.57412033734063
1006018,24.87097352708568
1152665,37.143112097010864
1037684,36.92237965569184
1459823,504.02974414354753
1431673,321.44535063900634
1484069,159.6698073104321
1067964,20.725517801041626
1237099,24.2923768317273
1021695,133.11514020905764
1083295,104.73025542388689
1448564,32.600830820211776
1341586,84.84103311053548
1177231,61.25403282834774
1142162,51.58998349751735
1015148,93.78451653167735
1011186,143.26359747044773
1100074,197.56045291071746
1298238,282.86311113216533
1252968,309.3005228486941
1295495,170.73373457666065
1341593,101.05900517720359
1417088,133.45559280895452
1244089,85.95027700976263
1209426,28.716724951119534
1178881,166.71156805525476
1256019,121.96253424389424
1367101,311.3209982578232
1294031,288.7234427985656
1393207,246.31481825472548
1143583,745.0710246842323
1328240,577.0625007749771
1479916,336.8906137796294
1401938,45.915620848117754
1019082,99.48463942716361
1161031,53.67481800190255
1214070,195.0095112746767
1361416,399.19254834088383
1284323,396.8621423244854
1107001,132.40352642656543
1157690,111.3242912452883
1490685,161.57967552491144
1012910,606.1125629011634
1197742,237.674817207493
1320541,459.39359573319734
1336958,107.44694711407368
1350802,67.2869818785638
1453905,100.56692913982099
1158635,213.71295970765973
1439173,161.6921994374914
1124945,27.07353584269403
1181477,43.92543883648066
1328556,43.162609217251216
1100862,415.7074925651674
1182017,457.40226115467294
1428840,378.2160200916585
1024935,24.4600334427827
1415096,29.26436513189022
1421083,27.99420507265432
1303020,108.7712011033208
1359835,163.23318007476846
1149958,246.8781403655782
1199338,287.7526442964845
1412396,208.15159049480042
1298675,167.90481140014117
1101215,129.5413683223685
1336774,54.04106515431728
1470035,122.91713413076091
1131530,35.973238160058585
1161695,186.05951819305182
1000462,166.42971744629847
1295778,334.0362015271052
1343610,408.8985248186515
1454774,156.691090581215
1278323,228.39111882134327
1042687,220.65355357079503
1137381,85.83904785752492
1067376,65.20565009613058
1482068,67.52544350059209
1317967,135.82680643723424
1204072,256.05810447890616
1235005,209.7022766910416
1286949,141.51268243412105
1133501,91.13818671018382
1278768,132.75961944585748
1480834,357.6438458020441
1426286,149.27211360756004
1094093,213.04967989892802
1396181,33.65713783684003
1223823,36.42459617089506
1492454,20.334640194980405
1201819,29.992128312087885
1181215,201.09889137987014
1032261,341.27393102006386
1301578,221.51332884158506
1157687,17.751354351577923
1093883,16.528490704679594
1079579,85.72411157684284
1004214,160.3429067953194
1197207,149.39642088697528
1135404,128.8969791828901
1363648,80.15964213037289
1289049,44.3908780161039
1358588,39.96420706493517
1025147,33.36759193070272
1143497,25.484940091859883
1196216,81.13104873861877
1141805,65.99683914677567
1028420,263.10667571856385
1008082,323.1184557692868
1203463,173.573561117661
1392466,57.5739554539373
1177980,59.45457950102772
1129026,25.814467320475813
1420393,31.75349959679489
1286612,41.87735912554104
1012745,95.46758515846115
1316195,90.4222540871943
1336270,51.97015824449728
1173009,90.04110163492228
1000985,120.22175983079732
1358438,134.08646794381806
1098498,71.84160044834834
1139395,70.08153355969151
1428117,17.56969639579303
1208172,16.86257664674476
1192446,17.192908742095163
1325627,57.70136284193937
1005381,212.09470323038093
1349952,97.06253495965142
1430936,17.211621178449818
1225113,99.72307579724416
1423383,131.13330700956212
1034367,139.35494033332844
1437835,65.18632321184087
1219650,46.861398219283046
1003233,15.24729638576343
1001959,20.716871189974768
1203085,22.296004891468716
1318753,156.81813535787487
1349633,75.08701399792254
1093789,171.96271923253553
1268958,667.2813034321701
1397788,335.125487686409
1324815,248.16034076563807
1043188,34.89387578453588
1110209,99.06347622956257
1285563,66.72195187876645
1405565,240.83302100973034
1437796,293.6814559254059
1455635,370.171080800002
1072876,48.645021065935815
1281126,43.536523483077616
1107663,96.35729691169055
1027897,344.63522011908935
1043906,155.39491870309263
1237456,385.4516476558879
1434274,54.34944730527546
1190560,56.669420489356156
1103196,38.832488178489925
1189968,51.320067071392955
1171370,79.92841057810968
1464389,60.222314248088686
1226413,28.605881484759493
1119344,31.555983382370385
1462747,237.30419950727583
1409516,253.02579917578012
1088922,124.68339014103064
1094263,24.24449574428544
1395641,23.188173532518483
1413100,19.19321577200329
1232307,152.86128158202672
1204926,192.78523353884114
1366727,194.37669387006883
1295967,89.52420938568986
1131866,48.15572426958319
1186797,60.427301242133055
1110029,55.89989714227343
1253091,98.52587801166322
1153680,157.185316816423
1494564,218.26188400172848
1278200,241.6107185335803
1083108,154.49338852320457
1233302,140.88188232066972
1022893,117.57560260188566
1228678,75.72913065560343
1329123,31.972106157496242
1199250,115.78196258306369
1357046,102.3000618970416
1310599,140.35316352977242
1474016,130.3759176619543
1247520,128.81368317127126
1380718,445.3942938606012
1395108,278.6918828090681
1024103,152.68189866981515
1383628,27.279329534883413
1142228,46.68091685483148
1471495,41.646558745991335
1076185,92.83183592799915
1290532,231.8987095467245
1438685,212.33918908588734
1142560,65.92738757258483
1391099,40.0503571143842
1310622,66.86391348640554
1358268,349.5745948291196
1366545,196.78061994834812
1355267,317.3314257805773
1269910,107.70646197382726
1150323,121.98620220016896
1474262,87.45459725724028
1107925,58.38457777285163
1091430,132.64532463162692
1337831,152.82793028848778
1414860,30.207381976568374
1325912,33.315192460743354
1424822,37.8117314727204
1333190,320.4099248385766
1030998,323.03696723141536
1146677,256.4373681111892
1143816,20.045535233724113
1057905,25.24324181424167
1041924,75.8308772009723
1018699,119.2434745914172
1004607,161.57736892876073
1314329,119.24112574602975
1229282,98.25997265748633
1070986,110.7812726241186
1047318,123.07850173141838
1292906,79.24088011163359
1185079,134.53232905047906
1214209,30.421790100436258
1021670,105.7620098370334
1014345,76.57914566578638
1488800,259.3580963099907
1497477,195.57266652001047
1349597,79.04461235006461
1089294,1872.018156458555
1125205,1000.9466924036457
1340873,784.026292881187
1407369,194.86614394904885
1226418,148.74193115887303
1319050,593.2032055176387
1199115,657.0459911628885
1027254,674.2299099589331
1232746,98.57642405597693
1351003,77.29849006045518
1117290,207.52636989356336
1237585,1104.1068777651963
1477386,467.9773614255407
1301386,935.9006978928479
1391914,122.95439298748644
1155514,84.0616781029791
1040382,56.959227959314816
1219612,79.20367989595601
1030360,195.7919001128694
1354327,123.46797562643043
1298517,43.49703510435586
1239910,105.124499636279
1171598,65.66473347211155
1391417,615.1563343671344
1046430,569.7635848727369
1217757,228.66449855869712
1203469,33.50298777298305
1357556,31.073514575363426
1461455,36.658073546244815
1184561,418.995060612837
1209472,630.3225698376091
1192580,534.7737696066762
1474084,130.71289167283854
1487287,133.62087057608738
1164193,101.5378371333573
1109602,84.48160698092633
1443392,141.06123476768542
1320629,318.0402336004113
1342379,307.82900733096693
1498006,324.41148615880707
1347818,231.93802821239981
1305267,273.3829076086137
1087166,337.6379630469272
1076853,199.72340557762237
1305385,50.86554639307335
1079826,225.6828462772845
1104176,277.8555262714501
1175267,370.7762956182794
1378907,403.3116389126423
1012151,312.81843777850884
1270474,98.515154544111
1131994,102.00352764137817
1450872,45.203662184844525
1471133,20.80082454673725
1165658,111.56477552654717
1217814,78.22151853643605
1443855,119.10312416945412
1407586,190.28711995614285
1088239,93.65796512111794
1387039,62.63491716458256
1067822,64.85890942326735
1471014,333.20120996420013
1242372,127.16444237776881
1363784,135.52115654325962
1179493,14.8191590644752
1462332,15.615580454909036
1028630,21.29130789211448
1384173,37.460581124733416
1010409,34.71724196915637
1240628,94.80417919197237
1418851,553.2589604179005
1359951,350.2744002983924
1411078,103.45236051602014
1287056,116.56221136225209
1440725,103.73039627228285
1056033,35.18334748156922
1396116,19.390096582327946
1425734,18.146567450713327
1090818,26.380267116136732
1191333,152.99620339189875
1414435,141.64717977729205
1146344,361.3150792525675
1460264,435.21825995944863
1266765,172.4106125397319
1082803,769.0637333721737
1431972,481.760869050751
1230002,322.0482270223062
1402798,82.23033630660906
1356258,67.66715090813915
1212698,423.94614780335104
1486372,442.3095512796367
1443293,456.695916785523
1324089,91.63075162942178
1171163,65.7317962681303
1056982,160.3695875668272
1279701,568.1261993846778
1397626,222.1382215188513
1326661,364.67176450300605
1246808,42.52575185204254
1006570,38.7652743385551
1427424,43.49154826193348
1393546,68.18135484768808
1058293,87.44792606727967
1001180,32.71671858521741
1407561,41.049906535543826
1344056,350.2811383499676
1198898,372.03209372452864
1114889,184.07723095698597
1318169,18.714213345776045
1220031,300.1381996123993
1162048,407.52678838695
1178436,236.30917463257262
1313079,51.64139352821279
1265812,50.05524229738492
1039592,79.36831749270713
1218630,106.47260841862773
1079575,246.5645747655079
1000586,313.4042201164135
1429686,250.75661585431135
1230004,210.1829506667909
1452748,152.2366524997329
1078476,62.48862358023185
1234810,63.941840266207336
1333045,26.766633039633025
1234968,155.69543704315657
1219673,103.6475344478854
1352579,305.1331654037877
1185243,419.2728053501526
1100649,276.31173894148225
1139012,884.8980842472487
1487534,420.1224021880578
1040523,272.24567281103043
1138941,39.52825337492163
1329060,76.39197510599294
1364719,329.5106272814556
1336659,401.51004593664663
1117505,534.3888735901857
1350098,59.59501919385878
1392380,56.310091552542474
1420772,139.72273008810652
1182139,590.6719767498338
1412054,225.0738534426837
1489178,562.8130088207329
1294662,127.38018340289042
1259517,128.58627757807673
1422858,101.01752031327689
1148515,223.7909730643754
1465748,204.96441383407807
1441382,32.93952097072395
1383402,39.77451327464469
1125018,43.93610927430845
1245505,450.32263059282815
1009320,398.13950529092307
1232901,203.41619342928584
1356004,31.06230237847585
1302236,20.511432159516907
1278894,175.30888149129993
1052757,235.56986458507055
1322060,267.8300229972492
1373882,114.92777477837757
1123593,128.85209014440593
1366427,78.3460037868856
1365294,69.5626137004478
1464131,129.7033642894354
1198611,259.57862806672955
1339347,359.59911396768223
1142883,273.2161528552749
1109675,232.10661285289777
1162252,243.2528719655606
1420537,203.94513711049962
1271253,163.5865319144433
1477134,34.566130504290555
1098625,113.71285050784837
1086137,139.8506617533071
1499690,278.22193657561075
1333035,239.47323386177655
1484962,164.1834518206766
1061620,78.61590763955654
1305904,76.3266568828872
1365197,35.518361773658135
1178853,43.368002880113046
1165037,108.69807150977284
1367023,57.21486903826711
1137267,84.76472087054515
1161659,110.57853455761432
1092440,85.01853762786178
1093380,255.00891127953025
1425176,139.80775554950313
1119688,120.55787093985181
1471786,23.792920363258002
1266863,23.253427842765497
1122156,16.803195346066992
1291641,23.502949061348986
1453686,23.63389474736762
1351721,59.32717902710644
1048131,476.83845132772524
1378323,317.1380323548833
1237518,125.70834386156571
1370913,128.0596097212816
1497225,129.94394237964713
1134227,29.500260755370576
1243770,42.79728686149721
1011398,24.70182919815518
1362374,22.20681537572101
1370332,129.12173299237165
1369916,87.88672584471054
1368442,298.44538047963835
1401772,334.26501964627096
1164969,180.26496987613834
1376822,517.238205884628
1192752,339.45607387876436
1122553,198.98703805779363
1084167,82.38180896823104
1435856,149.54945145085887
1416232,206.98685501235136
1356384,524.7465878535095
1145535,389.8187747900241
1103003,79.11230932951048
1390893,91.85694319384866
1163752,91.19059086554628
1284180,779.8964226565009
1044711,273.029319361012
1101385,659.6673836482204
1310135,124.15643826089453
1107165,100.6697211453196
1044935,96.04794006496313
1358058,224.88289074899149
1270763,202.48806819375636
1141498,48.882290510386866
1099098,68.3065302835591
1368689,94.02357739569537
1225441,404.5606068505065
1411973,451.3739943056226
1305327,226.01094522504363
1326015,33.64158604784012
1474663,37.29972316050091
1461176,42.81655826324461
1367817,117.13071303347034
1328212,216.49844136047668
1251250,245.31522657640508
1175249,155.37335409962836
1067334,133.8379431202099
1343496,167.3501644445261
1198628,188.22377525570482
1425780,124.18900486311654
1255897,276.47952034925333
1238740,60.999589660048834
1442104,237.30507131480215
1200505,203.17367265382023
1096571,374.41885539689997
1453406,475.1725223227039
1498862,122.98176976630782
1109460,312.972478954345
1095250,278.021391856911
1009945,60.33668483543734
1062744,23.867534222496513
1104740,55.08429500245733
1146902,54.01008030219145
1109325,195.32619854812614
1426497,432.7140460237375
1277432,288.2419735402381
1464202,115.76343703521367
1123580,149.49008760325202
1123130,148.97250235759873
1438654,277.73667788237526
1378051,194.83456630570043
1283089,168.43239434901656
1214375,30.20599464191529
1223519,44.06815435020949
1492295,84.0841537080972
1315808,19.446290197358778
1245081,25.593089569070543
1179359,28.99021622243217
1069506,208.66038517440435
1084567,247.95825861384571
1371893,120.69908315789195
1279696,65.67084650278316
1381048,139.79202726981956
1294243,98.95921323620908
1255299,105.2422350209409
1454713,63.89489795809136
1132414,57.53794028152902
1168582,37.07179317819271
1211490,29.550768827026406
1396054,46.08318344753015
1075151,19.78917520088601
1129512,57.05413846631013
1349156,63.478300446694035
1283403,256.01900098809637
1442597,388.3585960603467
1372560,134.57786094738836
1444543,1441.4827477802546
1317829,642.1812524339158
1129603,243.0075733975924
1302905,56.826091479702605
1478833,91.05919537682739
1037634,88.19310688620413
1133327,468.67237851885994
1145867,578.879552557456
1132416,682.1223452477542
1061066,120.6412575866943
1237095,104.5715200577853
1292548,192.9136355193128
1004539,761.0752782693689
1109532,309.22524407345963
1464786,737.2375661188247
1454798,83.00872831448925
1258488,55.3637625888007
1009681,50.236703505840445
1207682,90.73916678605825
1272815,58.145595901880675
1053250,30.854154308143105
1117835,45.35969761546901
1142259,45.12198676291739
1256087,509.5563520429449
1226927,390.0711116233067
1197065,167.15144406246839
1021476,23.288717316146247
1128443,23.376750552425417
1063994,52.76737710429988
1272093,72.96909491823374
1184858,154.47026524444087
1130424,254.29853853610646
1253795,316.4781057578073
1007961,177.86667661582086
1090108,101.45938367841298
1088502,220.7942175590136
1125260,253.88525114483085
1093130,294.4570419597489
1389806,332.2742321634044
1260387,120.99422275874733
1257181,162.70094371096616
1312562,143.52960477538574
1099461,71.63894887426387
1227103,37.88650437053247
1371677,160.9348679633372
1040519,164.3738514440311
1419824,280.213026887175
1039816,329.0883735759006
1180066,190.6458644932421
1093777,478.0855009020087
1015607,223.319928213731
1385551,66.59327041144145
1343850,82.6459788940542
1302699,134.42184931251938
1470456,389.1508769338647
1033891,192.32233509190516
1317953,75.65212540870657
1240240,87.6887692882556
1138618,115.83817022606407
1251353,351.28825832668605
1169520,203.4095046365491
1222203,301.47095361019024
1330506,87.51625075111599
1095747,59.70686181061563
1146800,55.134066572889246
1340138,95.81731513746944
1060804,114.79043631741784
1034507,28.57467419597141
1285430,39.18908843320868
1418621,37.73702143932488
1389242,178.16790327166436
1205005,441.6079510450409
1458426,295.68513262121144
1145845,19.99285824009231
1020336,115.57443409213104
1390749,136.26464613421908
1458502,173.94726699553192
1268836,139.82406329205773
1000380,111.75720596258607
1316849,59.07060891496153
1260616,57.9145986880068
1490597,32.02311805608398
1365659,40.03577059768227
1177200,26.818099832605846
1324304,101.960356051565
1423013,88.37614675069314
1340752,259.0557866297108
1330625,302.0301237109998
1165067,146.19959541827083
1485963,627.7007000358243
1107378,417.1118008291424
1475322,185.90973571720116
1423096,25.13451059642645
1421652,49.87367359540689
1164085,160.67404389315416
1397932,258.4345438252957
1079065,289.3808576458503
1234680,93.70073102314169
1172167,127.36339387038424
1312426,147.95133703731378
1492844,452.6546027775784
1143346,163.88930374035272
1396501,281.31418407302345
1213006,59.46079124120402
1451834,38.15412671096333
1235794,34.600488177269845
1475191,121.94318829497986
1498268,79.47618309961548
1373847,26.049187070060643
1429177,27.852577875391404
1448932,321.16284975202433
1301394,396.0850876770106
1279507,292.94711478997493
1025507,22.738319469488886
1183926,18.892881194363156
1364798,108.30240351615502
1452295,136.55447071114185
1260568,177.8869255965484
1487099,212.80769415464712
1147881,170.54764121594013
1058707,108.97732891577539
1423621,92.35146472099989
1207940,40.05159897650491
1350667,54.014016592346266
1248758,25.580555952523408
1218300,86.71179886973135
1059605,93.17407587217625
1122083,316.2123016951962
1248754,375.3714925472741
1497978,162.93084079940874
1193020,396.39429722575073
1322847,252.37280558206638
1374913,103.63077922030692
1178707,35.410390718187145
1489039,71.545089997607
1058034,37.90878084423446
1256130,193.02445309598767
1040412,457.4637665732103
1251525,235.28404658862823
1302552,184.39170444556098
1000405,146.51549809475273
1272624,123.55582177957452
1418951,426.3001988127646
1083553,120.08367021751643
1379614,311.3163106529861
1204248,64.75450592237426
1313512,49.54467585058284
1250654,21.548751317858503
1497104,32.50942025930426
1421623,31.258712225849514
1207686,179.940410571793
1464581,258.8025746602824
1022560,155.08058727545878
1037597,22.39465854536215
1168775,19.452323297788528
1429336,71.43832029634524
1173733,119.93901108798093
1384661,75.15298160749215
1174164,89.04134720454898
1130340,51.279017074485
1413242,85.61923539378205
1002128,40.58178956105455
1245306,100.8665209010039
1056566,27.434985149494924
1252353,79.91896365243394
1321307,79.64390992032173
1004124,257.104527689981
1327188,308.6947948864347
1083831,70.12025147740862
1430974,592.3012986582983
1204607,369.43921662934946
1375533,199.3946921285482
1110541,56.41805973803264
1308693,153.9990130381974
1339671,287.36005535802883
1146493,288.179449695471
1446291,107.77205379744957
1473600,64.14107340002155
1106524,75.2997345501471
1041891,299.0343862238863
1246866,135.56352321414246
1063833,296.3195835979601
1010170,57.76881152641141
1061389,43.40106617288298
1391427,40.043004120083594
1124635,30.78459727949021
1163908,109.23119830653278
1480946,98.83942127069865
1317106,30.662469234755847
1289609,182.40715358490013
1130721,251.2784886506631
1085675,155.25296019004233
1456089,22.387315176787734
1487852,26.337042941548333
1194326,20.856709615252466
1250822,65.24413758422331
1393237,82.95283579454873
1079005,114.22028216636649
1114401,113.56397209091998
1285141,124.03150230464216
1272957,84.34040778905425
1215779,72.25303050142523
1074009,44.55164443900261
1167678,86.42885671327777
1028514,114.13409944904888
1309758,86.62322455544692
1280261,253.50303266212077
1236341,217.3274919961806
1193107,95.7512344993908
1231421,616.7565361216003
1327609,360.83614294985745
1233349,262.1688492926375
1462748,28.528922028922327
1269584,82.14776462170433
1014996,80.84510433794925
1443779,244.67202227039732
1430695,277.99069538299705
1075490,314.629130601964
1465455,128.48138927046176
1484197,147.15962067027306
1121116,184.10624109782546
1329859,270.43974644125524
1305683,176.7489000105461
1276788,267.55298592007176
1243216,21.731800208368185
1468809,34.492150905917406
1073152,28.190107844362437
1306776,25.25728124399431
1375783,276.49860504757294
1136080,186.31606969447247
1015385,122.06362628764298
1066076,18.908310944082345
1289065,82.85245097933877
1049699,177.80449674234458
1273859,49.08499254322591
1250917,36.929934960630625
1134217,48.68096588878226
1128791,53.014949486773816
1076426,100.31101410911761
1240821,110.89379775572881
1162484,279.8374481131583
1287294,195.44953851038315
1285677,183.92503288134446
1102290,82.67645438164514
1215930,58.081016840763056
1457277,29.406061266438805
1237362,21.791023746659928
1243074,84.0189387252891
1161777,60.64191580061041
1450893,192.1631789471375
1235684,144.79657434125775
1166579,139.99921345998519
1275946,489.2634665755564
1226462,311.53137045146104
1189141,202.80501936722072
1001431,66.33948535398316
1344123,55.22227740156403
1264101,202.045931491826
1085278,302.7799291832611
1466159,331.8536287074909
1043464,72.03497732553862
1492522,65.91775705393233
1106674,132.65631362939735
1079406,309.37170576020327
1483182,193.2061559933579
1099585,315.63399770136493
1305943,44.50663002532668
1202448,38.55990555647844
1262049,59.13015286243667
1108913,39.47986935688701
1019053,26.232396108120543
1031572,27.506813142789554
1031727,208.0678817798635
1351498,149.53092044221026
1489607,123.06614452654917
1248197,22.167182401061915
1268765,19.594640877423444
1170120,155.62000913351602
1371644,255.24439680993942
1441584,203.3188949058935
1221116,45.64028584759505
1011312,37.095217782183894
1289928,56.826639971978906
1240530,92.66421512318848
1467823,146.31904245063063
1167321,206.56556689922385
1326759,217.63481250828366
1106911,155.46635591057057
1127586,144.76200504473567
1117230,84.13158857869823
1408980,56.58593881345426
1466637,25.963546151170508
1032676,94.265190798113
1085342,87.30540641296302
1100472,221.76908092706148
1212272,147.08016969045894
1487542,85.06787559830185
1180280,531.6274119270194
1072664,287.7381045824809
1387433,168.08539340406224
1233924,37.31328321874021
1131911,103.60772783144677
1261584,83.44432918331404
1479677,203.5331666964852
1105905,356.9245367682065
1267000,334.04011316161296
1249099,57.56368368606762
1460320,91.6521980723282
1074993,566.4192652649682
1145990,274.1050438616353
1049132,441.75656603950875
1063015,54.58989411154292
1070294,47.77033045311507
1114529,88.90574104006713
1370194,54.517776177228484
1270326,53.432061605830356
1087211,38.35964008400815
1371275,40.90233425341843
1473338,203.48393717291094
1230945,445.3614596863168
1200793,186.3664400223261
1054892,24.180451870451982
1262561,22.04806081961818
1007490,128.22609974590338
1308751,128.07391619584345
1073589,166.16544144360543
1305397,77.0475720593276
1274216,51.93758915153629
1296322,48.538505578661706
1496799,69.4287084241132
1390124,118.51949492676503
1246387,152.5657416765639
1087532,164.20486323268236
1038990,259.58036810939876
1002997,119.56811025314751
1441462,78.73852590851361
1212479,101.97510248564468
1336379,69.53160949627839
1231107,40.35324893273001
1025208,146.02423768121895
1040724,102.82245899208165
1315060,287.30396752630463
1450801,280.3987946195837
1042128,181.2173013692635
1297462,128.68716811276508
1067689,128.35103493380393
1480247,38.254711415661696
1111610,19.747899607379384
1115458,40.95324853686039
1083245,125.09506299131306
1316588,176.84200883128915
1422402,115.09388192674673
1103872,60.33947740265214
1252476,80.5850615790602
1241492,118.11279269299324
1279465,236.78800264088852
1346600,109.5327907838223
1045529,93.12694202072205
1247475,25.643404301295046
1033602,22.26327705033868
1169805,118.40839922013164
1370143,371.2022326572452
1296432,226.47430443873336
1230218,63.21907266766368
1006102,96.00758017644085
1365140,89.09955340989836
1358351,59.06480417844595
1484593,19.835375913862748
1311634,86.8117688346023
1165626,72.300072147928
1018556,327.0108733071716
1388114,480.0581627263945
1220103,168.28578112906627
1155339,387.2936351426737
1008164,234.9072047668553
1061591,111.9254556583904
1403371,21.724448583949233
1430621,43.382111702468315
1146539,29.47692627248068
1134494,90.51748428469367
1280679,128.3008779120485
1413584,155.1933711292404
1250015,31.88189016319214
1174617,31.591332118011778
1172903,50.50242462079459
1338433,308.52251905425646
1439329,129.3316320382163
1453924,297.2168155842918
1230360,56.62701727869108
1474539,34.603198582652524
1385434,63.622081758061555
1420768,116.3846939315257
1242843,107.23618802225272
1491297,24.043735945524528
1029994,27.5062025197844
1195450,206.23633677901998
1106133,242.8946662432052
1343078,174.95196599055546
1106605,18.980433340160687
1021972,49.07055795578413
1054087,61.79139105064205
1000916,107.10624434725354
1366353,121.20237636108945
1498867,57.33501876639285
1446240,100.03405116399212
1493905,47.394221314430325
1192604,81.05347808368347
1157900,82.51492447373606
1060922,63.29034701618535
1401083,166.84132005038367
1063131,138.23740599872514
1291236,61.29763057963098
1339975,402.5062750413709
1325692,396.3435012440325
1379965,225.9338492399214
1445518,33.78782064445999
1272125,96.99102577236766
1173218,53.522678139912955
1462601,187.31800379665972
1430034,324.8855855504307
1132325,287.1491065880377
1124041,92.20823111702568
1028358,68.48276947427438
1401741,122.2982259612739
1341530,375.05562954634365
1193266,172.02050658914095
1407952,301.5294517459488
1392239,44.252208879060674
1310990,44.38191999410775
1406214,37.6987691937383
1110969,70.30128245006584
1440940,65.40752366850077
1028809,26.250404497316097
1104430,42.14586509162023
1149766,43.38919802540763
1161152,231.41256433404658
1291371,399.9130297053393
1469310,263.36929744004226
1359583,23.96870009975842
1247499,23.364391782363317
1313529,84.15521648095547
1098128,129.46642616076744
1465531,154.40161491245976
1353011,64.5530819021658
1073089,96.56445928042153
1295773,55.38173017308992
1158717,82.39456513388909
1035147,40.60206005185381
1342863,90.1722199242028
1269768,38.37435700497065
1112092,158.7618662943387
1121263,148.4238353836055
1220068,255.85470286278127
1189831,330.2001820341211
1107821,159.8758557125504
1290617,201.885168607332
1125510,203.04432623088505
1268748,37.95975949432519
1235898,22.345950293536493
1103804,81.11121381303136
1020219,53.48368605178481
1207242,188.24372492542554
1491093,365.1070289469334
1024663,185.48513965250322
1002342,105.1957965972504
1098095,127.06300926337116
1233877,118.2354621665571
1191246,283.9175311042078
1345716,140.02203019501795
1379599,178.06664133602257
1254624,27.768277197493916
1323555,38.41105048089625
1301996,20.057921430918746
1327864,29.153135611952894
1317099,105.74640406620294
1062675,275.14658812865804
1167392,134.57727468934456
1224019,16.50211283445061
1162956,17.93240941527913
1393617,63.86933505740501
1410139,107.3980920668765
1161585,66.05934986172187
1228744,64.71607055836624
1486498,91.479104100959
1237006,47.70186112285371
1368477,36.57246054677102
1268989,18.828558902345527
1331468,24.09246960504987
1193998,87.9241910836729
1212172,72.8637736498951
1020427,261.6666970007898
1464987,329.27666969577854
1397410,136.920610467966
1305831,291.2595549931336
1478418,240.94513849915597
1461833,105.17527374839034
1240501,106.69767015644747
1306099,90.6155997953838
1073500,124.37988932665819
1127933,214.64604783587288
1467236,135.1970744885029
1117229,72.2565361872176
1472745,75.97478938058124
1198136,102.15969269882389
1237283,560.9549422938189
1167140,146.35056963580354
1408325,244.61284002539568
1032374,29.815282672611612
1294006,27.908021013817066
1007549,26.71921896016574
1391878,54.09386549570175
1178675,51.690516004982065
1093994,23.066647258621124
1100173,32.97240715097203
1035285,41.28542279103973
1209006,130.0579649752557
1246267,445.01152085716427
1415208,318.55117535525545
1421985,20.447141014913406
1356088,22.536819371640863
1215618,114.19289501532462
1474247,145.80267058418133
1495102,148.73611992090855
1277463,117.03252382374316
1075062,73.00618742965369
1408601,78.84045747162912
1191405,32.300237028533104
1064291,44.92961734396835
1207427,41.095789484847565
1346348,173.35419959173353
1006361,139.62687097952883
1178992,277.24657027737146
1022032,475.7570383018629
1356978,127.15752206080532
1339194,558.2162919645224
1140639,396.1742071572754
1358305,256.85051758277126
1497364,60.657269144307264
1079291,84.72632560890489
1032155,69.67212135781449
1332928,193.373291915259
1016607,278.96877041035583
1018139,325.962746609116
1498588,86.14660203567763
1447715,88.07771526717185
1064474,95.01651990723414
1497299,431.5910565797644
1028758,207.70706172943156
1232226,390.13161078679127
1295932,66.62320144738838
1242979,41.93382967742302
1131973,83.77754337267666
1264900,150.80151271888855
1372544,157.601991061942
1069977,28.057771576496055
1051497,41.07371615200795
1439868,38.08062626813591
1071157,267.1696761137736
1229991,349.5319316810634
1045423,223.452990439729
1424192,30.26961626520719
1162793,69.56731828453334
1378401,78.30134429146345
1236537,168.81791193117786
1279865,152.91159543012267
1438196,137.91982763115428
1128118,154.85712876674847
1084912,187.1944919303289
1257133,153.46675958952773
1326260,295.1967412970897
1342245,28.171137876189437
1382993,114.53676536235814
1023106,97.69790317965344
1422156,324.96814561044886
1378172,338.9246464355171
1428499,110.06852685079505
1361549,1008.6508888227551
1447369,606.1091796114059
1499731,356.97907242783793
1477208,43.131158584196996
1224012,144.82058379375528
1476979,107.81877893689843
1388306,504.9167580616863
1320899,488.1647134617952
1182492,634.0640839731433
1070528,131.12614492656812
1378815,147.94034900383784
1133192,248.08360682278942
1358297,515.7188044933869
1168617,381.8331266866481
1198452,557.3830283733636
1054815,70.18711957105366
1429989,46.36537478842811
1452920,44.676806260067586
1364546,92.7554174070437
1047450,35.867656575835994
1495323,28.927432042748478
1059102,40.05119759296386
1199788,43.51611089022604
1379979,493.42201493190294
1223618,412.96116059069703
1016936,182.7655590439952
1144801,18.415744403798886
1075666,332.68051174065346
1423546,496.19034147789006
1335791,449.9827424156818
1449596,63.13412470631029
1223170,64.56454095507377
1047470,50.13685234372786
1335462,98.96141235579013
1077952,139.13113699629838
1246739,240.22369158680112
1314848,330.5021974885884
1274066,357.5193383472564
1017736,194.04131253294148
1331336,149.64997269437532
1069717,93.16606958140157
1427960,72.57318190503875
1285901,28.2108198047811
1183120,145.6941729084852
1035322,133.77699964528233
1412987,380.1696122327058
1465065,283.6124388404371
1209109,348.24418346754504
1138520,374.1351379717538
1425904,302.8704640929347
1050233,124.282004005771
1438123,23.099133025460826
1306697,57.12278437426421
1466488,55.76010683671878
1061294,160.80490291715626
1165400,253.79772600027695
1270455,197.31086633167828
1173994,67.7793373620025
1234906,54.75155333915734
1217608,60.245694617146164
1399546,304.61451771897845
1425432,138.3648031062075
1375742,288.0639032770928
1386971,55.37536534727695
1313903,58.364851949867834
1468046,39.355044851538885
1143434,81.2039292065279
1458467,199.6447716778702
1315614,219.00506895878166
1060379,16.022913198901403
1242551,29.42689224852481
1095364,30.448282899431238
1355864,183.89979849194333
1433846,256.54901568344087
1490375,164.30919482463986
1128032,20.455064971054725
1274803,30.391830256928866
1141401,67.28412897589544
1036619,68.08445904962565
1182033,129.4660215357051
1394734,119.83046853332903
1266882,64.02410866480093
1350266,120.6656986825112
1032110,140.17342290039764
1346305,67.41832290299973
1352022,111.58674478322085
1444572,26.861175530236945
1337198,121.52926132844547
1232183,79.15693615265799
1193500,242.60020273786844
1332522,214.33304425922051
1181307,98.97529664431262
1318970,202.61676769104864
1230110,183.20421371255694
1282678,57.492542636991416
1454906,35.542883639426734
1087230,122.54117156677924
1245072,77.81075893941643
1333259,268.4821709322926
1246760,456.81624617877856
1144722,202.8338412032018
1228809,65.22682152925874
1177855,73.71461676078628
1459200,88.56823589473369
1419376,418.45358447697936
1473748,188.60478770033734
1315244,233.67436481170262
1117852,21.244008679651493
1378735,41.061016085149696
1123101,44.37162477860496
1216042,35.34631497299202
1363824,35.17239145680208
1109184,137.71977771906415
1453938,591.8459779378705
1415863,345.04804488698846
1410274,17.623749139694603
1287636,130.32867599167173
1132630,144.36380481114531
1406271,163.20331888654349
1090704,41.80357062270505
1122982,102.8063160190106
1349996,53.3681687817308
1131800,30.929017924418034
1385171,23.273734117535362
1359439,34.9637238521686
1306678,236.92594842266286
1114122,183.9766975984788
1192330,419.02829264699005
1080130,578.2480292325334
1210263,315.0151724105176
1324577,446.2781393763997
1171672,394.0784818969427
1083317,266.4563798343161
1230585,64.2738531039691
1000085,93.64225096296497
1425828,75.95342764283713
1396429,265.29538381791616
1269710,484.4416898824268
1050978,355.27128284429915
1435716,197.8935651229272
1042953,125.52379860112794
1189914,186.75179334093096
1092362,356.57843408461116
1096295,242.0158798405167
1300682,320.3775427981523
1288816,54.50491485522471
1128198,102.04963980870015
1346627,91.99336063235249
1088156,33.48467891873456
1478834,33.97646044412136
1331594,46.25925856695437
1217675,252.19334332226535
1112700,278.3288996822664
1277335,195.51599621748323
1080700,22.19773684677609
1137982,21.459306912302576
1028104,25.525837367533644
1140032,106.6763797535229
1241891,189.10699837798595
1014522,159.41149768092845
1469891,172.9522812632584
1331921,123.59765112903409
1259451,141.51015190254677
1139069,70.69809403160157
1074410,48.16159073059745
1452537,128.04334541690682
1197171,25.686202184835153
1120175,156.01910680263242
1221083,110.0791326784539
1419813,320.13310443486773
1062617,408.50476368630353
1217149,118.97502036003465
1089050,511.97017038726995
1461365,291.0911147485017
1080756,219.11616385654767
1070930,89.22466818416304
1453915,71.21962868417289
1122163,229.61709091964136
1281556,258.25903041932276
1451474,290.09978807512516
1184979,53.90848635423554
1448200,57.44304507361715
1361626,92.1225071585397
1127302,330.1693736798424
1342786,157.14839552822167
1148097,288.16421252134325
1206446,33.827998715697234
1037296,24.52950469528771
1306781,27.72630721495175
1096759,50.22587668794682
1493504,74.38087689961102
1294035,39.05012778253928
1408322,22.389366250933126
1311230,28.411045403332437
1431143,26.855409829246778
1057122,194.05449112418688
1052429,192.31186545928438
1402786,97.58050497971851
1395805,18.88088625697213
1070689,22.161252661673075
1298419,17.652510454709446
1017228,79.52981547934317
1366050,143.32620353919904
1309302,162.9392026554187
1071986,47.37976616282646
1348808,43.61737683226825
1105017,53.96185831454413
1131156,46.57240163186707
1191506,54.96596057825415
1196940,113.46988610381447
1339825,101.50441551212663
1215288,101.77851400091967
1108597,90.91098428140045
1493433,90.62662237118336
1010862,64.50808611051832
1289902,54.134211226409654
1350450,25.34090268211626
1467669,91.82886470348474
1057838,87.48488532457915
1388713,170.2471321201193
1248955,164.78708884528737
1498604,138.99617905093532
1121810,715.4799490240001
1145363,468.1035785737265
1408791,318.5201704452224
1398059,65.59682386370115
1000890,57.27442750705758
1120392,314.551943762119
1159673,394.1669843798306
1264986,354.47516596155975
1129548,162.31310321450297
1225380,136.09683804758123
1078271,185.8333152733612
1304517,383.9250674666565
1377140,270.2180965874809
1056871,408.03729167031594
1173936,30.68359757837805
1416956,20.498435687917386
1171152,28.648162225120206
1177426,33.690529701448945
1260705,21.323179152286666
1138702,32.06351970844694
1163092,26.85722384252436
1134672,442.1535786670716
1411709,379.9985771376773
1053624,178.4545423763869
1205375,16.85815301494979
1287103,55.66623127937808
1169085,123.75862961682013
1452470,65.8079484170545
1346931,66.1591430335088
1128636,65.61477639855848
1011007,89.62703735393555
1441671,163.63974034513237
1326038,199.63944394202514
1467889,187.57842906615122
1254304,197.87625043420385
1449143,116.95154227262384
1180721,48.30919983191459
1085409,51.32332683332293
1255557,20.16798020885012
1016231,81.9376778266049
1179779,60.288818495333544
1404777,261.72846186859783
1482667,229.99614206250538
1018043,247.11138362702604
1337116,1665.8968457457806
1366322,764.7310208448966
1394190,507.071022056528
1408881,62.48022928189086
1269966,121.00854016196115
1027247,439.022050872829
1431942,533.6379030411109
1053389,732.6742205225103
1059676,76.85537612001822
1092508,91.90783264711517
1178026,209.552953681254
1241259,895.9043278699327
1068862,402.5978189946903
1366988,829.8846612096062
1229730,142.67959201647224
1057777,136.25438690727233
1417079,61.34530608207867
1485601,246.08814421339144
1111304,206.7814269113465
1252493,183.616966290437
1348179,48.45197003279549
1267474,63.33736062931165
1325342,615.7870859598687
1260311,569.8542498894805
1113155,390.0098163542989
1140269,34.91805951443129
1315629,47.643682256132564
1471838,29.044718652997382
1260235,239.6871496810668
1463547,458.5250731509282
1453965,500.69958871090637
1271516,119.06642997696899
1418510,90.91362832223457
1209386,103.78440594829674
1495791,120.48517171340254
1303705,152.03187305046487
1126270,420.50541402011385
1233169,483.4562761960264
1018405,335.08947842896845
1145871,269.3833376194797
1013566,283.8749394330234
1311102,292.75751268852935
1274734,267.33199694920603
1318399,40.253631440493415
1208881,188.173769544395
1057936,192.64561584447142
1330281,348.53772005175654
1341683,336.4964130038396
1137845,291.21028247342286
1093038,1797.1867839521487
1413823,878.9171632129622
1198302,517.3974255250971
1050288,55.47376158841907
1457410,162.5837318317021
1087017,113.43591333076525
1184251,506.1366441134898
1046290,561.9764879174735
1365636,749.9803120177135
1020051,92.44360705496617
1314155,116.89162650073199
1054140,211.0732253305037
1128795,843.4507783600028
1343368,393.7518895278274
1027914,730.3120327987739
1042062,110.95907753638821
1390807,93.22204701034137
1028601,66.0177213037218
1082933,71.50748011864859
1384407,71.0730703782368
1196961,115.83526918302567
1122942,46.6311480681327
1189314,50.77235416558217
1368555,46.64881990728674
1439062,537.3505926633388
1373666,482.38079169623484
1281436,236.39548003386
1075875,32.44197368323058
1079425,34.392381041622734
1375719,32.654134121350424
1438076,168.2986813643215
1323027,223.45974591543393
1280440,289.0060111319057
1136807,171.22209376134688
1413776,162.56461771488165
1372751,110.6094612784472
1366942,116.49980153357657
1252904,218.9163038129324
1484640,336.35522306115
1141481,389.98708188624954
1484744,418.2680347533852
1368030,218.96300694799746
1115883,200.68413698946983
1178326,199.14827914066507
1144637,179.60364193920933
1083185,44.21475184898006
1265850,195.90567822733874
1064535,167.52747898729072
1151642,377.9046999901508
1051521,313.78361199047913
1112568,280.42302897622875
1060374,168.1566785211102
1145737,165.2993537591855
1153172,88.64631160139847
1182641,99.15959236116768
1416916,67.07458064596587
1432452,112.22823219461037
1454467,355.6249854567106
1090725,180.99861833706646
1278151,56.77261764780997
1182721,61.54230590984028
1490426,73.60278739124672
1261967,467.2507986206559
1272173,158.49887497016545
1475127,190.52670656150025
1402147,41.93920739603645
1405911,37.455128979750356
1270123,34.49442644632227
1129747,34.47719117233094
1479343,139.283860184827
1224135,542.1233536402499
1026022,366.6977781381149
1133017,18.115669953285423
1374299,17.296976590386258
1492201,17.342635749618793
1194920,89.56422372297246
1198272,118.73636766367927
1403006,121.70521890737726
1388663,43.74280434665008
1351797,42.51383308688577
1012076,38.360699096624046
1199141,29.373450403949814
1248453,28.65416349176407
1479518,206.72123735896756
1216396,164.94873354931443
1019051,314.3341151227336
1452145,497.1550277569904
1125314,196.9883335957523
1199363,252.28773335087453
1402736,204.85093810983693
1328158,137.16491285640038
1316599,24.541743323606372
1046186,85.2371695629079
1005596,103.62740166226578
1353037,224.87597107344314
1390757,133.27843282048747
1085036,48.902957466284924
1399946,48.55996420454076
1291405,77.63056250702009
1047146,299.62122016679564
1198624,139.84549875613098
1105675,104.37530186758612
1113170,36.39187002166634
1377155,40.32369046065753
1412520,26.00316505547613
1138417,31.463239700864804
1207513,151.22767286563013
1241983,427.8489159311016
1093937,273.4303643190625
1409401,16.445372150484427
1323538,18.60827723688667
1355453,68.8010456156453
1273259,66.74861875987848
1036223,104.01287762423641
1128930,70.50740752527476
1401233,50.2663275352723
1135475,53.420895199219004
1368027,39.87992978256391
1054611,20.87849572387128
1079923,28.022596889705003
1465046,23.666850395540525
1113947,121.92200939911501
1206608,93.1134101259947
1141138,252.8887115471765
1398745,407.66715821064963
1232389,137.93491933665658
1469568,94.05064041265915
1101451,71.86952822646587
1067520,49.448364113255195
1335882,82.24606954149554
1493778,52.63943266491281
1433304,53.23855716370389
1416184,91.71725262161273
1242834,74.00919802204182
1349144,132.8239594922139
1295630,105.46097111980373
1002687,112.68702947410955
1221251,21.642658994590565
1128689,21.571251814691298
1307832,59.03770462121735
1092126,200.3070533443196
1205829,94.07388366274608
1057847,33.603710047375486
1480723,69.10905205751412
1224002,115.3934648964531
1191903,163.74385128562866
1252385,26.08101101189473
1211903,19.363246363455367
1452747,68.80484657768051
1085236,51.23145146293047
1081076,144.12863612321578
1167347,81.057075810511
1468194,94.33678513082185
1180363,831.4753555349571
1425283,465.4796520595315
1491934,349.20883692090274
1165334,30.253292833831193
1451779,83.53711234426204
1109039,70.74200321242907
1164263,327.67972079037503
1053599,399.6458401550568
1002689,390.8105489394683
1202120,93.58957381754988
1290273,90.02716362122703
1217414,165.94361678519448
1140243,441.0195343868878
1035444,267.3641012764539
1147110,448.82464352542155
1143054,41.78336094372927
1359435,34.24081836895374
1322487,64.18826031490516
1285815,124.48413812230348
1365522,83.4929623668245
1401322,24.33256589367912
1104534,34.494713713508496
1418559,34.6267525462587
1333723,346.88803605454524
1062934,404.2308087780191
1203979,187.5956730811204
1493410,21.676504117784763
1119538,22.544966946154094
1103421,118.95931889869779
1461010,146.69349681687783
1099608,202.0025633184385
1411885,64.21928277573595
1491825,53.857189409043414
1249918,83.90296159837824
1380531,93.96087296748703
1266015,139.3395801796116
1112176,236.97316631449866
1027208,350.52663577620353
1040830,324.4539463131083
1490168,186.8631828036077
1270394,129.48446442122548
1210380,126.00866382071442
1488002,74.68700949560514
1019734,31.257576536984487
1236944,144.49571763885697
1292333,110.63287517715717
1229811,206.985324200379
1449864,228.2401699334125
1072219,232.84317659995557
1093243,513.2076148497384
1184143,174.00874113478264
1113423,159.98422400318856
1422384,39.38938175447013
1283598,79.25253609551633
1358409,62.30308047766173
1042357,249.77092838674176
1161104,329.9742027463279
1130025,373.5447608160443
1051663,49.05135463272321
1061638,41.09726420719045
1195041,59.272949838663905
1052245,399.1456770247194
1452792,151.12069443202574
1370147,330.62295075584865
1009569,36.08578969657725
1075387,40.836507425158345
1053460,21.872484002403098
1451559,35.07382039430352
1139973,43.430337592984976
1049891,229.29529883298346
1180756,208.3491612679282
1318993,75.44722860944444
1472200,18.888757326564125
1440104,23.248405601025606
1140152,63.69404564011822
1062709,142.2240981836334
1092103,122.96655594336536
1443773,105.9747538182195
1321207,111.92902745392199
1182933,51.47378757915698
1285741,66.74677110844185
1275544,126.8253834017881
1482368,129.2736531485902
1401955,166.77123892459792
1127074,137.56791786986085
1133824,91.25850879637498
1048428,105.55270477215602
1305096,90.14274462437812
1002536,65.48729543023238
1369644,126.71766587860078
1256556,136.38800851310677
1364916,151.65869449013022
1138638,147.14734391064167
1378795,84.09550632123906
1140763,1243.4586819643534
1025216,565.1894488372546
1248799,289.1969481220777
1413620,93.0115836542275
1466423,93.45255007475218
1335166,306.86838039783
1493273,420.04049721076774
1386676,488.3197202545485
1019313,65.35953297082857
1132022,59.71313792464517
1101622,137.0538731844715
1423915,663.07668522654
1312310,291.69814027448507
1225960,564.4359949460279
1417376,82.17100709992162
1229723,63.972311566245
1419507,113.72236712753623
1497642,133.5982294021108
1037322,116.36805708222158
1293324,36.348897433769444
1077904,36.98171404625553
1178821,358.7401538554957
1392636,361.54107719940043
1247012,170.68477032579042
1388240,24.771712139941332
1198786,28.91604602009199
1295096,21.99077813904526
1008427,201.86855126852478
1493098,276.02434251168
1117910,251.2242784389233
1283429,47.383067538406195
1230572,44.26779102147842
1250107,39.24200430287075
1001638,71.29874275766686
1070174,115.55341890130833
1074527,199.35845181274817
1475219,287.2769372160027
1487459,250.344193606311
1168060,189.42268498906117
1105101,242.57679575838475
1130635,160.1694367547243
1274486,135.26085350344664
1364257,29.981925262673013
1055160,123.617287602985
1172892,105.58078978824807
1008422,301.00393425013993
1290283,217.3728315477901
1017722,183.24772548253551
1352787,255.27137533778688
1406367,162.39557758741273
1495288,75.32823339807108
1310388,28.803915155213698
1386178,137.19412627111043
1068779,85.79067502920576
1319258,110.92618964580343
1467681,279.63475511378147
1052491,128.62448376395946
1034851,68.29967406698414
1128430,57.904005773888336
1412582,63.92851971815162
1314990,387.06244462835474
1361296,128.71196776652425
1147045,203.2586613381541
1230402,23.69234972710031
1250840,23.699268596396696
1475205,40.54530705486926
1316392,41.71910733604218
1198993,21.87395825862898
1400145,33.63500824018725
1105445,48.02560824392158
1150345,126.26650086117515
1364032,442.65443162385
1098208,303.1682310977285
1412865,19.395321043259997
1044787,82.51263154073553
1153095,129.96328734527836
1155898,127.96119670004387
1411551,68.50719515239606
1399760,62.51201929226805
1257810,47.606652577778284
1180700,50.814247478213545
1175998,29.51056367990819
1155579,39.84755351617642
1238414,28.221711508493037
1124042,188.32871139047913
1008278,123.79360419742724
1116053,305.84243791045526
1002734,539.1523013213816
1031478,149.6643075285639
1017985,349.6657347914804
1021112,260.5470212492901
1492370,100.67699587234364
1396398,52.312424033831974
1056127,60.94451870270864
1496140,50.90637386063932
1030091,92.15010369944636
1247939,168.65718070572672
1056526,170.64451045283764
1312113,42.94447951416517
1008406,43.3450024203204
1370016,44.533380552282864
1303233,542.0514418547194
1319582,168.56680140924854
1318816,341.83839338998513
1342618,62.394510551216506
1383693,58.54223287795798
1188311,46.49330499872626
1169645,93.41812228824632
1135395,76.82192864164504
1051052,140.14561180688932
1284449,31.313457148582437
1271673,36.04017392743026
1378449,49.165673042603295
1038896,264.1856088114631
1472510,300.87097060289625
1381929,202.79568102267658
1335466,21.234715066013614
1210748,33.27440014793098
1472665,58.718226956727044
1401690,78.13451700705983
1457882,109.50792668864216
1138253,105.52532790028248
1375108,88.55889661502782
1367061,99.40248051755107
1378475,104.74324075795494
1135134,111.26788640708924
1375702,30.95659989884645
1208820,89.43051716799087
1087191,81.68278089677956
1286946,233.79683349304935
1135939,275.32944963048135
1298778,119.1455937067445
1426974,169.6443773451614
1053569,160.73170398880956
1404213,42.06615527724758
1400039,31.795338762802068
1474073,111.98497469759025
1274743,46.77729887448401
1480386,183.71670542517083
1055391,417.3807913542035
1002763,205.64917884295997
1005714,90.77793476056902
1183601,85.48350849308669
1269616,81.8557587182305
1387344,303.48293906111434
1075519,196.83710057431892
1451717,176.52078832735074
1249283,20.888236534949858
1161877,20.63558315783259
1420629,17.97772705372379
1467067,42.40974128426801
1332082,36.844120679380254
1414354,18.272656538997484
1028038,27.40638230399675
1071038,109.58460031403415
1003545,380.79672174110095
1356848,181.41031195613093
1253695,17.883944225776553
1304163,66.88753060287782
1275336,97.05137944857432
1441314,71.94745435941189
1307443,56.50346444695979
1395576,67.52236806961001
1166004,56.72551340685058
1108673,29.33964416363877
1168528,23.339470548117447
1282673,128.20461296343072
1323796,84.76559500754406
1425596,380.76830585670115
1070034,518.9190829353581
1120599,114.92517234835879
1115016,1532.6597040086365
1033118,519.1883126459385
1041123,439.93867176446645
1412939,129.19218369376617
1413843,368.3281761722799
1302476,242.70117042091593
1200857,649.5161149258965
1273097,805.2613282468947
1360566,845.2857157171987
1054117,120.06156346645241
1326687,75.9556955815324
1075832,194.33722118804658
1408738,1319.1890308094648
1428262,652.7989278720664
1157251,1235.1918028430423
1383481,225.73816478849804
1228924,225.43388611866592
1315410,133.06128753071994
1198596,175.405402317005
1403013,189.87440237233304
1094157,93.5151000561458
1158061,113.62112111963211
1375495,146.17389542937744
1128710,105.88755813662112
1012762,693.821711784915
1000164,668.4902371269113
1235645,304.92381649622695
1423314,51.29353249166091
1209129,26.930898867559787
1317753,60.88914034296002
1316488,354.15496855407696
1345688,672.215057483542
1480687,455.0270161305515
1184103,83.86357228760755
1429083,116.75088948761254
1417557,49.54632381597591
1374498,163.85352359995426
1244972,280.66092067584844
1155304,412.2288364885247
1331479,323.862152781237
1428927,397.9283938536814
1083748,351.0129749000503
1135164,398.29951099300587
1481250,417.61093797690154
1146477,330.7905652118094
1433355,151.4068163830428
1342553,384.15445231645623
1165310,333.82381391318626
1117406,619.6854072543908
1482433,573.5832117091635
1350239,266.23798431280204
1070287,455.60139849694576
1422053,255.23090000692747
1415679,181.88902995447575
1458594,31.370813533594678
1027595,89.18724023457926
1193664,49.333265182059165
1193030,360.55257312550924
1080694,332.9366454974859
1115309,367.08661373628536
1214742,239.7494128931036
1310983,175.04462623478886
1049933,253.2599263280172
1187916,290.23029506652864
1405350,298.39496051852865
1208306,342.96044011530716
1407890,25.20785452664445
1251220,30.19557437871576
1154973,18.030646686471776
1308134,24.1699557335044
1340776,28.415856480927477
1014749,393.1239790351712
1360888,291.87742229248903
1096812,181.78303267242754
1178015,17.822159387749704
1161127,98.49883568438658
1426825,89.54116362269447
1073637,103.6369726364653
1069629,130.64701565323585
1265774,146.3274328267918
1315565,102.51558863880425
1299905,109.16609038805007
1066372,238.51164134203552
1174150,196.6658224897985
1191685,175.72713559552642
1479763,276.2256686574244
1015816,147.52873868574673
1042330,46.420633551087604
1011286,36.262911177159545
1076157,23.555566540049018
1261566,108.36278797067438
1014434,83.10021814192302
1241585,341.76916850509855
1135509,327.76625055134156
1317797,200.35497485788602
1240913,669.5984261251027
1393856,385.58762590163803
1180477,263.7812475702882
1416755,27.17384989517558
1438751,118.61594954291138
1210716,107.47575662030104
1207481,316.758889604391
1470083,423.8872212203334
1293173,398.125509512253
1173254,86.29421037828288
1258768,67.43914734735864
1380138,138.40472439676444
1382544,328.2254140061931
1273111,337.2111859762639
1320280,407.2149522033608
1105352,22.393082572216017
1366410,27.75725771679847
1121472,29.79881044330288
1074564,21.77235798408123
1020767,27.7035153969222
1383381,24.026671257390714
1230031,464.04852688921534
1499092,416.56021821394603
1332401,196.63109261114093
1153063,18.534935421219608
1028416,18.31477270321666
1214310,17.398662780844717
1001218,90.72119978742677
1333703,93.35147868001572
1405199,74.78525252603156
1301393,83.54199878821261
1446095,65.05513083467693
1480680,76.18648894999536
1322216,71.21469749852712
1236120,135.3799947895686
1214604,182.58581923419283
1206662,115.45503711898124
1106796,241.26122650514114
1294863,110.86529460433306
1146795,77.75575137017783
1027327,35.73909660793701
1342955,31.661792765616823
1082755,75.93719488989024
1492813,86.41668310933504
1055690,374.8464522689622
1026786,306.68883761510716
1308574,278.15686449723796
1350008,1752.9542336158875
1080864,859.4686502318323
1478269,612.2691516506892
1416531,83.30313023901532
1115977,257.45019818902364
1335690,198.11621157003222
1001266,680.3357913612356
1176836,832.2989468258828
1258322,953.5631753688853
1114726,134.34140175565102
1102993,139.1865771221749
1471342,272.21270885957983
1134459,1275.4833880780816
1010465,548.0743457006866
1229614,967.9407113145079
1020515,92.23373215409464
1271065,92.26810014895509
1038064,53.85825925847517
1229599,79.55250790342801
1048752,190.59166613247024
1197420,78.8428294080627
1453906,103.32658296520817
1280568,75.21355300898651
1112281,679.3636056849592
1144866,822.0002040078368
1190711,440.479219055765
1403427,33.51974955445695
1325526,33.41112247506846
1220749,32.9572434286465
1069314,584.5819360014518
1261442,915.2989819759295
1432411,808.2393002501432
1389218,173.3409174831384
1428386,164.0158500887499
1087275,129.20195254804852
1336986,188.43440143368719
1362637,249.65970171320217
1217589,404.43400690824825
1209840,430.8790700829165
1495580,332.2689303120009
1149079,242.40474026989398
1163127,271.1770615116099
1061096,334.2211994429959
1163871,216.07744473560248
1198405,51.46034887055042
1305470,376.5671764596666
1291762,305.7067535545237
1336877,518.4337983117031
1073789,460.77430324774986
1067951,590.8072890879479
1222614,719.0867746886694
1403857,497.0949643759891
1138651,279.7182970959726
1211270,53.11002882367121
1381202,75.47833227621906
1005335,62.29144578501424
1036855,185.47731174818747
1461982,318.97003229695275
1391141,403.3590842597217
1254939,102.34265178975542
1112470,184.01718074805157
1487226,219.28749170189914
1384129,720.2369413174223
1435237,243.20947278228894
1247788,469.408288742247
1310618,102.91796021916767
1041606,84.41198985886172
1286832,80.086252276861
1341131,68.12781765347074
1253423,326.3509321848969
1278699,288.5510367509453
1347629,28.210097271552545
1383158,37.82601781492925
1397241,41.05858233825392
1379400,462.14600007644884
1051753,640.4843443041784
1057705,527.8899599485949
1349385,24.262768970904382
1482906,36.02783256683069
1211285,156.8226295025563
1362739,181.23615629541322
1372645,327.57188545403056
1024030,235.86324968126863
1364534,200.32195718609992
1004040,177.56586068272574
1253135,195.59238350205982
1295314,89.9973832333041
1472784,152.6614604272486
1446802,32.652283633491024
1089465,149.83927933208986
1142103,142.65303844389805
1398069,368.16680899387484
1204844,458.7190325254658
1332593,272.79596671629486
1356109,176.18978489184093
1168517,218.52408099124963
1064667,65.2586268061106
1207447,157.48813465936513
1014733,145.78221712665655
1225294,109.41734886916271
1209533,306.8827834985245
1484452,151.6108312539428
1022654,62.00809996858574
1051967,85.32745718166294
1240063,434.41574960270157
1155281,244.739374018223
1284527,218.61969756875004
1466754,18.239203794602627
1194391,38.209868186360744
1398744,32.93827149384078
1181108,37.68638733683699
1137782,191.16677565518563
1295058,642.1416264203377
1258282,465.02358445431724
1406300,16.99853520407266
1211169,17.93649396031858
1194629,18.712634463739583
1005691,134.43391865919085
1046988,162.1920078657752
1096972,180.40447999859785
1301880,69.89333090813334
1260314,65.95507587168368
1232444,31.608402195195588
1447544,17.408867726585733
1406706,28.352585185399096
1223580,41.43888094799253
1348953,270.3902587198326
1011094,220.0819618445853
1483095,553.1887731099082
1300527,749.1653022389237
1005857,245.76783898484734
1003610,416.57574310142854
1408456,321.18564284363407
1403849,94.36683992714036
1136386,21.517100802705098
1432249,48.4925538986535
1316934,33.31219752759743
1166592,143.89338271657286
1088047,317.21506472247154
1291558,196.04294967448172
1046242,103.30731342676125
1228604,137.11803547719572
1006243,142.07008110740566
1148911,235.02039586882105
1327287,168.74878523364586
1148661,159.07806739534053
1027599,39.769302339396994
1481882,32.96750195453674
1165440,17.185560217624733
1302279,21.67775260111886
1211613,23.676348705999892
1170520,97.70744390149645
1092468,214.63098853146712
1183386,115.35467986491885
1169545,59.676035210269404
1443667,89.54743141083506
1334075,70.47691751841485
1145192,81.19299249619907
1038003,76.00856446091917
1384196,49.09770356277577
1412656,30.738488581359885
1055295,18.886169249518932
1040402,26.04356437682464
1305104,65.43989688422784
1156779,52.13395046960498
1461293,276.66603283276527
1071792,387.621401205415
1193704,92.45685950633117
1147855,465.529293239908
1407308,394.9656249109427
1021817,109.83599312000405
1365027,30.938657617697764
1084190,84.13544951432762
1472270,59.617020456531634
1245033,248.6254999078303
1038126,411.53976099014
1308774,412.2995502788892
1096561,144.5472827236548
1392101,249.21248980652132
1032755,232.55052989950312
1167841,586.8432565457756
1421534,221.59996224810038
1026941,332.38576954567446
1218181,47.96310313807567
1252535,43.59549243924274
1458926,37.44966033426612
1181288,26.841699553304117
1453177,139.76447574166255
1290817,74.13511398806293
1191933,31.422351865617486
1072907,41.746386332701036
1149758,236.7763342142298
1363331,361.5246445417945
1232116,329.6822562116842
1111671,19.650756226940906
1431212,24.601504977015214
1260318,20.796179386188943
1007979,107.53791628232905
1300132,173.65448192607641
1468244,205.79774537798068
1259749,176.97440141712232
1213726,199.59732320637082
1015552,86.0740799070091
1321503,69.00608517389043
1299417,37.16405101327898
1403037,70.89944339399624
1141868,26.083913773424317
1131022,115.75602401055147
1053785,94.10140972785732
1415612,343.2139015386946
1015692,358.84548487642405
1191552,229.27949684123547
1403461,1416.2595391880966
1332254,895.7109732453634
1155391,252.75290622258527
1010155,70.89553055510733
1035382,64.86535880110996
1359199,374.02660103663493
1126332,495.41687929662226
1194544,558.7861471056847
1193216,88.28961413017748
1321873,88.33435541931317
1176118,170.11324512067802
1352350,512.174384732622
1317428,247.7230134527335
1324687,505.6619165891139
1199138,78.50975517722358
1499661,68.19823869826004
1285022,95.54698425656369
1095276,92.25209005778092
1309363,78.20802139080963
1118148,38.19178109681841
1017490,39.148999797610415
1032990,41.461185074979284
1135634,460.5581359027396
1198010,339.0566218852399
1063801,184.17170581850658
1232162,25.43692791101831
1338164,30.826572768661872
1399699,25.197971159825126
1159200,177.4947742136032
1285083,201.89815425769174
1469794,226.65831213024177
1260006,69.43147503645184
1432624,73.96712170022718
1069560,66.78174904393225
1314621,95.314591386885
1032488,155.31678100202583
1305157,275.0893606224296
1357660,331.97337952161587
1146905,252.13353144515855
1250390,181.22696211919785
1313978,187.5389308627669
1224536,233.51372733882633
1028926,208.3129331112184
1210886,28.55791648367482
1425911,101.89437865516264
1395996,118.74226336581593
1258284,300.49433169909173
1407411,238.35303991460253
1086007,201.95365624517194
1240827,481.1647683544713
1485036,281.50208386935725
1412215,101.16198964978487
1134426,319.21682149669374
1409562,353.8239515558858
1252129,431.9422576533597
1466995,122.05967824977452
1279324,83.31403605668402
1339668,154.6352907792509
1295887,392.0584762325984
1188104,235.42259670131799
1085039,416.68186534414156
1050056,75.89337919530493
1141506,40.91033877276475
1468730,30.10145684037019
1305167,38.57690832600333
1356988,38.87076220940422
1048644,21.410637207249874
1169338,29.296990549603333
1090148,29.309936029933137
1023369,454.29424774541434
1219708,331.8990119433752
1212523,143.600508728362
1403827,18.259828881735245
1452741,17.664883775453408
1037225,97.91404951617953
1003089,104.09106240120599
1430497,234.3090882386395
1384588,166.2146651696139
1493343,185.21080431123167
1108739,64.90446299842705
1205048,143.8047909813775
1379067,171.92092077384063
1010055,353.7064412086561
1320813,207.45838388596448
1221392,98.61104540971697
1487103,87.7767541846649
1276585,74.98366281483358
1115907,40.27055036441622
1059297,25.161290872211367
1304461,143.3247528305082
1289905,111.13009617666431
1003698,205.53224859434775
1333400,192.50995256401822
1239454,159.81589480457183
1055152,349.40119547598437
1225205,194.6356816912799
1435274,93.89886347784518
1361159,29.234277960557698
1325155,77.08516446395672
1042206,59.50384304721192
1465788,240.25866980568267
1010758,457.9015280644071
1239556,208.5378633012196
1130835,119.671622476357
1126299,107.5400702293078
1317214,135.5607009303008
1229307,472.6282459276773
1008850,324.93215418728886
1371311,386.22215010377676
1496308,21.624811144035377
1122414,17.825034972721223
1395159,18.9134288787166
1002230,30.873851516172223
1143224,23.08688497809332
1236638,17.98081172526987
1050839,28.210910220837455
1163875,24.820323093187614
1031011,294.88301191140795
1489736,714.1924828310415
1341427,357.07449570475785
1240489,18.404218799120684
1456593,39.11915385771506
1052585,48.97990821488594
1394883,44.96547470665147
1045296,77.21666259860373
1445153,53.98825208316286
1451679,93.53967739010227
1225058,133.90589849664806
1498918,254.6966394844109
1485511,262.7957714481249
1452266,121.72192387255146
1136292,83.10881124176397
1310817,49.05596106667738
1163223,24.186808245089555
1267340,29.54511415919593
1227931,106.20452156489023
1205560,82.20003986147084
1365667,320.98975379940686
1023335,233.14310617596325
1048292,472.54323364674116
1014247,354.976241529888
1023285,297.7144795323401
1439264,191.57880340723293
1256710,28.46136135884611
1209335,59.87263034303276
1001246,109.68167238135587
1452526,268.00363706121
1125626,223.0566609824935
1397692,69.94932791662356
1097219,43.083343311061476
1001749,64.84679768892089
1174009,442.07117749017914
1273784,183.58737651709092
1496218,355.4764633017599
1413745,61.916446614461506
1389077,74.5346343496646
1221196,44.08084366401766
1444587,64.44751429398323
1373602,152.903835696887
1329527,117.3212953879516
1193964,26.84656932560421
1468201,31.298136614151332
1289132,53.210853555318955
1461927,241.0318285789681
1206526,391.29376582636485
1069368,280.4153971004657
1484014,23.554647603376576
1122166,27.81767809777425
1306210,19.686720865749987
1484168,77.0214664723686
1139063,120.13576195036107
1093872,189.4541691406236
1388566,96.17811748050549
1040282,100.1589640094546
1319244,79.82393518023055
1170280,124.47966192183853
1128364,92.75554580489043
1421850,117.05095098385087
1186084,36.80492858577967
1425827,148.65901977849572
1459114,102.0738605508786
1466692,230.53219512304443
1203269,279.3734464923831
1352296,114.38588388411083
1162670,1046.1154756550225
1300191,516.760324680344
1009989,397.00089033746264
1465666,63.41237257968983
1461783,121.8128460132569
1442787,102.86840326039167
1031907,472.1972243123914
1188853,527.0082305418076
1456783,577.5343874344226
1322215,104.90098715314046
1010784,96.33267381592471
1167640,179.22812762258218
1195948,709.1119124742758
1204311,357.26674696824205
1297826,601.5012123681671
1148491,87.96757028977667
1356906,73.61905455907814
1039066,54.06744894467389
1462622,78.73877885528216
1138775,126.23338001337972
1122589,67.74824917139135
1307805,33.64443200865958
1304407,57.581169927052876
1470811,52.50398774296807
1243938,515.2221057720427
1425470,461.7422442278745
1007261,203.2775340698132
1109541,29.423994332119094
1318923,24.9406447514665
1249534,26.541478751875594
1329857,113.00809056345616
1439027,168.88078505700798
1182612,184.17837413962764
1155033,81.12258471403837
1300537,103.65351152775035
1352454,51.620832564393126
1106118,93.97537067669975
1038138,168.25615945466615
1053303,298.3697293526084
1381996,261.11362965179
1173304,387.13697375457593
1399035,161.0605702552344
1421408,151.67578809424927
1307650,244.8600379161463
1119858,160.97427931781982
1161557,31.682529530653653
1255540,179.5927442826589
1358312,204.3801705486817
1025813,326.9469439592277
1293845,332.7936238196566
1469131,335.0441958275128
1452584,418.550966556733
1377778,363.8959864882905
1026971,133.1753346000506
1311807,30.6309733704441
1397297,96.2456640176656
1157453,46.73805238805003
1178848,183.22029836669702
1409156,313.04670712736305
1159256,243.89568694716618
1054258,65.93106173409772
1322887,64.62511996634097
1163471,65.44524500944098
1285982,529.796190078331
1348099,187.48351088216546
1015778,377.2646451511175
1135794,46.64814808766061
1396176,34.42134120729244
1154956,46.46193100778949
1430845,155.0250234917407
1014641,113.5879702743362
1247169,23.55793324566027
1243749,31.53079214738218
1381322,274.1770963321207
1080295,377.8802671240067
1423648,216.18195572638763
1278953,21.47765216610862
1441916,24.30632663893933
1130663,22.43932208467469
1313063,94.74209333323697
1014037,112.84619258143883
1182550,159.9831838352197
1216318,83.64615971352494
1276624,67.08538549620681
1226209,82.5899001453555
1304852,97.23516996529537
1482935,76.85991326245397
1079134,92.73137208015996
1210839,25.074207601823534
1436244,132.2365726122461
1281479,60.5917822193863
1034893,307.82736877454465
1351362,392.7892619153767
1005706,162.4655564083482
1262599,140.89386768698293
1338024,147.09623694806214
1431853,20.41928931205124
1375120,47.16929746985098
1275037,162.76202443832432
1359242,238.61415644260617
1035595,187.22263429778215
1020465,62.87070587352469
1360373,87.51054399082267
1331277,115.99431041343409
1490342,804.0622326530607
1135520,234.22599597654076
1268420,475.4907759737734
1216882,16.20405592610385
1412036,21.476874145414694
1080240,20.522785940929666
1218649,36.23238080044124
1421492,18.10836922354403
1466987,180.66232446344335
1411928,165.74642176531992
1176781,76.50792335153247
1124678,15.131179113357948
1494779,97.0630766769888
1221537,134.1998726322879
1126294,164.26277131814868
1137246,84.54686251329154
1413395,103.13616265134314
1360589,138.2909654918085
1155915,17.946912885007798
1275837,19.53908832091631
1337552,18.760227273848013
1108013,27.88421455704946
1348070,29.634714528136215
1253988,35.87194857870452
1204089,26.04734325465433
1399010,23.332655632379705
1271870,182.63447992743062
1354177,72.00155027715942
1085106,140.44877990031782
1274933,1528.3085627443957
1059732,694.727959899251
1093599,391.768916040543
1083501,114.98641816743209
1245868,536.1196685024943
1488944,697.3522624228276
1432764,754.7397341422019
1126587,97.83938119867956
1209590,73.87024702019757
1111452,144.51830535224238
1031614,2204.820529790626
1061470,399.50791035739667
1157741,2148.0213011450874
1223395,126.46039871357816
1347236,96.9508556162308
1097803,127.04833896932976
1437385,158.1018336219209
1043097,139.08058023670463
1090571,98.61064167585964
1175602,161.05930298632194
1056018,77.69605374430262
1252039,504.0447303618866
1010852,437.6614020284941
1106084,208.49017737692046
1288632,44.56870107529927
1480839,45.54525008069619
1246631,145.0974686297218
1315101,184.4608804789065
1451902,170.66321073052202
1297275,171.77911849074707
1425440,188.36765371165842
1131845,92.55017754958152
1479691,214.96446193909426
1471341,410.7817139774993
1015668,514.2248842809179
1023950,42.95489665144051
1392791,39.11308078395068
1052529,250.24138419450568
1290309,303.3826790459666
1046297,333.04307021680546
1018738,202.63694359426756
1322525,156.28419746626295
1479230,375.7912338093086
1494204,447.8944405348783
1150560,195.2942455224089
1177861,1518.8590886769796
1311911,635.5684531650813
1316202,495.26428219463605
1272505,57.138116060853456
1226069,131.06442784065894
1182305,124.56495519508564
1185226,596.5587217226076
1324628,670.8892680272974
1059906,877.8200063619728
1450163,106.918818518431
1102401,109.14958811698857
1341931,194.16186871209607
1069114,3241.2561516538563
1175458,474.5224452908944
1310720,1751.7784635076493
1415050,77.81812445567543
1383471,78.10029614396218
1194216,57.098049431062044
1481437,116.34339745607711
1495661,66.77361718425392
1019399,63.847171478631495
1056837,124.50834037344548
1053353,513.8775117398661
1254975,493.3086149444689
1209593,232.0258412606158
1471019,22.13357406456218
1176875,21.312458714319877
1251443,258.697516246871
1135737,403.11004288869015
1262029,568.2579092333355
1148030,160.1333971018653
1164364,109.51951327871477
1460737,97.17442607877817
1152112,213.1095494126352
1205077,307.04879267550376
1161885,457.8283022257112
1018722,46.72016987532219
1134437,39.00047504909965
1364823,292.1559183151768
1029036,319.9701222542059
1373558,251.72428405240353
1359546,89.47371359385097
1120697,94.21244343956177
1006493,452.3182792693139
1072422,422.04708856922935
1344109,302.5466459959421
1143023,754.1001949252964
1050661,484.17740749531157
1482938,268.18772225596103
1113039,52.707881852430546
1353136,82.93499298608435
1439048,54.58466184906609
1095693,260.0934358642888
1154581,482.85110910726195
1030585,416.2490843868819
1204210,183.5870293738128
1061143,148.7168016777904
1354048,136.75694400743467
1442704,2139.0095809275626
1079999,260.5687199345408
1263052,1362.161822418275
1237270,52.46431207195153
1137849,49.857505367402744
1124343,42.85922142672634
1427908,48.58843759502427
1239094,127.73626450323064
1033383,133.71533482147655
1468996,33.71641998298694
1054997,92.82536772621856
1436104,41.86523719200107
1270430,317.03578094736343
1490371,438.04510060644617
1425338,268.9250141111081
1156343,23.022893827502603
1053397,31.19446026020273
1023786,20.41062002466355
1134905,189.24563524847952
1079563,291.6860048419968
1197228,321.37798565905115
1204951,40.083204814759625
1106730,35.36262805579692
1369820,35.028784621769354
1159279,121.37906019254044
1177457,66.85477476038997
1385752,211.3763911324179
1430795,30.36018848371785
1099951,75.77831253052476
1072198,78.97794227839378
1187970,367.3224074363993
1065673,431.0366849938182
1473661,206.8116206616626
1223698,331.0507669770612
1471497,312.78553829136166
1339581,102.92003722285546
1105018,38.58398364535063
1150316,88.82195757128589
1338949,159.99809676380892
1312287,270.31231390109264
1268704,268.36656377151354
1203407,90.88710952871058
1053667,93.72674055874124
1187634,124.98207941350417
1445202,1527.806471052919
1313499,216.5065040360289
1304477,605.7993137729947
1341870,70.10030300494721
1470509,39.463862449981576
1237037,57.92488303790324
1320649,38.117108776602024
1135015,110.15415757194586
1043208,86.36949051707055
1211873,33.848412887861926
1399254,76.60778675342644
1207452,40.75155686739963
1257870,254.92457327774736
1385886,486.5536219696131
1068568,346.19785203103993
1078002,18.506665861805885
1490242,215.90502143149735
1099037,293.27365255520976
1424254,294.5365911878369
1399342,37.5257121951268
1014602,46.43738695645616
1253867,51.36589426736695
1243712,57.35721393060877
1401108,131.69128949838105
1053371,31.582643199569738
1319647,73.31694004018311
1186069,52.803986291689256
1224626,375.2965988681651
1144512,465.19197326905305
1448207,167.466008431743
1327143,2640.3146847885514
1028978,1408.6909719708929
1435666,638.8067819215249
1240466,115.7552176368269
1120441,252.03721651580622
1315750,182.48814898947143
1353789,720.4989956445936
1383467,949.9534924981327
1112962,1751.258049797555
1242487,100.93004810811651
1029543,103.466593746998
1053213,227.67954539437312
1218496,3437.4286854212655
1342800,748.5212006017094
1472699,3543.953332601918
1378869,251.16859021138615
1027118,275.68237694919844
1262290,128.93975467746614
1267485,305.3012603026968
1124304,355.1178157453664
1191782,202.4694808600663
1210850,121.94394523931155
1466336,240.37480552152562
1327394,102.33102900746978
1152647,953.487271481282
1078195,758.9114246578647
1410772,352.14097973399606
1229974,58.9478942641578
1379112,58.49545436029953
1264973,49.54281875620472
1243209,494.9042364774981
1083372,622.183271287786
1136997,614.9716173073352
1499049,225.2308279631569
1473840,203.94382992114143
1279640,184.63659784452506
1390007,310.5020437926626
1094534,507.86156889304243
1223222,922.9143529184391
1371702,102.87981979907015
1404622,114.08428159968594
1082354,98.9614055519861
1495976,839.0771231122005
1453841,704.7559628883274
1396741,580.1809599537602
1077806,77.75703447335617
1305530,234.73739668691167
1168898,191.09303060674216
1429778,554.4455683472871
1011542,492.6757916753435
1455031,379.65782957828674
1377892,886.6358963558534
1204957,534.1691322039677
1364029,226.33601322611284
1276134,42.43712485628936
1109929,84.09340075429269
1189012,67.29992357765865
1267281,339.78109875152313
1168666,423.7761236791041
1290984,432.38561870383927
1134259,81.92712565682884
1079663,109.98894818145578
1405700,157.37795147515854
1242649,1699.9060115843365
1093705,217.51916057679276
1386117,1466.6833814151614
1396561,36.01760933737924
1274230,90.17198423283583
1287009,60.43464566611805
1302724,97.02847660262634
1481691,36.313578061758
1217979,358.95383691097976
1336295,282.9787868536594
1479063,126.02036629209721
1050596,20.309588062070745
1130206,19.648017884379772
1102860,133.2769631817154
1240302,456.17013550589576
1328969,484.6208442223118
1210051,30.164642466863818
1071294,30.483292965010442
1129769,169.1400909770448
1183162,274.7601799177546
1499969,392.4674858925756
1437863,39.90068512874235
1019725,25.471751783965438
1111253,132.76809420258274
1101634,140.6385238572746
1414035,140.1031770814458
1462031,33.7765360679557
1301112,63.84498468177014
1192192,70.59915954471384
1116984,164.023917154625
1456740,167.30348927227436
1343753,157.56153978024054
1276681,1740.7766942443911
1045179,767.573643920152
1184984,578.2284845604667
1034182,82.90500436013164
1368923,233.04907499883777
1298135,201.97310688733904
1067326,668.9415145741065
1275945,818.1292288136344
1160660,961.3916076128426
1138171,110.53522824615092
1165417,75.4638030239678
1047619,199.34276505055757
1460277,3703.3888456957457
1347100,487.0553953120384
1424992,2005.8626166139218
1070616,107.22218754421233
1232270,140.69108018817533
1030558,68.40292911066594
1413854,104.67725498252867
1304951,176.9238987132918
1499239,115.69724281568752
1164689,80.00849924389229
1334067,221.2370386808424
1285934,69.17314027306043
1136102,549.4601187030529
1158805,622.9958519468337
1448872,243.6837817906963
1494631,35.24299769451383
1261533,29.378704755777864
1127622,34.47145285701537
1113702,429.2311378840314
1402669,670.9605260412402
1235863,619.6453318682851
1471648,121.80025130642153
1128016,117.49509332048785
1176666,100.95457198117035
1308071,184.52111582821908
1424549,395.7071364014469
1287145,609.9087046347363
1394524,116.35962039279036
1289418,36.72653077308976
1175099,39.75955309470869
1050753,297.13199935720945
1497444,497.56518846751953
1276761,367.38152409033125
1271167,58.507423687592194
1404679,170.57393433833565
1433405,153.56556165115302
1130736,370.707824883062
1453390,287.4137373441925
1090499,296.96105183549673
1111904,331.2985128046283
1368837,244.68954890752323
1484881,115.02756654821012
1011859,42.37458502314638
1318144,95.1665984232833
1135584,65.72506328872888
1444883,177.22533739619354
1050649,288.37879933221524
1357379,216.6073931138898
1373055,78.86736928223468
1311164,85.59861981177207
1091958,101.0174634772013
1196856,1408.7160648485587
1399625,187.98031704402248
1370785,1013.708670124164
1404655,66.00732429185314
1401074,47.840517532873406
1111497,39.15622875516853
1244194,138.93629472599937
1070647,71.41568556265986
1177881,25.638040960824828
1403116,70.42936512426681
1247734,36.955176473227375
1320512,240.3777735854636
1117249,438.73374541884573
1080975,290.82430634993773
1320039,17.51434314017851
1315854,167.7330216955673
1253353,250.20588813336997
1153574,259.843780479777
1324485,35.53514835962768
1300373,24.265373585425642
1171033,49.35331108955422
1066172,33.26768630882201
1404880,64.29439916007705
1325435,29.257504295564008
1347488,57.99022995048589
1302221,40.82537303181577
1067371,280.0704171558627
1434903,340.54612636041713
1210552,162.8207012316276
1004925,292.76023051554
1369989,207.28589986541164
1242929,63.75008570839151
1335469,25.439721383819585
1342647,87.79276604027388
1107192,53.13255332922907
1299678,101.17501420599329
1285304,270.9288899821707
1481481,180.45183781610092
1437121,68.54716874880005
1217125,86.937820172385
1363871,90.22035605038471
1218607,1193.9699671549981
1232949,107.46268382471881
1277541,756.3228248702534
1085531,31.187493045962327
1004210,25.566346120891172
1056607,70.31928689968181
1395664,43.58869751492085
1188770,56.58909309622666
1232007,29.226848680201854
1483507,148.83116443287474
1176188,285.7454092819412
1386397,196.06216751311428
1063163,117.29214524376167
1331624,152.91397164143
1039028,165.7336981343688
1128793,27.24552424008313
1006124,21.216933906097196
1120570,45.613700343635536
1073521,30.961460432973837
1137733,56.642536609614204
1243734,26.58597010147842
1488400,51.534240035896964
1085578,34.18764315667488
1430049,186.2334889706484
1391126,227.04156054502675
1452462,108.46628085178695
1164883,443.19970255865877
1472997,201.1158896022447
1181530,58.28906338882669
1141119,139.07068460830914
1258259,111.2536693790997
1370622,157.4413183243883
1264722,481.7762875467411
1353691,375.3279964833477
1348980,64.03715414454766
1095013,62.68417199981875
1476130,69.84636846878068
1158613,1670.7703838723723
1396390,291.44529622327383
1250001,1713.249887337879
1321524,110.38172191924518
1172129,109.96323963512903
1227420,87.28485785263781
1014336,135.27656898438664
1331644,259.3849855838107
1024818,286.8119884931497
1252052,54.343173702404876
1469746,159.16042161210862
1134484,77.46084487866285
1385522,432.6421958997939
1303765,545.2103545509186
1230047,280.5867108341825
1167197,45.80805930596778
1223179,35.39065397137372
1061269,42.740593840292654
1206027,147.60657970700316
1286578,236.80612101051034
1173309,264.0292600597499
1001057,66.37875850808572
1489786,40.36483182216998
1277956,42.43344199337665
1294183,226.97008257292825
1453476,234.32657017673145
1126772,332.1822330216135
1316408,71.80860915474483
1373316,198.87370841914048
1410147,175.20542636550303
1056742,431.67167669084847
1219314,437.51530971279647
1016479,152.40001160473193
1278462,77.84025549578963
1402049,95.89070147941733
1318810,43.24002886958552
1232520,40.506180646601145
1090412,30.410701143365706
1449639,133.55598662629393
1361792,333.6048795926833
1041119,106.36805065996919
1181465,130.13995747804987
1477767,106.94455719993242
1074634,124.45605612755635
1493200,1160.8625867254868
1160156,141.5812773192151
1092472,595.3727373469592
1322503,40.041760563572154
1430351,20.661481142542243
1128378,104.80856907463401
1275754,277.4649092412444
1010262,139.40913746413895
1169855,129.86615126504776
1102462,142.51481103889046
1270230,137.38488329957138
1312759,31.066025651308124
1473072,20.039420764479498
1345243,21.90539536868834
1004841,35.11548429626682
1083409,27.38847563390261
1329412,235.4085323825053
1076888,293.7269703453652
1255536,148.68092158331802
1437782,268.6105178481755
1367373,189.14941254159066
1272919,66.47599496758788
1120015,24.394134839251112
1470352,78.39141867245027
1229488,57.43198247853819
1252841,129.41157038884646
1387699,271.68758561366894
1105498,186.78329539014015
1484322,60.09076187636597
1497767,63.96388179783314
1169970,60.36309985479
1013006,705.7739560145129
1079960,107.56199859436369
1102782,375.18315263047447
1304243,34.10879882707077
1234172,30.02416276456113
1037765,47.271013967708235
1242533,22.50810561457565
1457944,77.72176329433722
1359495,126.93246449289408
1258707,53.408225104949516
1405882,72.91126826720924
1413277,101.84145164278085
1456699,92.71911831567782
1241053,18.03491083923058
1185989,19.667133165769016
1330838,19.033565167501862
1389418,30.6520773740552
1115820,46.20067064836101
1090722,24.86581781739138
1431115,53.523096780213734
1287186,49.880141892659985
1259051,171.46097376466176
1364772,158.5823527882811
1287438,79.4079713551778
1430418,947.4294730439777
1212285,457.14015808775486
1489187,383.57880443113174
1462314,26.19391344710348
1035511,89.04034489224999
1299070,383.1532259585796
1311694,503.10094817137025
1440943,669.3909594470839
1327449,133.18055141788065
1231678,127.2644974939426
1076076,213.97544542712458
1148106,1582.2607790774969
1325663,315.74012401212747
1179154,1452.7372275407229
1382830,59.15513020873021
1301451,49.42106632155861
1175889,43.05890480582264
1231167,53.04513585817758
1272559,46.62506471085304
1096602,115.37963247231598
1070414,41.7652553090288
1359188,391.1847567053759
1436738,307.5139212635602
1307575,121.4561016260565
1412839,22.098283942528944
1296434,20.59348040870276
1364866,198.13628503407992
1013130,219.63422084394924
1144116,216.58771907701797
1037301,118.30998935518397
1462430,94.20137640862359
1469920,90.97376066446695
1350471,237.9965022202494
1354697,390.83547580827565
1371419,566.8259238525775
1032024,53.051286557944664
1281845,39.709888479763144
1268702,39.70427885514587
1128557,146.4289357818421
1123396,179.72805346318265
1029273,133.0047196047842
1269672,72.64199079329904
1295307,65.26709932579996
1441471,227.62010057635288
1237216,170.49549806542265
1164983,195.75414966797075
1219590,672.4697021141221
1397954,442.28193788553114
1140940,150.56922524408614
1196971,24.153947315039606
1437824,94.05117622213946
1295439,68.6363285551318
1306049,291.27901464462934
1011233,319.61447424301474
1074658,280.20563223303844
1048430,132.87155566145535
1338050,140.17118336915289
1383625,202.97875469195517
1300326,1658.8971741703283
1222463,312.51179931319837
1030628,1161.7512838282864
1098120,23.986707618347225
1249173,20.64982600864344
1434793,16.61875955484299
1478327,25.964622003932202
1011989,21.325587346489524
1098728,48.34332380256286
1101780,262.73069563052167
1192825,414.24322184752657
1395320,217.06835695219118
1453677,102.75936341645124
1001659,58.82446512378114
1007465,115.1875857673184
1099699,27.79372259099967
1084100,21.1271995488909
1325998,34.05582048408962
1045586,213.8248413469607
1001411,214.63676238489714
1028848,426.551885568791
1149053,22.63608642190943
1194155,36.01701228585373
1307999,54.50452900622552
1114325,48.20465539652518
1391955,23.167286019048262
1346873,52.56474960794402
1458515,43.958050817067814
1133975,278.53986212680616
1125326,201.59188380797306
1375200,365.3293198593203
1004647,328.7160128413761
1478258,238.78447286038153
1037616,109.4209937057555
1483255,31.008853006195572
1386008,82.85472097281432
1457583,61.40638622420661
1375368,119.64580717629578
1299881,282.2972521322854
1151262,197.65569445356746
1064762,45.99516955268618
1356650,42.30854693382183
1353148,49.62258982134119
1074567,1130.6512763809956
1314973,211.70972724004278
1068992,1472.4105817922398
1239782,67.98945085232276
1389891,59.485304856704616
1129388,44.0116626753274
1317350,61.739412059291766
1284526,118.47177796494609
1288418,153.20373205354866
1041821,84.45613111712535
1401183,48.09569238114562
1292957,257.1716018632308
1271702,414.00661096880776
1183331,254.61400583130597
1058379,23.378283695135185
1417011,25.48268243217376
1017142,123.11633226810864
1216650,212.9502379397531
1239666,209.08575406339537
1153751,36.14100354987262
1270388,27.420606853000177
1109049,34.1645536704351
1108947,127.32030214802168
1210194,88.3905389893101
1022652,143.86385373781772
1376126,40.63318115778768
1484827,107.53133965850952
1027189,77.67728643464069
1441240,338.2423663829155
1220382,400.48710254436685
1251729,72.943985009497
1401191,682.9194545241003
1026264,554.2687588867684
1031580,234.0067491348492
1419007,31.09521561407327
1391582,92.28234523988202
1429750,74.06812233312226
1317412,229.11999371692406
1027337,439.56542774996467
1349762,456.3929486340654
1031100,161.8484160684041
1198249,105.24826769619044
1409834,159.94720414180074
1363459,2690.420882132206
1179481,243.73332186407185
1423597,1750.7113854375068
1129631,111.16791918613731
1252222,85.58650815631096
1232423,85.01155707775081
1414372,149.6330171530712
1321337,178.46964860247311
1219585,37.928712070317836
1246961,94.68073120420053
1333058,360.29025768160386
1151245,449.9868380076066
1263599,330.8973360295508
1416825,22.65518152463468
1434236,22.608407062979662
1227664,261.5995032434883
1266752,312.8218304307554
1457613,502.89092795029205
1111913,75.21874154112439
1369393,40.111194173863886
1491416,60.812599472270264
1038031,137.27381960761215
1287849,101.00456492444242
1368918,176.89716862684213
1481378,27.165295476452584
1071420,72.70685180895707
1073006,41.749819464844556
1080022,386.00127821498177
1491603,442.9899740864335
1230288,239.08586029675988
1217412,209.5104216970414
1449114,153.4696571100066
1142889,42.36756414177309
1428256,23.500367794672883
1198629,60.94149522297265
1050828,33.02420812971128
1132047,100.56668070502624
1444841,229.16286633748712
1339727,171.73131515862823
1380337,65.5956778617413
1497986,64.75950254866326
1285104,71.0655097770718
1025770,1038.373919537725
1459130,90.83676710082138
1475649,688.7164823098486
1089842,22.76021102805613
1455637,27.492061000387142
1238935,55.3902204607615
1300202,46.54978164881585
1462333,20.88501036448621
1413606,41.291058602286626
1494072,22.473781065475702
1031959,124.26387658637799
1040232,209.91753224003
1005311,142.26265232570785
1485835,17.622358947202493
1157241,17.17118245033876
1162155,115.18893709371295
1071564,142.93371762479833
1371096,168.74716614347318
1395033,22.176619751263903
1424836,28.16948038386899
1203934,18.252825795203332
1362060,23.056369281360457
1231316,28.27024099852958
1283484,21.560748837523462
1071651,30.016560629399777
1497563,187.1063144887112
1186395,159.6552142601377
1362405,70.9293264044191
1422185,1483.2614058506856
1003947,754.3110366231504
1157667,634.7399644801505
1311380,37.84922243080658
1221429,125.95205669158416
1408590,398.6909477202687
1320907,423.88080673522376
1244622,653.5790659679341
1206366,66.57459042613306
1466483,48.44260916947426
1357536,121.17440409943654
1414147,3125.20966708881
1225625,350.70766354845506
1247041,2084.1621775661893
1272992,123.25470581104854
1249208,107.29375327340885
1281981,149.20039485189085
1146421,159.77133469780483
1134896,141.38102543004
1175537,48.94511172099144
1260481,118.6356900859456
1200641,61.87840835371332
1218895,443.7413701040836
1274263,418.0721998259806
1053052,204.65493285088456
1034995,36.740180981206976
1184775,32.737836377754505
1244740,24.4392947761832
1458802,191.5497561634772
1429932,216.18326294805968
1112304,232.98072766212826
1389049,83.88995645012339
1296135,66.87313563296033
1400158,42.46995763681906
1227586,138.1117405529377
1092849,274.6166403418216
1240507,517.2853888319632
1270940,48.971824140200454
1419601,33.34213868870812
1424002,39.95075726099553
1086621,289.77759768653794
1238858,443.8324688371977
1454072,442.1012562307987
1389072,51.400162320396014
1307058,89.05563030765882
1412351,87.1303724392324
1292992,322.92454365505307
1345321,307.2485954544401
1484299,198.72571882114923
1269970,1016.1937350554043
1378850,547.3132312229415
1208125,295.96214473080323
1018065,59.90025963738389
1135792,99.22244222049736
1153704,81.48818355746006
1030092,491.0167808522582
1109996,583.6982712988099
1413059,740.8919793283899
1307291,187.4389284683015
1470695,158.20846320567335
1201860,238.58277224855513
1255519,2961.5069933771065
1093602,352.4363823386779
1395444,2406.5798549127376
1495479,66.73175466104269
1242833,52.31342503872699
1488573,51.253225519307605
1245680,44.23165066414097
1381660,37.84519615803273
1149622,113.26249783215809
1179762,449.84023134038364
1272569,315.41762740068003
1227336,133.43174430487767
1300660,20.725886975585613
1126164,21.40476664278809
1261027,104.59767122936884
1361680,111.96575017853624
1194817,81.26988228212623
1031378,85.01551281709504
1456961,64.14540513150213
1376318,51.70349550249678
1355744,223.6717805708406
1167614,341.14078096473435
1394039,422.9117705338246
1398643,32.89539917382522
1281877,30.334054561373513
1216771,104.38753973805319
1153076,273.42406406305486
1265246,172.19925981438584
1373086,27.754921536188945
1496602,83.81277416061053
1209053,58.82060390407825
1003446,249.95382509088
1340407,220.58533381316215
1361224,247.99909424403162
1020166,775.6689428141414
1148498,586.4147516424484
1115572,337.891290631595
1015892,59.797554937006225
1370963,99.04366837357759
1492892,58.9714324230609
1142508,192.18786491685637
1028341,409.1419087221609
1088414,446.13702233518325
1260188,153.8719869892625
1067421,111.67259927564304
1233592,151.46096761932182
1273816,2140.096945912796
1098491,234.82956040020167
1477747,997.850568544938
1374798,102.71225836293091
1289382,94.67455371134719
1096746,64.95213982661376
1443736,89.23548214093695
1431499,202.1946034655807
1247601,161.5560489506766
1163384,34.53234380610171
1096384,94.21020644077454
1349869,42.77372182778286
1313064,377.8427555625186
1450646,470.72512869054
1336198,368.64821848611285
1289109,23.8671278990989
1477460,28.952650300409477
1430111,24.735875135672508
1390581,170.66499447356819
1148989,262.64140715197254
1036356,352.1210461539033
1402927,63.239474455649784
1155177,39.830299167863394
1384496,132.76049256185246
1300589,84.28614276178425
1390700,162.0704388166376
1332626,32.690066484322365
1427233,90.64013247599411
1113146,84.81336264757107
1130685,334.7363498797386
1154445,384.01500156951244
1040018,154.46210191328245
1173977,244.35677731632114
1435100,233.27859961532863
1118094,82.06109675324296
1497854,25.61503503926559
1312395,55.88808404801826
1373505,50.09613871800495
1070796,130.99633298471633
1344591,244.5403510185421
1070988,231.4033414447056
1113433,108.45089281392278
1467808,131.46516340292007
1440616,128.11005474097783
1066544,1185.7273405827896
1013600,159.00933484120108
1332724,663.5032696229823
1267612,35.266062956685104
1426137,37.08265497428788
1341745,23.214615539806317
1121620,55.636848128173334
1108446,24.4028900641505
1156744,182.58247057511997
1436558,324.48086149770825
1454563,218.45336100096833
1402483,125.25988691928521
1058135,230.65508483590472
1219833,213.33247390162853
1134765,22.25931630850104
1075081,35.69259622765192
1367594,27.7907520572027
1346618,50.425419425757646
1164512,24.571320659269958
1269071,54.086293554050066
1241572,44.70166961130562
1201168,262.0242851964395
1255856,320.2385705406501
1381766,161.24105909884494
1055474,57.29557203495346
1201164,53.64491589784662
1148456,27.054447272343985
1358056,40.758109904456674
1349508,38.742453490785294
1430112,90.05714245569389
1354895,100.74063026507154
1364688,55.98138560331874
1125362,83.95874587131355
1486680,105.27347457672573
1089351,478.8352935028516
1363190,75.16818800202869
1292208,177.67487922220567
1112432,17.063599207886902
1446385,29.18302344197197
1240091,53.21153227768421
1224590,205.1252388585309
1183866,81.61126112638894
1001235,147.05017678754675
1004659,178.03072320370904
1033617,190.90618447145792
1108380,22.875414255997608
1020071,19.71661908565992
1190203,15.420133490069244
1355554,122.080813978104
1150838,80.54035841490236
1403569,158.6968471206676
1288154,723.5537039492482
1227739,367.9835166340146
1437561,245.24961787391362
1230082,37.64324647612872
1103290,74.9028132012726
1252304,73.75638623504156
1202685,238.76353565770634
1209418,308.3131062124987
1247179,433.7888949242116
1453728,43.59815827831637
1498748,36.82165645680039
1341061,69.79491166022171
1432174,1471.568126006817
1436089,164.6692338105764
1069738,730.9656089728375
1337949,56.48312341061248
1404369,56.405049156211014
1394008,37.28815140351711
1369244,51.29942356877292
1265660,82.11282687131988
1251720,54.32997395015158
1384055,33.2291260271021
1458904,67.05078136770084
1214193,37.97237860462436
1177417,224.42180629609945
1157955,252.77643912602835
1142032,107.18150943833949
1348081,24.14719133565763
1115606,24.73841143220467
1211003,19.502159429981237
1436481,163.80947638703438
1118823,177.50251614839897
1380882,226.86406983684762
1478836,86.93590879331859
1143621,47.096125015234406
1183418,58.27051692134551
1079214,117.28998969809298
1126539,199.13247975600336
1298252,329.1099316378928
1227142,29.591053740802096
1393458,26.086797527923864
1002205,27.875494817348816
1443559,135.49280859618145
1472361,186.3417765966713
1369151,126.23849569654585
1160584,30.915789719211993
1280019,55.9788119299106
1230268,54.28648120745407
1195053,172.87620584666544
1180599,92.19578041931364
1336840,126.3214608779918
1262455,453.80111092525755
1042584,277.2390083460647
1318385,143.9923874573176
1343351,46.8041295323422
1143891,91.64399582415196
1428670,235.470033707257
1013485,237.99805068246883
1034126,61.09369269518959
1166099,62.86434152051643
1016244,1291.3313135075741
1345589,200.6031801454717
1114402,1185.1494589318634
1471306,103.77726517720467
1230498,104.62225337047288
1410391,77.22386463608765
1432815,56.18101420963683
1396310,150.0637697162679
1225379,147.71127530078144
1357223,36.62429781837974
1424801,56.95375249811625
1138058,36.20947830311009
1314140,303.096102899783
1131331,329.88417442333593
1417511,254.63029833536334
1354317,24.580794130091252
1454730,18.831440549938662
1459762,130.60334985658702
1448364,185.9455265481175
1285568,276.283392324093
1077953,40.70332692540331
1349904,26.875555381123046
1293562,118.07396883309389
1374092,99.4785959331619
1414429,178.01519732443
1137486,29.119583555733218
1321867,60.22201929748266
1157820,52.63105611782347
1244775,256.58864206636036
1153911,201.77485083975486
1174376,79.80737724159187
1480593,1840.1945064264467
1282243,953.3470464590488
1412456,748.7235099818923
1070312,63.97930481107264
1305864,191.77821158696972
1426747,151.67875245776293
1201688,581.0725194310177
1234045,711.7709855284162
1033201,905.8641222962383
1150178,91.58747291680655
1258210,75.91663276691331
1136497,190.69396337549736
1405719,3019.991934159579
1394203,465.4460248094414
1359640,2111.4218125438847
1284694,121.02880311141841
1086787,89.3978143304433
1130883,57.06511018641333
1165887,79.46433235923966
1272696,181.29239444722725
1069327,137.12725206904037
1255481,52.440334929713394
1410666,252.04153585826518
1418313,63.67133557897199
1352442,548.5620038181445
1258929,536.0298684298707
1323110,208.2053739192216
1255321,31.08484709767673
1173518,29.173944721541655
1171371,30.646247665706568
1388769,431.0317342137359
1074286,633.7310321950989
1315446,550.7901500759837
1018008,138.0602741629913
1426756,134.30466081174848
1394245,102.27601238872224
1307498,148.75085965340185
1297279,226.47706807876835
1259587,527.9692687405105
1008085,37.952605959043446
1009210,40.86151232461422
1124731,31.763499809690984
1051084,277.1439428096104
1157826,513.9403561968921
1416374,337.8730618703424
1392013,46.60286996619161
1299309,141.44890015930528
1222583,143.96592162674187
1463904,390.0089176962839
1463942,299.342824259225
1402108,274.46953006962207
1387994,87.46044940260629
1452032,108.27362721224956
1084546,43.56237620109219
1071254,22.50958728836019
1483489,111.94900188974877
1169274,78.41032643462985
1028510,115.2030002201207
1258824,232.64008911004933
1120442,103.36644714038964
1463169,63.796641259198125
1258110,63.90448669818328
1102279,1174.1764203299094
1242379,148.59097532184106
1418399,698.7758307008465
1201509,22.11600450855572
1104417,23.251887900543647
1394810,68.18883411249928
1298051,24.71600382510458
1499610,94.7653277391687
1217236,554.478431281759
1345367,316.669355021422
1369846,147.0554276027361
1048549,143.40283032618171
1043632,135.40980477034248
1198423,17.567644547305093
1096290,14.207610013163041
1173685,24.426599523709736
1319634,25.993586880571748
1235816,106.15396297344529
1102838,81.72959435844935
1302275,398.5391799060366
1426141,441.6967518130709
1439805,175.78916112287027
1023822,842.9894585931705
1475506,528.7477103673913
1441669,348.54365832549547
1048054,31.157632630213946
1291085,80.24194646483193
1302259,63.96701953369842
1432412,447.2843397931157
1411581,456.4844954440017
1071762,563.0769554511285
1160616,84.20188143446843
1473307,66.4533990824218
1107898,146.77649243792766
1453508,2451.5596528820756
1215207,250.1045695672831
1242328,1666.4899654647809
1099146,42.025036275260405
1102106,38.921345416993574
1202501,40.73789038758777
1452330,108.34709024417982
1328879,54.76932377985304
1255258,22.271338920678442
1317946,98.36881057878126
1191571,35.47717388612289
1439488,329.5622273956933
1096814,355.797987889061
1096101,173.51838023019212
1167507,18.14123935542458
1424223,22.119030519073508
1249562,296.19080516049723
1360889,412.23637575755646
1118377,245.52788799896334
1489391,48.15617619850744
1143936,46.86734617212547
1014849,177.3818184312078
1072974,235.626257365533
1158030,451.25574505214234
1286790,37.2601643754655
1283749,24.187065572885487
1454882,147.5710928706407
1273798,117.45819456097615
1092030,127.1130079068956
1318193,24.50932955976391
1249681,61.25598664761767
1152131,40.09398425294361
1165448,298.82705377454465
1340832,291.8179146692699
1305444,286.01274966529263
1009801,953.4392174159539
1043614,464.8170801936049
1488427,284.02293756498244
1027348,34.20424865179902
1343251,79.1431361905662
1238317,64.65557260221762
1393217,325.30711933863245
1211198,432.6720019851819
1395759,612.1260199299659
1405296,49.69891189034651
1120250,52.81747418830954
1284435,131.15637748035996
1295304,2378.298158026733
1469601,235.1777086642118
1298616,1214.7979226745463
1416111,125.95783701664556
1292623,126.37445756125328
1112045,72.09973452617125
1127606,256.4524239554844
1416451,188.7532405997555
1118212,37.71537240772819
1292308,84.5253703301346
1092303,41.832671507404946
1316510,420.9588825363145
1059149,378.2283518556438
1041132,259.8927307710798
1024747,30.8872797616923
1165880,172.66573777441602
1215424,243.24333638418364
1407685,268.70453668414876
1368795,107.29412732421609
1319830,127.9289233035671
1140603,65.49571858783042
1050495,151.38885846992852
1442610,243.6416693104053
1079668,510.8229188442286
1348246,47.81286579574278
1011640,42.36953367613156
1174967,239.20804806408722
1304263,303.7786601860367
1318179,252.8948660559419
1330995,32.05296776119876
1249422,69.20888199621248
1374063,67.81336000201877
1164966,251.7764950827501
1117868,213.74336409152724
1207808,163.0154731056828
1356623,71.15928220931397
1292177,77.22126754367946
1362232,36.78078904480678
1318369,35.74728965684074
1122331,39.022775549413886
1474320,117.62852980112005
1220533,62.95998422818722
1432625,80.02057353147838
1234799,110.50538601671862
1145502,85.18925267046689
1261614,1059.6133711897398
1137715,137.89124236879624
1360028,260.54452335949253
1181152,17.001456370973703
1471184,23.764396894105474
1238288,45.016144686580496
1167008,24.013370042926738
1336045,59.9879162930739
1364347,502.5973033093387
1256770,297.05516800162974
1127368,16.071634641302346
1495208,15.960411207793346
1354195,158.28891917827795
1150110,170.3948236950921
1081286,153.82684580364494
1322698,18.33232249863585
1180979,18.512428681404778
1319966,29.986673082368
1482514,64.5518303805125
1102096,49.019390958325566
1061735,310.3439735139938
1055430,342.88982343320794
1140859,177.15124596931142
1473650,531.9718015835847
1154621,384.4612533442297
1437856,217.27480043056653
1335565,82.94348000375237
1164020,145.4623826452932
1242972,136.10928900537073
1376813,235.25659123415798
1150281,532.1159619048909
1467638,453.21104563771854
1430610,76.94526608942294
1421101,86.63772178422461
1469436,91.06605225078948
1454969,2319.5842896758627
1246779,284.9819400291455
1426987,1601.7470883029268
1498194,115.30647297290369
1065013,97.93606454806154
1138879,87.48702652978554
1494749,229.9851897490783
1414842,203.3113449155671
1185774,64.89284744213846
1009486,138.94929077404896
1115922,83.10375874104635
1009382,370.6944640874723
1272886,421.7583059149186
1443163,214.8652044827819
1216054,31.74649146024052
1085309,35.1257255156362
1059013,34.04387336971772
1222696,182.77046185573394
1009729,358.14327049783765
1124996,402.06179353310785
1229061,67.63148284970484
1128244,39.86912580359804
1126475,36.58146431383488
1309951,185.4679865178257
1150996,167.8388601169187
1164600,325.8994811640427
1182987,58.29939927147576
1069214,155.99623266562185
1142397,154.48844868386792
1184430,406.4371813651675
1430928,382.81243308304386
1468073,152.96420378511456
1397686,375.4577047634885
1314012,273.83079222933156
1299667,59.25043326856884
1243058,22.318202846334394
1290913,70.35579108760528
1261255,56.71552080727228
1089155,187.05093955710743
1235375,428.1005611417734
1099897,306.8732201893766
1068354,115.00349392194903
1417666,139.42787497330283
1245806,197.2004292607968
1115605,1522.1169982563274
1009948,199.15309326542064
1170506,819.3365366347231
1177759,29.8626925129317
1054214,44.51088922364741
1368624,61.200927955436136
1103978,23.904339064307322
1484308,55.17875048781675
1475609,28.172602127395027
1325531,189.70499117517997
1498562,240.40380615180487
1367438,121.75417686914592
1072330,16.118124670195275
1422509,16.26549441631069
1138980,124.22150019732456
1457123,206.7911492641383
1352466,145.52546659858666
1375968,19.446853781191123
1200756,37.55156476796669
1399529,38.23008787351802
1292602,49.942925655319975
1276712,19.511547580739055
1067118,32.6742744417835
1058093,34.888924482293895
1121260,235.83139684532554
1123801,332.07400556510635
1128131,144.28177448696593
1403090,1569.3628576150716
1494403,737.6938697831445
1300912,275.2233712506758
1164224,62.68045843662388
1478982,93.09848603603795
1143415,82.91869887231755
1144895,483.8175872974171
1293848,605.3148440204717
1486024,835.1332745197095
1075569,121.35449525835783
1166445,108.73768492392153
1091700,177.4292174035832
1297841,3040.399925159779
1494638,317.48077608614193
1376394,1599.2307917091925
1075821,77.80215873820046
1013599,54.125381091831784
1125124,55.68227380233214
1178918,105.34506456132533
1082719,56.15419602541121
1093368,41.724492656737226
1037894,112.32315913164655
1449907,42.48465316479546
1149138,451.72926288525696
1148821,384.19068014257346
1014215,154.30772879672642
1470124,23.638692157699502
1455251,22.986485799408456
1007092,23.19022029546761
1238329,77.28173434247567
1223262,86.01889184967985
1241780,175.88271791094908
1198811,265.5524761772554
1312242,303.3786613826704
1048476,186.94199988263017
1394990,218.52656253812162
1154308,448.60709957698646
1044825,507.47257491348375
1104439,40.222681724555116
1404040,26.983462457488553
1329389,183.53093808383235
1104551,205.13829924655693
1200980,127.64061493992031
1083081,36.95672443664005
1217301,84.71152472191751
1233817,89.43685915572723
1458527,230.41680938200983
1022447,260.8353690851943
1125019,177.6866131755291
1284038,491.8615115021615
1039868,240.32172295809823
1189895,70.64960190316751
1104338,33.1680752363332
1387572,70.09315852478318
1427998,80.23220824626131
1364586,125.06548134644864
1447078,397.75437852446163
1424493,219.71744906997822
1153701,79.64841562468727
1259542,84.10267869955375
1149289,102.95804954827076
1149589,1219.3434586621568
1497732,191.92107695491546
1318349,606.0726585528687
1137539,75.51868368996384
1179084,54.111803746126455
1178839,53.63369639918819
1321675,96.41806499369439
1074276,105.3294643193808
1036452,37.46817203182591
1163892,88.73669685133429
1464167,34.4879667227195
1238107,180.76043826482578
1121434,436.4574496098496
1329563,293.0469028271096
1426628,19.478545235775577
1076297,19.81772903642542
1316569,173.2359488012296
1181666,196.01262673514182
1023747,263.20706687799185
1286111,58.73593954900828
1138868,26.68397260833793
1142328,54.58293301934876
1000213,47.436839076897364
1222239,53.07550429881078
1455577,26.456690726603814
1422884,55.950811310333556
1116729,46.50886018663678
1401840,264.30473201109356
1322160,265.0151567889894
1065299,146.02928154888411
1410494,614.343260446715
1120819,396.14873813310555
1172141,215.62808676993686
1152289,25.05525309290397
1494678,64.8747149789853
1313410,34.27842084011091
1469544,156.59449055516995
1020398,286.9729953157185
1180290,316.6159602783984
1047888,93.38711575487348
1056647,92.17001548664534
1271890,133.3499918798086
1279914,1834.484721781725
1107324,170.89094038176805
1079083,1220.0072077606926
1040424,60.87696856372185
1375324,40.75441867702186
1063638,39.40079917144852
1226151,33.734195597441754
1188752,112.21568816544819
1243089,81.50070907934558
1091380,30.965655700305614
1457124,60.06792703368934
1160540,28.68212178097548
1229078,298.79334763730367
1292157,402.96838943506003
1283752,277.8729177982784
1337756,22.5802728800835
1019894,154.88099869367426
1149279,171.70463733525006
1366712,244.6203022025723
1423099,41.16046603681098
1296614,27.874457241641903
1395362,29.993424013855687
1018563,97.6662133035939
1460712,50.03561214209233
1333592,110.9088574365324
1266463,25.757073467535683
1021754,58.34553358681565
1471499,49.02546591456765
1211601,310.9464752507382
1230538,343.6883377748377
1173007,159.46380115847336
1208269,444.8262382221352
1419205,262.873825657681
1443718,88.87376776798926
1413986,31.409510510886527
1348732,60.068212802055164
1437001,52.334803372355964
1288076,192.07125636559738
1107366,448.66500552146795
1446516,263.1175966727566
1026832,178.04221163146494
1377293,143.14950081338412
1327619,123.35143290416629
1029810,1497.828668979905
1486382,140.11225947497067
1333333,608.0787544237253
1217680,66.36678308812886
1187666,52.31548070085146
1013820,60.098797824358996
1251384,30.71021875095788
1237150,160.5405685819344
1449113,230.20708391557122
1019323,138.6197160236651
1303077,22.205737526641055
1355384,18.440885175356946
1077780,100.07172741575359
1195787,162.99962494779135
1209720,116.52135727158011
1026794,36.80898270403567
1397636,82.55622075335822
1083476,74.4647783399655
1471389,126.19193220719443
1304142,26.840480001871825
1291714,47.36379388965044
1209154,32.71348315700418
1028308,219.27679545687354
1058238,305.736733790685
1114637,71.4817652532149
1461605,619.729033458634
1179263,389.5901612386382
1107947,203.4827585454985
1173875,27.019904211970914
1166222,57.17315854372428
1331960,56.02154469381048
1209311,161.20727911116873
1314578,280.44317685097576
1023501,303.6013234723218
1001106,77.80574726205491
1265560,81.29793448280144
1290036,74.33567188877025
1189265,1569.8973496981037
1302283,149.72121591145094
1393194,1152.56367194806
1425445,50.938084307557524
1272403,39.15375307085054
1230052,38.257283018173
1154252,29.963216067230636
1085465,97.15715672499452
1498109,86.02643290325996
1218778,65.9563628509842
1200557,31.165067815587314
1355546,177.76029103349842
1138486,242.12107092922454
1091432,153.49280294402504
1446786,22.090695632541934
1445743,26.131900307836577
1498415,20.680131526098638
1078406,91.28649291661819
1014560,113.13789281302778
1388676,155.60969838316555
1228683,28.82470263710934
1075442,19.874066601995732
1122296,23.36469924480803
1370085,67.75568827038306
1145515,59.15755740155257
1299855,126.74963859702852
1472252,26.31086236310691
1467820,55.47278385409204
1363781,39.78303513688464
1275016,246.6869646714657
1062111,177.74439490186595
1180048,107.32403024898362
1155226,650.971229644396
1382591,370.52402469942575
1412941,274.193887537149
1098172,43.05227294057445
1163030,83.55585098064707
1370125,256.4790918173887
1145013,299.7923679162708
1276034,384.873209468132
1036398,108.15740331821043
1200304,138.90125726412472
1144786,185.92937925812208
1377570,1358.3040931548232
1438635,177.55441916098016
1469801,619.8576817056548
1439692,28.531511485306257
1409284,22.42533155483186
1041718,33.15709130723726
1079423,22.78953920626161
1481762,52.3735120192529
1146091,25.492743473005504
1057460,243.49186537117524
1250344,178.880595572925
1477694,87.98742410424376
1210203,17.363643177162636
1471242,86.51422655186262
1333824,203.06473622376944
1012400,43.98788371173412
1157950,36.59842713938935
1031549,50.22107648824898
1036302,96.38799712166671
1038594,166.39131590739467
1398217,195.12921443723945
1422692,23.979409562564445
1010584,73.24483679504308
1408973,83.48063789566858
1160131,54.142130531542016
1486738,21.507087638642428
1256588,43.19461383925497
1069257,34.36303628837447
1149920,116.17734815420556
1483944,94.1254283217677
1485217,134.79013740695027
1400875,541.2231547528919
1022245,330.49193691223775
1294514,212.5625654004109
1270168,26.138796437442128
1279549,220.64979200468863
1413452,323.94905049251906
1333540,387.6548335568854
1095610,70.99117289080097
1483263,60.314503088669994
1484037,122.65876390764973
1402254,1262.0271433845387
1067620,193.95413880586096
1033845,772.4642121996533
1457199,47.89843357564495
1461934,38.177290936027084
1374006,54.85091176918293
1149610,31.92950145629664
1069568,66.77296903815265
1168055,29.232662001539705
1356784,198.6587560585417
1094406,159.72487665168998
1057854,108.26973973144636
1241439,21.761191995324122
1290397,19.097696285209242
1134558,160.28501176222747
1308196,210.2219985570027
1086294,208.22062105555338
1216692,41.797389755006556
1176696,37.29304977265584
1064150,120.75054093327633
1182284,205.50989727545686
1347467,336.8195060766271
1011416,23.84256437150777
1398536,34.91148569877027
1076352,140.53404115122626
1316073,138.83118567184783
1488053,102.9094285293423
1412357,24.146903376231457
1092650,51.294316934063815
1354071,52.334861813244
1423581,216.10540638407963
1139167,97.94224327966464
1108221,86.47858948410158
1171237,550.5191022439398
1271325,321.9990824943192
1038005,178.98270498356464
1477973,59.87979568064255
1143573,115.56329345049919
1017120,91.08103824339494
1004495,217.5178436148107
1359815,364.9126190230743
1163620,387.01681921284296
1169404,62.45661165595418
1153742,69.24394627860144
1482596,85.90421949831368
1430441,2260.2983187330424
1058431,275.0615887684422
1230152,1026.2898551320416
1195031,55.533670665583216
1171212,61.20614045510831
1432643,86.93705142484042
1357541,61.188990146188154
1489539,56.170422506790125
1172247,89.99615555356219
1459796,39.20437661042405
1349036,200.29986911851887
1132296,418.1390878425776
1020858,172.9002494313423
1458950,24.210807226973312
1228009,20.37816686975761
1244788,98.80429490811237
1092608,164.7124233656775
1127608,179.32674385815884
1147034,73.7829952307124
1252812,49.080448295983686
1363297,50.13778438893073
1368119,133.13102761620524
1013355,160.7414206933863
1050369,293.1141428563916
1232497,24.714803939797395
1053752,80.45294858087298
1258609,148.4069698644596
1024127,126.20748411764203
1293246,39.28149510931464
1420334,80.97269135008874
1249171,63.51512827120628
1493552,229.47862179886584
1493470,219.6545638269763
1440519,196.90153218257782
1408420,133.67517823341896
1320892,134.53353072514
1395898,37.88199381606865
1266940,42.946615545561244
1195405,31.353178497761604
1321283,116.96038883000357
1026142,190.93656902917743
1398699,121.35933744335121
1397755,60.93500699307067
1249332,75.88694500683894
1049602,89.12450726864382
1089873,924.4781827742551
1339163,122.74313176267172
1211162,478.3820950665228
1060487,25.124642910769055
1017376,25.479701458399692
1455813,20.694175791002746
1474172,37.679494285026564
1032075,104.83886605964669
1312652,391.382549145658
1442048,210.23569904028756
1145540,14.882880726050765
1277563,95.22100477667985
1053334,124.88939667517737
1095442,128.02682966936572
1335552,19.67596954128144
1329839,16.86363387194488
1470260,30.99014399144557
1121456,19.330101456854518
1475918,55.63256391186596
1400690,52.45168335710718
1153013,332.8951088529541
1175925,452.9254322580972
1044804,169.78946975895798
1270105,381.46011881071627
1166614,249.51182694360705
1372023,112.82325019919375
1126656,19.158709749595385
1096892,43.22069828671221
1162121,83.5813540347242
1299109,145.82827781775012
1072859,163.68033724031378
1337063,34.91247415464168
1311410,46.42585183329339
1040248,50.132208665201546
1020719,1277.4638627367094
1371825,132.16312557747545
1242112,722.5120209045152
1426771,49.22769322763316
1150521,34.12633947465465
1155714,57.33716554908302
1206978,114.07278825157843
1258554,108.52970546455016
1487429,27.698379288866413
1132590,47.0423965110961
1412346,31.70701027016772
1044873,191.711438723978
1435076,248.0840651693446
1376033,161.41779506651494
1473729,19.0656039802448
1081462,21.83637897617364
1187246,65.74990306735843
1288016,87.11631477676228
1163834,141.95909014887528
1391562,22.45745396980596
1092746,96.35805856076588
1217220,68.9327466408824
1453727,117.65660812186364
1419763,24.621435001889242
1133698,42.48697232424345
1292555,35.07449195451721
1173065,166.44050069131677
1320694,141.86208263321552
1406117,62.53348623306554
1493137,421.71843796359644
1200019,403.04010589761657
1441304,199.2855948563089
1486977,39.35091382894426
1173592,104.8081450230511
1196727,62.46971957161528
1341646,177.93067683543728
1142440,315.0711688905074
1273416,314.2923214847639
1369678,83.5134010472627
1237914,76.68023387285761
1489392,118.28886517622998
1448998,1317.485280881067
1109229,181.11001925848274
1135688,925.4230762565932
1290122,43.09219367944187
1195644,39.92133170557298
1455960,36.51344139340497
1065108,76.47008932732952
1160251,64.87409982527184
1052765,34.94008870497037
1006876,90.11125677402849
1375995,39.554165115853046
1177267,218.99742082878544
1123762,416.1422922686638
1135977,246.38867367694272
1380921,24.422223743149697
1152704,21.446920752290247
1059572,22.007971057547994
1147431,117.26752092242994
1166118,185.71909187447045
1241642,217.2268226775145
1239441,28.97353192644168
1139610,41.89437285508464
1173347,34.21739501295661
1065220,80.01280805445066
1263020,73.97432358544299
1186787,154.3839532848883
1100287,37.000921110912564
1063008,85.2184685067428
1272311,69.92103695626709
1323831,271.1457183886954
1350933,316.8058636735057
1188980,158.99903600087467
1321339,204.7296828997709
1468793,203.40996066465036
1065918,45.61483384982577
1483544,69.77701784692984
1360874,185.62987452851706
1172503,372.4351475324129
1394736,205.74464046551213
1463533,146.71145448841412
1101245,181.22518148008675
1297806,113.92001504645454
1141630,1348.632204068969
1115561,147.39534943840098
1359056,727.0134331891954
1427543,29.116406783348758
1049897,32.633013099152954
1364909,23.968097936839644
1001108,67.00658636068952
1445007,105.65227602335224
1441123,273.2764302298036
1184466,132.87755762014413
1445824,140.24765506067268
1424016,191.2106070679251
1078356,144.17707430935718
1160637,15.089036004632327
1036844,16.53984861520446
1311516,36.78714536108114
1306448,22.846667397449476
1221703,34.94485686140574
1079424,24.11588271753941
1286572,44.39484446787015
1470862,37.32847936849617
1247296,224.00380518659912
1492100,326.62863032906483
1104993,157.17223677292247
1098936,286.91351341615456
1141172,237.5719403590611
1097071,122.58479427735021
1218774,31.78486136161588
1424527,121.58612417533932
1308493,84.06371488657285
1280655,111.28665201220424
1393998,216.02647741131878
1263011,143.71995080897776
1442984,75.12140020381415
1480196,65.97072716257664
1392278,93.0522694237047
1182497,1941.642048181453
1142809,147.018959921494
1331391,1194.1598159469133
1491271,32.55833367507043
1333321,30.368042237149332
1044434,55.456467724973436
1458337,52.18799790212095
1403727,28.1423740418291
1355003,74.06797120035392
1305696,41.935301983886475
1225892,126.71043878762401
1137454,463.98615182524804
1388897,296.4228806432732
1252682,22.415726575028458
1054158,20.574470133129058
1119962,204.90589559790334
1353816,261.06909687415254
1182051,285.69336618066467
1025615,25.471593986055225
1395390,80.7495554796792
1100937,41.661595268950606
1337610,72.36430506141595
1078383,38.399892866606955
1253337,82.83687456664265
1396082,85.2244899271529
1241787,283.48058199949133
1467840,445.47920515518285
1320321,133.44228480096785
1027184,581.2780161232542
1083175,418.9903866931617
1495092,239.97895496643883
1372971,38.91683295161914
1179921,92.86620125051483
1192611,65.10832056391601
1307584,194.19142834749093
1097417,287.9552160987611
1469771,359.6830528399864
1081567,66.41120955620887
1224368,122.88349219715296
1124284,93.03052302309123
1369939,1705.121882895639
1470426,205.26934613931135
1212390,1239.5757886315603
1201353,61.026682545177955
1175963,42.23416985602586
1143972,74.25068558866334
1064669,157.79896380739658
1095090,153.49680681841505
1408414,34.14172833696932
1181919,73.22552809302942
1035955,37.1541866017227
1137622,264.1402387902356
1141624,316.86233266836354
1030906,236.8383048391123
1351716,21.442710481349522
1387275,108.43598740107785
1491481,108.2350454268936
1266099,244.08436290715608
1497126,37.02315792605696
1484353,30.22237657014351
1066140,38.82152668839275
1012482,172.254736952534
1223316,154.60050729304382
1374077,299.8600451550468
1214809,27.102423542089987
1079574,52.16217646319496
1437074,37.275342369722196
1254126,289.12071126553354
1386744,332.8208625693666
1140562,129.2977559447177
1057783,1073.2516393262938
1028990,687.0333018882599
1171657,405.0493069666862
1499767,57.88716481344492
1034565,138.0676615387984
1100732,118.3630248120085
1124599,502.97606747457945
1036809,517.6086729348601
1181111,757.3040424487277
1339004,122.08042790263887
1442340,146.82585053049021
1076769,223.84808447913096
1273291,2741.247384654484
1268563,402.1260919919099
1267199,1498.4421796107092
1432609,73.05849776851561
1386785,41.852134356497295
1001425,61.68023231980515
1116564,65.34779178673537
1373247,72.68450898920604
1134168,107.26058633419356
1022092,43.98958822563109
1423085,462.4905383982061
1421303,421.1236940629555
1045999,178.38271952851255
1027413,18.19936931972992
1068236,19.87465694316914
1049332,328.7850229375555
1202896,463.448578003526
1185320,483.23371382494304
1061666,69.66171372810264
1082570,64.83516240041443
1105399,56.205016609843874
1036403,211.18582149575494
1416031,320.1438809025073
1093307,451.5532859254926
1274780,33.71284723057754
1208290,42.34991565684276
1010615,27.678579571182603
1262992,147.15702178491756
1331934,160.35195762800163
1030226,175.87187056613453
1255690,28.222872469141727
1466677,76.62951922577055
1284600,68.31273999994993
1415928,404.76096630105155
1135508,233.27468119608127
1292547,312.50944864898486
1317061,387.0858753157264
1125938,323.7439332699593
1132252,137.23120033075293
1098604,22.85817991367667
1281504,55.7546062688943
1367222,45.472664246602385
1274168,159.63505860362534
1468823,257.61550165641137
1333274,226.98308248002232
1441700,45.18016624986093
1319758,46.95288526577238
1464015,55.68480579149166
1484802,1307.3812174169468
1029668,152.26924717637198
1072649,974.5777343960664
1338138,51.14565742376774
1169066,55.37806780735176
1004508,39.6493302193997
1123578,62.6046686032446
1312972,181.42860313000497
1278314,202.42784672471672
1330929,57.755799437139196
1047991,28.551972060016983
1064517,188.75681604647892
1475443,242.27976039089458
1097563,168.13026012403216
1095602,29.315598761433375
1242359,19.623472968512065
1225795,99.1274208212836
1158312,101.39914271987047
1029988,216.89480017093345
1115336,31.85713183581035
1404848,40.948677484831826
1221954,131.15226962081036
1177114,89.16168110255349
1279211,138.29747883983876
1195794,26.809230131705714
1179388,62.60332350349708
1225479,52.2068891026515
1200482,196.60255269026115
1102609,210.27024315275628
1306278,96.58252367882642
1230640,210.95692860604618
1166412,180.1632292379297
1182119,53.82074982020943
1474457,32.60823741209073
1471543,119.41078720080367
1158440,263.9256553759997
1077996,458.33861057426054
1375730,229.52716698403373
1257624,102.89360050653849
1418558,74.75644991385077
1119462,84.61261543142822
1217634,2263.3242810689476
1194125,202.58637514084316
1254893,954.8388853128469
1444202,21.111627268130494
1249741,43.838693449187176
1397105,42.750158442877975
1126109,27.351155433558006
1040672,81.05666273806943
1225867,35.4142604951413
1229777,141.36607469028297
1416600,613.9831735993542
1334478,314.4819144190457
1181972,17.197957095047723
1439136,251.5480237941585
1101586,292.8167215222432
1081205,325.9567448587745
1320112,18.968477218818983
1362263,49.59434743827065
1266516,33.94960133537127
1115733,149.4350106370389
1348065,118.39308405015883
1026480,340.7059830667224
1053710,519.0278871796506
1031578,319.2675893236603
1491314,442.41675153825094
1432899,424.0526827096958
1413058,249.01197759608192
1158190,61.61211741404521
1228116,100.3535094861734
1217136,73.42521221442034
1318103,265.72949405836283
1094190,489.4848702802246
1476707,412.36594480696397
1116399,185.60524696986104
1463037,143.16811918976893
1327944,191.520314372655
1477329,1865.057489536262
1274331,256.8890650457909
1366778,1356.2501682854852
1274958,45.96872978235055
1247376,109.12556427972562
1171357,99.17989503037529
1470729,39.75444817436583
1493024,83.30050295669123
1292643,42.956829366746035
1108498,251.98590221279542
1351941,287.7769674635031
1215978,183.77637432511568
1303897,22.312870339677037
1290815,20.17933378047407
1021162,22.551383891590902
1053049,181.4121582503642
1350034,391.82257796811916
1276354,356.1861604686048
1299342,34.00172133304879
1387698,27.664419632406677
1193717,25.815546186846966
1080378,73.95233387426516
1412637,89.84081401476963
1378521,173.2193594004922
1144802,25.363436933143706
1137339,64.899035985998
1435425,39.41511043385141
1395058,287.2667081166204
1307656,355.3942772732487
1032147,146.78062138084385
1209677,526.4743281464079
1159522,331.25093136369514
1357125,212.09071619575374
1027253,27.07209528062813
1347324,91.17598485208586
1204065,74.63417480780242
1200111,229.2494105858329
1319241,274.10957573453373
1163083,365.57331249152395
1261848,54.27090920159168
1347708,54.17359813314019
1474171,96.4470909622933
1086163,1353.2390354915797
1384345,163.6129229498085
1230329,664.9531983907149
1306114,31.138361579999668
1066036,24.48179788294507
1437817,26.557700943371863
1371599,47.56303095467348
1027269,55.83959620405191
1005287,36.96280783105966
1445660,58.665119696521444
1335729,26.541304636884817
1132453,186.89735895016398
1080624,205.56080062741134
1313810,90.77813933773578
1455874,16.70566670643934
1347864,123.59468634089673
1202304,167.0523326123586
1129620,192.12120393394125
1062774,50.37065064255134
1200960,45.29622823366817
1148887,51.49885206516268
1343038,92.89735180147389
1286282,114.83833399803011
1222681,222.13674703169266
1078026,21.701050857546605
1397712,19.339902108056503
1264710,89.57903652855379
1183882,150.90311174631486
1113656,129.0259815556744
1050645,24.66473348010869
1014675,54.250396895188
1302966,54.83617309511731
1394714,130.9589293583869
1488819,94.03974124378465
1124137,150.62572832598946
1054385,769.8726407807262
1001921,514.963412316403
1300733,301.14901353014744
1291220,25.020058767486084
1312126,68.51137509947219
1304878,59.85171303349919
1032653,329.372544128471
1397068,426.4702569746213
1161714,427.55980442800876
1203648,145.25959094838117
1442696,131.8633718344446
1458841,173.417117143151
1007597,1180.2202994996233
1055053,308.1083788452515
1185031,1550.560934106508
1427278,29.530891375295614
1295117,28.87013147012004
1325329,66.54497529488803
1050759,29.66468419115068
1013831,76.48027776346943
1254173,26.99838337338936
1287970,383.79333356405664
1113498,378.63353936404695
1355907,164.03718541998384
1244886,16.779188504357066
1373548,16.527371901232446
1465270,70.34623305067716
1339027,128.45246210560808
1018327,63.260294244395766
1108071,63.33253836173989
1461973,68.9682388155239
1476273,186.9455146283651
1024004,331.89271557524415
1031312,372.5521362509538
1446241,46.94787394046307
1495023,70.09602251244287
1348513,49.57571392014303
1015558,43.09649626605233
1127531,37.378171097827305
1314971,219.02550461291906
1189684,144.16982591787104
1105588,235.81100309685698
1426288,1785.5941552262004
1101391,836.9108849826714
1236690,511.5624747726504
1299062,55.686828268396795
1354229,98.16265171854755
1483090,470.59299090320343
1124620,570.3048531912084
1036237,865.852665808553
1429101,82.43183247017876
1105494,83.34123077613702
1496047,191.9978193339782
1111087,2285.1584012348694
1279450,416.97801191013883
1056350,2485.78215478956
1064133,140.2781149240468
1077697,133.68087316044182
1292079,64.23064035031106
1312698,254.7801703109885
1363038,244.79429545378895
1111872,183.75566468033037
1418832,44.836345257714356
1128942,155.5536942882246
1252662,66.0804314815304
1343161,560.8414115067645
1011813,537.2848658310107
1113616,315.82593140172725
1334770,34.45474989754932
1271290,44.575633780459555
1387664,26.281873887605556
1023852,226.76810636638314
1078142,470.4146766462672
1376725,521.4366632468658
1163658,122.58276594202957
1098578,90.43548679385046
1295170,102.5819072137268
1442540,214.7812997334523
1194545,313.21132739823844
1482237,790.4225898198741
1140705,73.60041083325874
1298088,56.28090569512216
1197612,281.7070192177226
1141241,446.69119553154513
1024355,368.7168243096253
1115005,101.23070779369792
1413477,114.3341717743701
1209338,295.36521489087386
1009555,234.5735796077482
1357976,313.08070653757875
1435909,1931.2038943286839
1010266,954.0715287732165
1145147,532.4078549653766
1162283,46.967745121311815
1463710,160.4418519712245
1466728,116.54723856214171
1093975,540.7989586546282
1158811,611.1125564005692
1106708,904.699869161705
1102709,101.08912666958494
1480818,111.68504770604552
1120723,211.51262665609087
1161911,3420.612069002794
1406483,400.08973384922484
1159704,2475.3706008747267
1347891,116.69208028216217
1466492,85.30585621632848
1396722,65.68763003239125
1255464,73.07388394290655
1478571,76.99833646998515
1204608,112.9599867497945
1101877,48.88173441439915
1401061,136.18861657134406
1113123,45.28195684829244
1265686,512.7855981516146
1053742,457.59874625903
1392727,228.06411744304933
1262452,31.635329514226214
1127426,36.10342365176319
1076781,28.317810149059632
1128271,110.83996843561398
1411082,242.92890272733536
1053814,327.645701194513
1244852,166.36075439243345
1096175,158.29617594907816
1014613,115.52978375152755
1131169,176.07217899415448
1201095,359.77267592445105
1430136,577.1533653192906
1475372,56.83402574760729
1038904,43.23991211496173
1345512,33.20728181012553
1368173,195.63645778889082
1062658,315.36605250898526
1223108,271.6248852630101
1311976,39.01633288921662
1275880,116.48337077742389
1262880,101.560358925261
1491312,380.8560327137861
1449613,320.6000772846292
1428843,310.7996638103457
1344988,172.79573630745563
1238384,178.06472887690998
1385784,84.58702888364984
1139207,29.479490768047192
1305667,100.0854607297066
1238947,54.81484760538845
1025860,107.92088851919053
1109664,371.95711502251817
1350396,211.47465081212042
1007474,63.75871552884621
1055751,68.18899223462505
1049070,74.8786904590491
1107899,1701.706526815577
1250737,160.09709848344244
1425943,888.1297581456429
1428610,23.924254072306745
1189323,23.833731238189078
1294333,42.25848924831495
1047099,34.836782432128565
1122246,86.87349327014752
1057371,34.398942453283816
1247572,144.8517091437108
1452525,576.3230399559988
1193241,328.84346802407146
1122672,17.908563106382104
1354931,140.26428934734005
1263025,156.97018239414098
1076963,172.08130354653005
1005817,21.16687340763391
1229044,20.81005307134826
1338102,18.112963052746245
1006405,40.246162802307566
1214405,30.535066981264116
1443462,41.20262782815937
1089414,28.34434943180477
1317775,103.08195009203601
1248865,71.2499764761876
1342691,351.6150373801517
1114030,511.76098647180686
1062361,190.9462843504562
1268913,259.49646746235953
1359141,247.4845166504999
1052607,150.52890134878444
1153086,24.187149658568316
1228900,77.7639547274228
1477268,50.866521119752804
1044413,98.79655374132066
1383969,197.47175105706285
1370531,139.63733939008802
1054001,47.1132791579329
1032955,49.80358064080007
1204425,1058.1885479430189
1003799,141.1096471292048
1189309,282.18227320585004
1294794,23.1107367780612
1252109,17.808482167183673
1494387,37.63419989261786
1025414,41.11262855235413
1028398,21.633902419008983
1161669,47.474091939090314
1318183,29.50137205202419
1453485,139.09320758355855
1179995,438.602789334235
1111260,255.6960142876747
1476335,16.700625930945414
1045081,112.50283981826458
1047684,128.25707534217622
1416797,179.21103583329258
1099709,23.72732401877598
1112808,22.444986182651927
1082858,35.46829653667305
1478275,23.76059100653854
1484969,36.95703666544427
1017841,23.645050358881882
1095118,70.24354026432864
1133034,49.94932310643373
1335501,280.6886523703519
1240758,394.4797664952202
1392405,124.12619093259848
1042422,86.99628429858595
1102535,73.61874739467997
1352924,43.021242767983665
1330739,21.88411557619053
1286846,88.95635443528171
1303888,104.72427134295765
1084126,58.7813156303323
1401068,65.97975710082888
1093010,64.70334104929348
1320866,71.30670024596384
1224252,507.8283239033496
1053847,108.58594169283828
1289203,402.7191337744683
1283793,17.006017594336583
1405406,21.135014720057093
1001023,38.263175899635115
1430672,58.30466993838807
1473499,189.9128227634259
1470414,80.9865453754162
1267848,31.601741593905466
1288839,22.670783645413337
1406611,107.24333714606867
1138335,141.65267204898564
1473941,167.08244958165022
1086394,24.75610263491672
1213401,29.826474295577846
1249598,52.004336342463034
1359075,114.42364891417871
1451883,56.43801861162376
1130150,111.9535405674811
1079995,903.8159436368928
1320850,506.2374884354004
1325802,354.342609829575
1298535,29.80487764066255
1005436,82.71032694785045
1236985,336.8031782015802
1404089,383.89403069491726
1280135,435.90952668662095
1321446,89.45710271146646
1022303,65.1435064857258
1162493,144.76884550228564
1160343,1437.2037506438508
1412430,284.7000816254898
1027059,1711.3849170667554
1258914,40.84043037606175
1406006,35.215357992091185
1076412,65.06663692089792
1089192,100.87738206728353
1251959,79.51445847636047
1204393,32.49954126954431
1426930,89.82525685781464
1424045,33.65446210163868
1206548,328.786185821292
1002696,374.9606285633492
1019804,168.86913207701144
1040420,20.097982702105583
1414474,21.985459136338214
1252877,19.813247274007043
1408137,119.81501306198244
1263119,143.02345636616775
1115724,157.77727693780022
1272392,66.21788697461663
1270741,47.5322615254395
1313158,77.75441464977376
1028031,155.1394653006427
1235237,294.8104070724384
1150649,442.5635870722391
1444476,37.162828748886845
1294878,34.00983006739441
1115261,27.032562872293646
1266485,126.00956250276987
1392336,179.25314482961494
1153686,135.98597056481452
1055862,29.59643323268987
1072931,60.33832042054935
1252777,47.61849475299051
1062210,167.32958397295064
1382979,148.8429324002901
1338035,224.99880876975348
1146579,527.3329742666633
1072620,200.2794488966142
1388642,159.66474622067912
1230598,35.88180904061208
1499806,84.43009539346839
1256452,62.656808645270566
1249746,256.4397737098182
1355011,345.62388698152773
1394076,432.33881124723786
1181734,56.90000619305027
1068385,37.08377397789139
1139039,61.622049894346084
1430890,1457.7609830754857
1151297,170.89275756993533
1013543,678.2904598264593
1387274,36.34026655685976
1400898,46.67551029603468
1253271,34.633822052386854
1193479,28.534172879235708
1218312,69.95735915999525
1493676,44.35944767395874
1237190,220.3821950573726
1025950,199.8853845564698
1445601,71.02780137685014
1233203,21.532121225842427
1174722,58.349657743830704
1250818,142.83961217644912
1391640,131.14035768545227
1154727,103.0847206351387
1000642,112.87044522759155
1483633,54.48806086093605
1390805,104.8409098031096
1108444,177.42545878209233
1318695,205.26297018226774
1355254,22.522906098985807
1196734,23.23858901754166
1362840,101.29692952022319
1226722,133.70252662752003
1419887,105.73869323574132
1108968,44.4108528123058
1411752,76.79167479594993
1065319,74.83341594004368
1233541,132.6306617042835
1434726,119.98172645163963
1170047,79.8232486235198
1359423,1353.9707515811074
1487129,643.320633250677
1039738,294.2424485564961
1281098,37.11530866215756
1226250,93.05840839526711
1356737,90.7683384948749
1250508,324.71301976210685
1296204,443.2319187290179
1021036,550.5193421030978
1059851,79.59869074876428
1259861,80.28245751826796
1191317,133.0179564263419
1055545,2604.5300907235733
1259739,293.3809835927308
1127936,1772.249669563291
1122299,82.78413337173635
1045622,64.69577966867799
1136027,100.81473035077214
1427519,151.28769422722212
1345040,114.27249770195242
1358355,41.11807264354311
1296259,88.85347798674597
1247604,44.54570548000491
1470043,331.1817874925168
1023524,334.3919650923622
1458093,164.29190555183962
1204116,24.510959103041866
1264775,26.2548912231684
1439811,20.866905338826108
1172238,210.42171627411886
1347717,270.2362691183705
1325084,277.11287362552935
1279398,49.901133843000096
1062492,45.664470670635616
1280555,41.37575793884333
1192455,109.88495504614059
1267950,168.8315368683625
1297918,378.6473094445363
1065416,38.073461287103996
1017917,27.383899026834047
1303062,32.43670393761011
1428483,236.50274532509223
1281671,241.8547104131973
1473937,201.31834761169026
1435103,74.28584229453016
1037310,134.90185017118012
1361514,295.6895898249924
1051440,159.09050691180718
1312573,158.80810259727028
1106798,233.38340617304075
1142814,224.63106363686904
1214497,75.91816310795694
1015884,53.78613426291873
1033130,143.88977775068048
1082221,85.41906152858934
1267633,113.17395912336623
1237618,285.7196284586535
1145651,141.45706946440626
1441985,66.99235975743515
1196226,64.99057608492953
1352134,103.2776557898882
1337450,1626.9049205447348
1026014,135.8053508408595
1212345,784.011823355822
1181195,24.146550488252604
1007089,19.684850973407045
1317475,45.50341136541644
1098691,42.707318327271274
1096212,26.652636539123822
1235060,82.91561492779002
1233676,41.091862899038695
1005265,109.52249212869356
1340335,457.15723279904387
1100709,304.8920538275286
1486556,20.373174096224318
1364727,114.60845166893404
1089838,167.82975051787386
1331091,171.32364726106692
1145185,49.64456863738335
1072824,39.699156380247004
1133161,60.46381187458597
1257291,28.4339336823451
1466895,75.90673095811198
1040076,50.88681622753619
1296120,330.60058952023974
1071118,503.8966738483549
1481797,149.18135259263587
1002910,351.24858552017656
1087316,284.7439232772112
1148565,110.27564980449117
1380584,30.66496358469139
1153514,60.36328212161697
1023202,50.53049999503867
1325706,92.51943744757419
1138400,159.03871582074964
1321568,191.33056898340746
1000666,43.25621410239073
1426204,43.095456879132946
1427371,59.486648151749954
1284547,1787.583662115566
1495342,175.26698060171444
1013289,784.2845326504064
1034517,61.16844840270429
1088604,55.0660061274314
1441301,44.24230117369345
1323495,86.15391688223995
1059630,91.19227670068581
1022326,137.16730792119841
1030923,39.24048463577297
1066592,66.55576927751672
1100820,47.44855380436078
1349870,257.6966556794302
1442794,301.3011613587272
1434781,208.1228394206929
1314686,32.055159037151746
1114108,19.830608251636907
1463208,116.76739827574289
1294690,142.90983263013734
1243722,158.00104636030628
1176245,32.96797963415065
1335602,115.19350823081946
1032528,125.96653730170226
1067483,149.6063576598465
1404614,29.161002223112277
1482217,51.480117384483115
1461999,54.59057557310513
1159274,215.27151123191237
1412925,242.87694134825318
1198542,124.51599371476395
1167015,184.2355737675532
1098179,171.02575998962422
1316048,35.83801948657541
1194635,24.631494454458036
1164921,108.61328102689562
1060770,63.48204692713462
1365169,183.1777019945693
1296574,439.32965036738483
1354095,229.1373377995275
1047886,88.31692934685577
1392652,80.5097512616273
1432258,82.20017098158782
1138217,1551.199687449366
1182344,208.8173363991142
1137204,851.8087319803568
1461362,21.572727146152076
1226026,21.103945958442313
1025513,42.672206747851675
1315779,36.39137231849208
1120550,23.009415799243776
1345814,75.83833797984262
1273694,24.579714399467797
1373670,115.36296951312953
1304674,341.17615016191314
1115980,171.6161954028784
1078416,106.28602727644187
1492006,139.0106916244284
1154339,109.10779880189726
1125717,16.813419977174487
1418240,18.74641180385372
1273336,27.861100168914827
1268753,57.51713857428356
1032128,48.7523456283181
1365619,332.00594417419927
1140349,525.3247114129504
1180650,143.7046775404374
1101235,1622.7327198619519
1432496,605.7404580074589
1430566,471.32850507097925
1014783,114.19565155175465
1116354,315.58664662966544
1146657,232.48685457850567
1344262,642.2924174463959
1450902,873.3342227321293
1050703,1013.2191960717465
1103779,106.6701997251585
1373522,90.28218039376864
1151308,155.9191495442001
1483186,2957.523316676475
1018915,666.5064176744185
1364131,3011.964793833864
1345596,211.1474424714154
1420063,221.52121096720592
1492833,127.60781085548834
1360054,163.36443604880094
1213321,229.8725787709079
1037639,169.84518273955177
1142648,116.07239479376804
1361615,291.2679566241605
1042523,98.89165763546174
1005712,663.5618314874389
1315204,634.9017017249062
1267815,280.4754740689661
1367043,51.09094042408565
1004886,25.054947621469285
1034244,47.31462030431264
1297387,363.5840644247373
1210501,646.0516402644394
1097181,483.8475964109573
1310794,82.8538557397494
1014635,107.68745731655922
1292994,45.94387145948476
1173658,268.87594200804375
1211835,450.5047687680105
1076344,725.3863775925024
1232705,67.98756472910429
1195774,61.70856363457758
1174518,66.22486131226533
1243831,431.02087589455056
1481724,691.217456338834
1207346,606.9833445959547
1271815,134.77072430070504
1303872,258.4859195119154
1176334,237.70450120070552
1304553,510.9909017302323
1257584,469.3844867639552
1440237,266.5106598932247
1084653,484.62360143083714
1332317,284.3997803430106
1177460,181.95826620505636
1165358,26.45354812273221
1497001,84.3157164886964
1103832,374.1136472544784
1403223,367.7123933773798
1223995,429.3103353410758
1441994,226.51900994986173
1397538,160.71846728552742
1021975,230.2400035316634
1400819,1467.943267456988
1132871,326.2935593961881
1275036,907.9101969870861
1467062,22.963515334371813
1243970,31.5934327293824
1484482,20.626044077894257
1282672,52.36667783378905
1232517,27.281939104278067
1375882,370.3570295997865
1145757,286.1108014679333
1200160,158.86852249653015
1410058,18.389410361181646
1305115,87.49761321637804
1095464,95.99912490075668
1487515,24.021724763117557
1024500,123.27650149712464
1071735,140.46523335544
1344422,101.53605600047666
1312920,194.9615048764479
1297157,495.58454015017924
1142750,405.8886781217823
1411826,20.36478335081305
1318333,33.9376313858044
1434478,16.883352141069167
1438407,45.624610167624354
1234963,23.345218512753448
1444737,50.995354680411175
1068604,56.98829183282875
1011801,345.3130363675489
1314498,250.0000185538938
1099240,201.46330842050023
1403942,701.3678373849175
1161200,465.17109435498537
1047246,272.0159322344167
1395061,23.753806863399333
1170801,93.24274519074811
1042827,96.39023661078275
1174504,339.4903066718424
1173705,442.31034317727875
1230491,466.4081917690183
1348587,90.36662606020857
1498538,70.4679394882197
1497901,123.3434520065533
1271586,1895.5746497368013
1039920,348.05887107060033
1243378,1199.2061619945273
1129865,27.09588658663277
1056548,22.033325357566618
1006403,24.00851130666446
1348142,31.30111260749336
1029535,57.056925052831936
1211544,23.550804475383444
1409887,420.87820173881016
1373243,429.7094009691104
1424541,177.7221044701561
1387862,18.134976050278016
1125217,16.073451332722225
1244163,118.41858680643166
1090094,95.22318538025071
1206594,112.53651894090696
1418380,78.39459578823846
1018911,62.3101615022063
1365726,78.70470121106088
1182054,168.85661162998863
1185618,307.4659244651647
1499996,366.0646099972412
1289837,21.579773261787643
1207125,76.76767687392304
1385322,59.20869348264552
1109874,56.67765987385318
1451374,22.161872952376992
1256784,42.05369332170805
1267473,35.864381452644395
1102117,293.13876050110207
1401169,216.25443069866614
1207111,247.27080466971282
1017175,1951.133389667283
1247741,983.0440448458106
1117518,651.1586790016903
1282054,84.74638825817767
1370192,273.9249431649141
1038438,232.76588865122753
1181256,713.0755543102426
1107618,906.0638615058963
1177282,1070.5586335329047
1050846,141.612711153857
1171305,141.57078060103973
1495234,262.6321156372093
1493457,4071.4889112254086
1020507,570.1043794922009
1054269,2293.6122929054254
1342004,96.05684578720474
1121352,87.28803155230324
1398988,58.79273979733322
1133642,74.16150388864781
1390781,268.05186689532957
1227153,80.31317318333116
1156586,72.37457686592374
1184605,237.62349764785867
1313893,68.74677669995047
1166618,674.6129765223714
1128043,873.247846370594
1359339,386.40972342924357
1146723,32.140513148154945
1404721,30.968541980503474
1115692,30.465424883982095
1295765,589.1676765761646
1245205,915.8628843094065
1090138,886.9944250552217
1212530,182.1496759152312
1377936,173.5795689789459
1481135,137.19600302179643
1012718,389.25492354093177
1274851,503.31739018519886
1214056,832.2070712728877
1449539,68.14016789981713
1196447,52.41629822223298
1313914,272.7113083634353
1012652,501.56239873360244
1463945,345.92606380730297
1352697,46.48067327057774
1119279,256.19191013090636
1499681,187.62269619085671
1316005,414.17402513303125
1276695,409.25228342177223
1343456,603.3262124227102
1406377,756.5688289819885
1377782,531.6293413696326
1475804,277.09363091951343
1389781,54.18543074717417
1121088,74.64798873226191
1404053,52.158303083189274
1103761,194.0787614554731
1427117,335.83523914247843
1235746,457.7196425186884
1111305,88.59294468844732
1398419,125.53728506889973
1043032,177.22365344670857
1094924,2557.6484950418017
1016992,251.9687673271054
1015891,991.8290096027553
1361581,107.5382603222465
1079764,80.75770461720238
1206362,69.75910161562015
1050479,64.86866466770289
1464461,328.3572507857873
1238056,280.7342394329077
1024016,36.477687301177156
1161026,86.43411659356345
1266837,40.04961727591626
1003688,413.7136532255115
1437653,642.8479663173102
1428544,528.4815076280346
1329858,23.941724643028515
1242262,31.691663217286113
1139460,242.1515835636832
1340320,285.1807156029469
1458283,483.9122613380751
1046592,53.653279823070164
1382408,39.020553021575594
1399111,43.752382685564015
1354514,188.0955883129838
1151009,122.50207481831212
1473380,207.54133055469356
1318609,31.6074607438689
1260208,104.59171991868068
1456298,72.00912848088439
1433872,399.85779532515164
1495928,442.1832206691089
1145163,259.6542294278588
1288414,180.61330187580236
1164780,224.39956277057902
1099811,81.7759539183523
1055810,46.105701444704714
1465823,169.3543423511046
1068702,139.71166371037276
1199817,99.02208849806902
1308993,307.66412782921657
1228658,183.3184260171033
1067611,88.6893834662793
1337804,119.41186049251844
1265862,1607.7436406154877
1075698,231.4034110041753
1493152,806.9068510734721
1480072,19.482915551958744
1303746,40.683877148226834
1252753,33.73105049737437
1429794,29.931752419726543
1284846,85.78794432706891
1347430,34.86312732470436
1253487,172.75607813084534
1414292,658.0537208520634
1444665,397.2027707662943
1467493,16.887052525096923
1375138,17.87624011667008
1039245,18.142820397824796
1009524,216.76158558371807
1042431,177.53905745058375
1218618,261.5737175100815
1005450,26.379835699872288
1337184,25.81081103507641
1305212,25.749433380144623
1229650,20.741129759038113
1202211,39.23308371998721
1206844,37.8955707687136
1315684,176.4700933722612
1451907,111.2787565199191
1479101,534.8151814914364
1204831,731.5944511253344
1299973,231.09464155835394
1479704,373.2034785069341
1103391,345.2834240116807
1030973,88.45499215451
1175313,18.62062497097989
1001655,47.988982949917784
1486656,35.00862719234487
1144994,156.68676210843574
1339590,327.52682510680904
1176446,237.56339431453034
1228211,100.57722588439714
1140034,182.5907226674377
1261020,136.64756238385442
1419809,1259.9789159335176
1316742,173.90313049531187
1446413,761.0459690384615
1161401,34.04960828623787
1378385,30.53955266398364
1371110,45.901841724386074
1474124,100.25569298931012
1289204,229.61782187521973
1493328,110.7647956969923
1365154,96.0862924268983
1012943,127.1571713249933
1241599,115.05741183532649
1306515,20.552563187253305
1467462,29.60600454594836
1442130,24.33552076423091
1486092,41.091566340129226
1348096,20.74381599542152
1109213,32.98870511933956
1475586,25.44580589740163
1415413,271.17380973105355
1143304,350.9373291220427
1211792,95.30200135865124
1311799,489.869419215738
1010422,420.87799469337153
1238437,112.55242481370327
1283496,34.67342779335269
1054679,90.88304739436683
1374106,59.10114022805285
1252741,240.52000658837153
1105246,424.0061159455281
1302648,462.7455758809544
1424462,149.26135191928125
1076983,187.2614954424093
1183226,225.31148991274034
1468687,2181.536441658001
1413771,217.65622274572536
1383816,1223.1120815496045
1439193,49.77991733460828
1339142,42.59794860015176
1412413,38.13657963595756
1314608,149.80613437591245
1427899,75.80415442661075
1266188,32.44891633747923
1455688,71.37763179510239
1453758,40.74244338825679
1067032,241.02675231345955
1186216,358.4207064011889
1255594,322.80123239904077
1149061,19.467718604272108
1271186,22.925845183706084
1257768,19.64966575376504
1267184,191.85261876371354
1305748,317.0081102870502
1015025,352.4321699812708
1240225,28.988650911073698
1121296,24.41542090509738
1082946,21.831503986917923
1055145,63.26840113031294
1386090,56.8263638179279
1144287,128.10185732449673
1193883,24.5766907257652
1194633,51.74687637927359
1324241,42.536739415868254
1019478,358.72757220099976
1200780,371.9553550067759
1419930,234.49666245199478
1002912,1572.990927781139
1319159,945.6444712590252
1175738,274.226824878572
1201561,29.685589962529264
1219862,75.45615840482829
1196146,72.28817270449835
1466525,378.19144361389675
1204816,482.2037991154724
1473726,641.32048436733
1060409,104.69172657637573
1261615,78.75121641081914
1043550,172.5839054336361
1467630,1524.5970934832326
1018320,256.2560620590961
1435521,1260.651575148158
1401990,71.25968646417829
1390906,67.04127616349398
1462965,86.20756410949899
1187504,143.60372947448744
1095731,78.42643578017494
1110023,49.63842783655831
1176469,94.05540548872368
1166528,40.08447722075787
1053800,413.1861451890052
1048692,318.52967419862756
1341226,172.40843727511754
1258738,25.302471597198334
1455555,28.01280195770714
1037988,22.12726876752388
1180812,181.85373642426725
1343995,203.65983020741265
1227316,231.47316103725248
1372927,76.01703651773968
1306602,74.24770072245234
1230159,69.5511736020905
1388384,182.01872288098792
1351353,296.1900040854406
1412668,531.7715601278254
1161674,42.6198421954301
1344481,42.33227081011882
1119553,28.87519409866448
1154103,215.06243162376484
1416326,374.1696667588533
1164432,324.89229472352895
1321519,27.39385954234885
1293866,54.18481859048035
1050155,55.584071002815925
1404233,204.14154654543466
1333872,228.0765248412675
1304601,322.67787920851697
1054033,537.5536756071248
1256807,313.48811822893646
1100598,105.61146800745074
1443205,29.017103532463
1228081,66.92428620510802
1261036,333.4691589037011
1456972,368.99025151394903
1234652,534.1766161890323
1019525,99.72948964162238
1409608,112.30155600534691
1310744,136.33653718702848
1446997,2134.2450435028063
1109153,258.81959881934927
1308005,1912.909178745292
1123493,74.4730771873478
1237245,42.066024981853694
1155218,27.76383766784246
1171637,37.270770865761534
1042017,72.82711199907685
1194420,401.4951497303638
1460528,304.67599315161567
1397951,127.9184981513605
1468212,17.52688017441259
1072591,17.49068405317858
1337955,92.66362734931711
1290352,126.78058025066518
1299976,97.5580342919926
1140847,246.69345228306
1238821,166.33564520942093
1265338,204.06663104305886
1347317,172.2395482187163
1369188,347.4079198463037
1105641,408.3725026827835
1346889,21.322864704942173
1484137,80.0895745211975
1180684,124.21406478081963
1179550,73.66120152666136
1416214,24.334275874452832
1069061,60.06608293120359
1392324,55.0313881560557
1253157,177.38086818717335
1064627,143.75131931685362
1467330,174.14653201119236
1075123,359.1698611158388
1120109,214.6861481348949
1314299,98.38233970538131
1156261,29.06407715514493
1113630,75.31034276842902
1268813,65.11724652167939
1145397,246.60826713167708
1354889,463.36615100624743
1177527,240.65210720698093
1047685,95.00612816480208
1201059,88.32012073945621
1108123,113.0528213897419
1420379,1347.8413317352322
1327250,335.65801357168067
1308810,855.5211499919084
1017856,22.428644181660584
1303699,18.820203252964927
1361399,30.61598772384488
1297207,23.443076120441205
1108091,58.609878421227585
1044014,23.76079035383479
1366117,273.75581224023017
1175246,715.3543343543536
1190610,318.08474359568845
1367486,14.279240518886445
1466748,60.622612124277545
1294077,51.803828100997436
1383490,83.66355323550992
1131144,54.745865438532114
1418604,84.34272008192005
1093359,287.78859636246676
1109016,524.0817700669846
1287135,483.2120494457169
1163382,21.97050560980224
1335895,54.86717605028515
1339037,32.98182896232091
1049246,41.61241176312615
1239904,29.128059708705788
1329104,58.20966571232087
1273304,50.903973943482995
1363773,258.48792282680097
1247584,160.63049210537525
1311383,444.0953162685324
1415059,369.11336585299847
1330789,326.288638604323
1102131,191.39245933112133
1146418,33.89045488616856
1266488,59.68717812839162
1361294,40.93144724479911
1025857,110.11881527039843
1204032,273.3602228200928
1261246,262.3920397900471
1370363,47.12152214339421
1049932,44.89579263191782
1059349,92.84785101924223
1379685,1525.3239533316225
1406571,176.66492345642064
1317787,1110.427537457576
1269383,61.925465674997994
1095921,68.39593625251973
1473953,43.29055498710583
1036541,58.80858938597005
1042290,134.27351835494753
1012530,128.9281361839683
1279482,35.42173977986805
1183572,63.660399809401994
1050938,49.81791189922164
1480136,229.16989781213684
1183250,378.97879206845084
1440724,264.20513967456844
1238788,26.720318317829943
1240822,20.118539712431115
1198444,111.49914562967604
1099030,154.07050562296527
1414499,256.30634449062717
1238900,53.42012504121205
1022388,123.9374375133946
1441697,112.78397789154079
1376322,147.51805344380762
1278517,74.65441572406962
1464656,43.60431537703114
1010591,246.1360965225277
1224424,258.8180990670588
1053563,112.30789652532823
1473999,1103.493301755928
1391636,568.5715596658086
1058103,419.5667274528577
1398850,73.41016492093476
1019125,118.53161149954633
1359966,107.29041037729193
1205122,482.13755416952256
1435699,536.507985023236
1451338,668.3268307962293
1227037,84.55353177515936
1338040,99.02929113991566
1183385,163.49788353108738
1220112,2932.181409210201
1270286,377.9660362387548
1268774,1681.8477845735972
1461261,73.49619994680315
1015954,67.54769865096407
1460911,50.76654823081726
1425740,63.145282593624344
1094329,85.48707320278423
1198363,97.64228714041357
1494681,48.02098099873331
1461529,155.45912144453146
1027092,53.76190819830096
1011707,462.9480719494756
1338306,448.5168241787517
1287191,448.01318621115985
1141616,28.151514299364585
1318975,26.08583877899858
1280255,25.26296143115058
1068883,112.33189129397944
1169895,167.20948903958123
1299452,179.10185286959438
1441502,87.17164791077259
1109701,105.75334306189738
1201572,58.81294479831712
1397917,173.35910601209582
1459768,378.8316591663076
1112214,586.9882765995292
1384957,35.13619139815011
1073388,34.566644812858115
1410195,30.819331669650797
1323018,153.71832996924493
1393168,335.11063938194536
1464503,269.1850123224983
1448615,30.37621175688568
1189624,91.45763094784805
1015296,105.18091432893853
1257262,333.04277069781523
1390673,304.12837289013663
1393329,282.1033274521429
1082717,425.6134552216948
1271409,371.8579272541808
1149602,134.7088841084213
1380508,29.85012147713428
1084335,89.38757772591248
1157467,50.16463215046265
1311551,178.27581023996535
1219848,317.66519076089975
1046393,296.4227758715687
1020243,60.8880658759343
1215429,67.04212591415774
1343129,64.29831405215452
1434894,1945.43461084613
1248768,199.3447119473176
1353466,1344.1088066279228
1269572,44.285661920372206
1331977,32.67927512895885
1019221,48.74238185159024
1372144,149.1103794794169
1380163,109.09032102851603
1314566,29.04791126808391
1239508,62.76767485095705
1080052,30.171274699766318
1052185,259.59960888744587
1410013,352.5365384421284
1211910,227.7132172968266
1463175,21.304825008336977
1322235,23.842192483610408
1442756,22.323638052916273
1487782,171.2565656341436
1432248,144.9235184028672
1046330,278.5482658628891
1016515,45.76054903853144
1439602,25.30494186074511
1448463,31.534431292741715
1021724,88.92224659890987
1453370,98.04122516555368
1249813,133.506258403183
1429939,26.26444126756167
1326422,65.03001579525296
1086556,40.25539241452768
1236619,275.1462496584343
1210795,382.40324500162404
1252996,156.87713384751015
1495848,132.66829621238196
1316220,136.26946891939113
1164599,19.7621246802071
1022140,57.40818115097641
1159696,47.11045071170498
1474230,147.3557066103756
1101112,221.03968350290518
1069260,192.2000259228831
1332048,66.07265163187091
1369485,98.01161150410576
1444811,92.07201476194138
1143538,795.8124723058188
1087917,229.39678645934342
1499109,412.66090408211966
1347649,17.71568108967336
1138627,31.639516452961423
1260987,193.40965862227452
1302832,191.24414278601012
1399279,89.25466121674175
1036773,91.99856680489867
1081323,112.63965638940451
1339737,155.37515785515484
1251637,67.42591128424947
1225315,90.6801104787595
1387284,119.70659813571301
1229449,18.49169351822183
1165405,20.126809053757377
1259378,28.01024675659494
1241177,29.60575493722196
1295721,36.50485932544651
1391577,19.076551744780563
1053998,22.463398859674825
1407766,204.57685310908133
1078929,80.01681923658393
1233601,124.11046489833534
1435122,1419.6385243896873
1151274,672.6685648122012
1367894,347.07931571879107
1428672,104.19845834557232
1031763,487.2574535854361
1020912,637.6269590803922
1301486,752.3278611707204
1195982,104.25925052042784
1058406,94.97189117445843
1428885,146.58038931811552
1392506,2140.8851712150627
1354722,395.23481677888924
1151119,1935.0391571799616
1456334,96.59548502278402
1000392,90.81861563569014
1076303,118.4930323312387
1217993,162.55881943899396
1427114,138.69807315311516
1232737,70.5676289031436
1447145,111.13353736723721
1030444,509.77679267896116
1215951,438.73781658580003
1485205,212.97483765347005
1272229,41.50255329432476
1157017,42.22413713114459
1411198,122.83345595867034
1021195,133.5760641319139
1484282,211.20439382304548
1120782,166.8001192485155
1145895,182.83588078248573
1233303,93.60784398849927
1400324,188.96601490147455
1253143,375.3444276154138
1162775,400.66632329692936
1426156,43.9261131933717
1389854,33.73411810859576
1184046,40.033552121411596
1110240,227.44038574645774
1418797,306.9791695790236
1153933,319.4479193572275
1130157,159.18159897880562
1477958,110.26712981695647
1179950,441.27126243368065
1434483,460.79210264375337
1110568,199.38001930027713
1259611,1445.0098330682026
1062494,593.97659040571
1238695,442.1964199430597
1356980,44.54777512167872
1175779,146.09778625355463
1058670,112.0064683980041
1332114,543.0553446870963
1043320,618.4107448515174
1340375,902.2870161281699
1249769,79.41360120166185
1494941,116.95275503686487
1133750,188.75321438522158
1120606,3433.995849277357
1022677,459.32828342528785
1187699,2069.3859332571974
1249408,66.44883198766824
1008063,70.20721590474142
1333009,54.99379308069808
1137703,99.23994867300185
1059370,65.70135015126903
1272535,60.28407635741206
1399479,87.22422384137074
1465309,42.79331540906458
1077335,545.4263505900005
1468203,535.4107880566977
1129604,258.99516969647004
1245854,21.278799428893993
1436228,19.132455070736746
1112488,234.6512414535835
1264507,412.2835163619999
1436339,546.8695847142552
1293650,166.11017843278373
1368515,96.59238843124805
1378544,97.04917980633374
1073128,139.3868392434944
1281460,272.23126831617014
1437209,455.80802203835486
1286860,30.552796006453406
1081645,283.1849300864353
1338150,424.01115860250195
1144418,326.3006451761109
1004909,35.212691306692605
1083789,63.24469726275635
1080382,59.09848026143286
1005118,493.40159947088864
1381948,391.02009780961566
1378136,341.235642279125
1278339,725.485448581241
1317396,476.412792643976
1184923,242.34044624027757
1259989,30.07192467771028
1472975,77.47409876454765
1289710,43.94698452198068
1268258,221.80010609016966
1385320,430.2435623229815
1413560,381.68928416559373
1224718,121.99057618634761
1017207,140.08561119997586
1179559,126.61133931946095
1231053,1857.3770977228046
1278358,255.58291781125484
1263612,974.8757703819066
1091196,45.119065875659
1199578,44.99106772399685
1343601,37.8024763439181
1079074,42.069888618822446
1427548,127.15082264147722
1358859,133.35793179052502
1048360,31.89447057143984
1091093,77.66360296026645
1411819,40.476799095646896
1158007,325.9101084912947
1239951,483.11451418977816
1144306,289.2127548425781
1155176,21.687055498127748
1056878,30.06531190349587
1044596,19.122965106602308
1183036,178.6036037676782
1179847,250.704875182977
1390628,282.13879229814506
1323946,45.00707403995344
1142224,39.473489165869516
1255341,123.55680224005268
1143868,67.02355274861269
1212643,201.45224688838195
1278380,29.53066788343055
1276819,55.57908852684726
1226360,446.6036718309621
1213540,451.0563013330312
1261002,211.57435446914567
1436625,309.94592849317786
1455556,278.94386165419206
1436109,86.69809568924867
1182886,51.89243640338875
1153339,93.89456470349748
1462077,50.48399443631186
1400753,137.28534999624927
1193512,239.42324874434777
1064201,245.90941428029234
1292029,79.38601463575559
1197479,91.04796744461834
1154076,118.41677242253776
1429305,1421.6635576618264
1017949,208.0928961057274
1308904,800.1447558491295
1054616,55.316231568602674
1336461,36.008969875868075
1477215,44.41673946711523
1118447,37.07551511056852
1222652,106.73634902485435
1498149,82.11306301482244
1422826,67.82997215122872
1404575,37.554516090150294
1141742,264.02146171969326
1284793,514.1345730145927
1003219,333.6905069463326
1380388,18.068146832767034
1399900,21.430240904660945
1201903,190.78679313381662
1382085,255.0640626592483
1441674,259.412420213825
1262038,36.0386646586228
1010378,25.10411832889225
1487063,48.73280575474499
1443685,54.962099748635325
1244411,124.50818906989068
1369483,29.570169282531083
1490847,63.24037493025426
1490467,38.657132037186585
1044870,410.47545399424314
1289744,471.104909055535
1061949,166.15868453531388
1272171,2287.198491213196
1480899,1392.7384371298658
1354480,594.6103469425022
1057585,102.84619304855399
1195707,256.24073793735295
1407545,176.63432807739548
1007195,661.7971187757342
1264972,893.6088777333314
1210844,1756.7454594539358
1421837,69.16954616602354
1193017,98.60230260354594
1177201,231.02987377914334
1475974,3319.0336374769267
1130779,723.2776263267689
1376448,3559.764862314985
1272128,220.43515393135652
1335607,242.64576939364443
1118117,113.11475267042462
1334810,261.7184268997631
1068682,343.2959538620898
1186849,205.13416292279126
1407222,118.19180835391265
1134658,198.60226589099298
1015386,99.74116473549057
1124283,1007.0876894494548
1014743,816.9506186400702
1347615,389.95934461565304
1392905,56.36590292897127
1128418,54.91982875676175
1305760,47.21334639870195
1083760,464.08675924930554
1186898,640.6733955243034
1449211,633.2911016374667
1324623,232.02954477710043
1302530,206.07593501476302
1218656,192.72462251275917
1039345,224.57607837476974
1402997,441.0493436581748
1422513,645.0138935423024
1208218,90.63126511466827
1275681,93.47924393686881
1472006,84.89166150293104
1186697,778.1929232734232
1154063,856.5156439074648
1224020,705.6199736811336
1152499,77.13672114001574
1103403,172.39593641124895
1353870,129.246615112559
1414869,634.5138420608369
1155592,514.4032483711536
1011328,355.0026299849439
1378346,878.3309571559195
1066271,481.66191577994454
1062630,210.4767632185071
1410177,31.04038887225942
1195022,87.88410683367877
1010516,294.69379807256405
1428344,402.41665511797333
1371092,456.70036538228305
1124696,71.81234910918026
1018683,124.55711294610235
1456057,160.97739401369097
1458824,1593.8015288794873
1181024,208.8015655451393
1041553,1163.0208863361684
1352708,35.099181326799986
1339747,102.41853606806204
1125745,63.02521838053215
1352343,36.18737325041744
1323021,71.0694295820945
1256515,384.32024324234004
1407628,305.6551049070536
1280384,135.46807556715945
1029916,19.620314635739494
1483078,52.235025297461206
1233562,413.50209617133004
1102011,490.5318051275377
1448582,33.7668506481348
1093908,31.60706916924449
1104503,148.77362572756468
1279361,252.47838785968665
1318960,361.8633150491159
1336959,36.29999918597893
1464277,132.60211483856727
1119422,148.15359586082957
1477480,146.2398022322282
1294471,31.30772235277577
1333133,48.25329443146608
1003275,41.82164546485612
1358488,212.41297193235624
1272288,184.63798975714
1290825,164.83627856570274
1148958,1692.4053311507366
1034980,785.2730572566423
1033802,534.8097832390456
1282516,76.80172801656576
1238630,249.13626974255857
1078562,200.41181135210658
1174713,630.7296696099847
1227991,755.2234891138013
1070798,957.880591754314
1014190,80.3681946896421
1270138,95.06196693649818
1116321,190.95847560317978
1141964,4013.624197131402
1203738,488.3502324995163
1065017,2611.0414663967495
1119638,98.39808155464497
1386092,119.86090764637072
1379280,58.32869932257274
1058705,101.82484019480614
1231273,175.70120562622165
1102466,119.30555881666339
1498076,87.7112445606284
1354259,156.60965259817354
1215738,66.49255691116663
1029371,596.7092479221087
1302808,643.4090665314686
1152021,289.83445923274473
1041253,34.37300783776627
1453402,26.974597460527598
1352703,32.833556079044065
1455324,444.5520708730075
1231858,686.590761701156
1169391,631.5935678853493
1035888,129.429888970775
1148287,125.52494400018051
1490962,107.73429474121285
1470794,232.08565862152463
1188351,380.8625221601972
1176669,548.5319358758429
1278543,46.79122226473018
1306674,36.129730043886426
1213251,41.3925089629982
1372237,295.55515944232616
1095215,518.8343147399338
1038564,384.88327874138434
1001293,52.379022597497624
1487809,132.54366232630767
1318005,107.93674149306025
1253835,477.6665871447796
1460261,415.1132658515442
1207469,286.9690999060557
1430955,317.2417492244817
1016415,219.52394503403917
1336482,95.9255304248616
1231323,40.788623757708024
1187485,80.32277493431536
1438137,64.87012125880582
1306041,137.88371907102368
1267399,262.04228468249937
1339529,199.6907235480527
1408796,66.14125067136673
1427990,81.69228195739018
1109333,94.24873154713086
1100420,1255.9951830453708
1248988,176.22796921702795
1499126,757.0707776765528
1366645,50.55041725872463
1262160,32.54465994294784
1290336,39.76883503777305
1381275,33.077635659847175
1029370,92.5030183040533
1037784,70.76660891156826
1457076,25.392654308892276
1445194,65.55223440560485
1047893,33.80786876056383
1058888,242.9627166250856
1003516,478.111941561423
1156713,264.20448490851453
1147947,16.189372193920654
1480821,138.42926790937824
1197539,207.30426942766172
1463014,227.1372818666026
1397866,21.545445534448323
1337888,52.78409738588465
1032931,30.931527227177117
1219365,57.393284226164624
1225994,46.311159254126935
1175233,31.284663651059226
1245636,303.8221693861671
1160971,352.5344334193942
1096404,156.3396619139697
1265382,273.4069435566746
1233753,197.5293115965111
1066835,46.552846652573145
1333990,24.628128241517054
1086255,69.9414320317789
1429267,49.74723975775234
1478932,83.67003516752965
1402825,224.21022636372234
1072917,165.28696319579225
1336858,64.54082556078004
1149362,66.61998364364142
1004201,85.65657702375843
1117180,987.4866683528497
1109936,101.52777879795858
1444093,492.2610491193944
1361255,30.223808730586477
1471104,68.53187324310043
1129361,45.07226603150516
1081277,39.63610634241441
1473506,28.418135651566264
1182900,154.36087160406572
1132187,338.7575977794907
1370849,201.34676007514767
1087631,16.32633802523616
1163909,16.992109155987666
1204772,95.21461097448919
1051517,135.25245542439978
1470903,149.04312028152907
1385567,26.09014381172645
1094602,22.303790055147978
1457111,41.89790734769735
1271078,24.48745050288273
1175823,46.404073440394605
1107484,206.11405315832891
1033330,241.3177023999163
1036900,107.09681093677621
1265395,437.52082319229214
1115685,330.5784692971342
1247176,184.90438493370837
1247660,57.79829076951342
1076364,132.63658929191047
1095494,110.45327469785468
1113809,138.3088788868805
1419650,425.26197875301085
1333805,347.2635697204321
1206710,54.25144368454174
1022502,41.768582598768056
1291979,53.01007281394819
1317168,1569.608423390698
1078618,291.0118327310604
1450557,1509.6699792499726
1011877,90.92966008278991
1239868,96.47225635747914
1144362,67.32511796364305
1386947,125.45471355815434
1058015,257.69508750172537
1376229,262.3595361199713
1448172,66.97430560442469
1254766,155.7978533613219
1419727,72.35661896214381
1083350,424.9216036339907
1101167,574.4679365486704
1374924,274.9607088798195
1252536,43.80601153360242
1491332,33.832613181429274
1115069,38.83086717760319
1252042,116.03875326460944
1437847,202.9728284161717
1349037,230.74114123055986
1146776,44.63601485665448
1129044,36.849979709140854
1326556,37.071421385329174
1395845,206.14641817400266
1198342,234.85043816094083
1021990,330.46160729768906
1013880,69.00098175997475
1446348,183.6179315992148
1292973,154.1710903330445
1312218,494.8335555602056
1019977,465.2131297824636
1478596,147.52009176873167
1090267,71.58793385087768
1073679,85.16739710876291
1400541,46.10898791682452
1402219,24.685468570354743
1140444,53.04848707977109
1439582,27.15047130591627
1383383,115.81797121246682
1152503,278.3466508458502
1308270,105.81700564427285
1057569,88.82865469142361
1405278,99.39098867893595
1308475,116.08604384726316
1302806,1073.5167647371977
1149327,142.0841165549739
1458592,384.2492407232449
1250578,49.7918731517462
1127512,19.252311852685413
1448129,36.221263343508355
1195583,104.58333060732996
1367936,307.8755804965424
1464628,143.4246668644915
1358064,109.04921834391305
1228578,121.84523635537225
1377631,115.09648030449002
1012556,16.582721983015055
1260468,24.68498002266151
1103936,31.078539234519262
1118263,24.96938275958645
1475103,292.4034708831154
1181549,331.26168051091804
1025123,154.13120184156094
1087645,253.33113199899677
1241826,181.2656334135192
1334372,50.303694869762225
1047720,75.89933225758347
1055325,59.69663233261439
1447963,111.17693854865256
1241704,228.5764066208954
1345238,170.21100559867915
1151767,51.235615168915814
1401894,63.51396375973677
1215801,57.382431371695546
1278451,724.3807821973746
1141648,103.38115037586152
1354607,264.7407575100907
1484480,33.63644783453201
1059653,22.44203531496879
1001642,41.84103653899154
1053728,23.658721568785452
1452906,80.56675815280924
1221849,185.45779419132387
1145823,60.33515747863899
1004738,57.96675830519526
1016959,83.74070564072649
1366403,73.80270390194053
1203040,16.715402597263513
1309434,17.38596335250216
1053095,25.153501700754763
1310215,43.3775256346449
1048023,23.83347293382143
1457241,35.272222086842035
1099744,31.256788809118675
1478797,160.94506427064653
1193167,161.43686712181676
1473418,83.38591968138694
1275478,937.7862959160528
1039279,460.0951061720665
1318303,350.82773375940906
1427008,27.415843508852387
1022602,95.92697568274528
1450331,359.0656367132965
1338401,449.64392754801577
1455095,734.8470464426164
1131015,130.96442993247535
1155753,123.55468899193352
1197521,221.2712604398338
1054831,1726.3995643668356
1491428,319.9723431986659
1082621,1733.6263601351607
1308127,53.886495882347255
1361172,46.825230045918154
1104604,40.20344264106667
1305125,34.54276981252467
1263934,55.53410419930113
1158859,48.00547695526714
1004511,86.02580757313689
1221347,40.412837236166084
1334054,433.1538505473412
1411737,352.52973577851833
1482143,134.0159251971508
1228789,22.24367694791722
1050306,20.994468106690714
1401916,189.93623502890182
1441346,247.3644688606688
1445719,260.7229545990704
1235133,129.24045754321432
1249510,99.4363819036603
1478651,97.71353193701825
1300102,245.41149350767677
1107407,291.4483579847168
1372954,465.7713322121931
1045292,35.81825431283613
1481458,31.739444976888258
1155654,29.379248831851527
1097352,137.53678368285713
1248066,190.46799026243218
1224671,138.64187540466276
1377389,30.490168604035006
1388621,49.27599024503511
1284250,36.860988815440436
1453398,303.31380750010584
1084227,229.22204472126634
1290361,205.14805544625204
1373220,638.9547413330107
1433003,423.4716769951153
1372767,147.05055557058742
1287686,22.057839576130405
1028205,89.41792560205812
1052382,65.53707614930262
1282473,256.85346899436735
1377962,304.85610089825764
1499594,274.8849982454374
1078682,108.28098895233954
1026597,156.52181827407406
1448378,202.9966984163581
1348608,1135.7012739393417
1380883,307.53602496834935
1058252,1009.7611392281091
1146079,20.79687749905814
1008284,20.04762288153684
1160822,16.33344060518427
1264778,27.381880019460823
1092978,22.872468419198498
1402934,41.339374190270085
1132690,22.262591518569575
1002344,291.45702097642453
1497180,480.08864092299393
1486344,271.44251539242424
1136665,15.043347884490828
1138281,103.22709528734823
1392733,108.79344061332455
1378391,27.395251646526614
1161473,20.50924553391591
1147410,31.976565693336454
1399769,229.81328159050565
1385630,247.92014898076505
1201050,382.87061027034633
1313140,20.40648060247708
1354197,16.262921597633216
1393791,34.546444339341896
1488767,51.10041350712164
1038860,46.76419413475636
1095582,21.14748056195056
1408529,32.03511836232098
1092603,23.0091024809289
1017195,382.58201339775513
1280096,284.670431531638
1358278,338.41329990690497
1441493,304.8509343953657
1197751,215.93987952097788
1069003,75.65872609205671
1318108,36.168453641440856
1224735,77.00091524470704
1375272,62.60184723102918
1130751,101.1249003976695
1407705,232.0187992280449
1319965,180.67142661122284
1129316,56.02088095265067
1312521,58.19094109169193
1377111,45.019216916016745
1448820,1505.0508401493792
1299718,203.43358779638586
1142258,851.5034527303975
1274801,53.77080877415399
1261414,53.46009376814911
1441579,36.0507420175869
1485381,56.83081412476381
1078971,106.47179422862469
1311286,145.53859484332517
1130121,42.038009834368005
1108999,74.86649692305087
1072044,43.44367292255813
1351452,256.477773519561
1149836,440.9552863033874
1327461,247.44915967321583
1407103,23.358066286680035
1004415,22.832192257279132
1063060,82.23843506614274
1409048,134.06550192329283
1088324,185.45726849044812
1436928,34.06457916237804
1469962,32.7210714069949
1322938,108.91819990542365
1463652,76.3901508710006
1403044,133.79346738219803
1308022,39.3641656094805
1336250,67.6833078062076
1475924,54.177157074972875
1399620,362.9233262798252
1470691,409.7581365848063
1062043,75.43597244355215
1320351,635.2649586835726
1321385,508.33470273658065
1076145,206.78669724400066
1067868,28.45894457355538
1246710,77.53209295807284
1478428,54.548131831394066
1300491,188.6699242176413
1117583,378.55737075927027
1045436,420.4599116909005
1046296,96.49071905074803
1003774,100.66405221034005
1193733,145.28316892185006
1071433,2394.4964434346684
1150635,235.96574514254257
1153606,1395.2791908833733
1463595,88.35827316118272
1121534,64.8435572296171
1338458,54.20402964056843
1021248,149.89548185989142
1456547,166.99696863745157
1266338,37.504332939840694
1089876,78.68117739105732
1444468,35.67166006272599
1492727,374.02693139362566
1175015,486.40602669360294
1030093,327.3447980936406
1084128,21.710827668580485
1455454,24.936975187724848
1163122,197.50031236134308
1493963,211.42075941551596
1325195,354.05733099059967
1006757,66.91497636474318
1173623,40.93404873045419
1189411,44.17493680242274
1419046,133.568660478453
1391368,97.21896564881177
1078393,158.88010713144786
1362930,51.09023265600633
1148432,29.899457971504162
1157952,412.39021913424176
1421823,439.96046564151595
1488675,231.8260033662303
1391279,191.22637797483264
1123390,134.8847838975868
1158789,36.99862413919236
1012009,22.725877716660953
1206547,56.04993647932485
1273403,78.51149582565992
1419767,195.97670357419526
1214712,158.0070074439696
1277314,84.64469742940317
1150833,61.98214531062187
1376099,63.56727105775751
1136598,1107.1570536988909
1313669,85.66447983886819
1438471,434.2423763946164
1278279,20.947853014602
1417791,25.541226174752303
1321591,54.77787278019872
1108806,42.69467310541689
1019410,22.42295565354959
1313151,22.809067618677528
1303625,120.27762088440234
1317487,232.64857867421009
1016408,122.76587409728725
1027573,16.63001552274333
1003495,16.093551938220134
1377489,88.43579174156184
1045441,121.7303647835303
1298833,143.99543978166267
1376616,17.443829409231565
1309094,16.660667389669793
1252943,30.081111910205756
1301397,21.82441023367911
1489870,20.045042459194587
1260253,20.633653540673134
1163508,25.819700326049603
1267023,20.6541036927898
1271281,203.28811404234656
1416108,167.74966335607894
1053239,68.7594955009147
1390157,1455.2427327458488
1348210,777.6615149895345
1462354,584.2943638895026
1387628,124.30765271834153
1178750,81.37447033906601
1180221,369.3172114286668
1061083,401.86755640675835
1417395,661.0071209705046
1257964,59.257512920963535
1041421,49.001556151558816
1225370,100.13901854491675
1318708,2063.2161059529835
1298752,347.97923374328826
1006972,2035.808749106666
1445613,104.31230324120098
1032032,98.53140159979301
1170276,141.3935658275253
1261997,170.9863169564777
1279926,144.24265799202342
1320313,60.388727499697374
1069609,97.43790491285587
1188923,464.32284026369666
1277137,428.5165675741189
1321083,232.41652158165365
1299500,33.20019584057843
1404104,31.22362279610288
1431655,24.229397010835488
1166438,194.4465443334541
1294970,218.0862728299113
1087179,218.04319402048026
1488501,85.95182907869727
1245834,67.50062139537339
1415414,44.14687689904163
1138532,125.03798134076816
1423702,226.88329942754478
1263294,423.0306973133519
1250143,50.43133412430525
1119650,33.4145723359303
1278069,42.100158963800716
1199102,229.50353375636013
1433450,459.9922079233269
1360725,439.0484048756819
1057764,51.92516575874079
1402432,72.3772698795525
1107519,59.31310627168964
1478678,367.33154602782247
1359424,317.58893645467936
1319711,188.14915046812465
1350440,978.2229483309029
1121390,520.3142491211347
1092107,278.73815103067426
1207162,56.043039642456165
1336861,90.01170182604895
1458020,74.91401177580833
1261440,457.5385705893439
1440417,519.2015761059745
1369957,814.8138761838744
1027398,182.7825169236209
1390864,149.61591382780236
1293914,238.94146671429317
1230230,1873.9299968849543
1341098,358.41958140951715
1178578,2429.5178481375947
1141469,56.138129623829634
1468396,48.022246133729645
1254335,47.378294197998976
1225773,44.249557053937224
1252882,37.83956161923761
1100845,26.39577472429829
1306213,66.9279044023354
1482036,34.54808607432615
1200300,477.1079184493774
1374065,363.6654256165965
1271122,139.39640911330454
1305187,20.700981875253877
1090327,19.73347404718213
1246152,134.4665533761646
1001624,66.52004369446679
1480765,83.96454399118213
1066825,83.627432758722
1015288,65.94402823432824
1081486,54.83050415896123
1371099,199.28933679346395
1487942,284.5542144727645
1013085,370.13861646750826
1325274,30.269867949706608
1055267,25.471393985527158
1416809,94.76250291111592
1186368,306.15709682770245
1266540,185.04635613005937
1422131,27.43599768355099
1363863,52.00487364655892
1495820,38.58153967843082
1222905,313.7975596534823
1009810,291.89242476108035
1071035,245.7205855853119
1406416,724.3225925865846
1444150,528.3020617560675
1494124,298.6774339478444
1168659,57.482440034536424
1286139,94.21476566296666
1231162,46.53327844148367
1221143,161.2016520327848
1176218,350.18343082651523
1059042,407.3019997575314
1389884,104.57961838316942
1049469,103.30985691063681
1242586,144.31195057083738
1015970,1348.7529305166292
1064484,221.16831832179562
1038111,1057.4857982898116
1285831,82.86635383136738
1364225,79.77225788774179
1129487,51.551869577865936
1464242,79.79812471876899
1084752,197.6098222802833
1473103,160.64469603029553
1453188,34.78803011874848
1261427,86.70439590353665
1061284,40.305491742017196
1102764,368.539231276516
1294005,492.1707982877895
1225617,332.5501960865767
1307102,26.08936566746829
1310837,22.902785512506536
1467768,137.1558803159184
1365592,222.35450390958064
1455529,307.0900313654326
1059264,60.663462082907735
1187206,41.439235830904416
1369804,38.60740242462738
1020464,124.07936339171587
1151202,77.59781864563256
1044974,142.20449497874037
1019963,71.15457388421669
1286451,56.48339034504259
1196193,358.07476438427096
1403823,397.96590409794214
1141787,151.3163645095511
1140787,236.63170895864744
1386731,213.6232934706098
1185269,64.13632670778459
1070733,24.608393694224322
1358238,73.27327098646121
1374634,48.4431030904064
1231736,111.28307623289218
1484430,211.5261702476172
1132084,206.928945729893
1102829,95.89281519491765
1074575,87.56472924797185
1213359,125.4038442940896
1076907,1008.3669014163007
1112824,147.11922389500205
1145862,471.93280892738346
1062790,37.26080124302776
1459860,37.1176665884862
1487956,23.55613840784238
1397812,53.35265505733314
1062078,190.9604962682482
1137097,356.52794138656935
1235291,195.89318408992366
1158661,107.54453540006558
1003459,190.12363407181687
1009290,186.79724472479046
1365045,24.116361457252054
1280225,20.618584364956014
1088169,18.968475467545094
1444995,39.1678431219014
1056805,27.23657648827195
1300033,44.74044964908643
1140262,23.77796857513586
1119152,36.10403410949874
1044920,289.1701772378404
1212779,353.51682180935927
1093377,157.41749313703747
1217360,50.362843760838764
1003099,48.94903052483241
1219726,23.23420838380451
1406018,28.941935440417367
1094927,31.492731348323936
1479236,73.88570230423534
1080862,79.82758493107957
1281752,53.383203129550715
1089147,73.466531559298
1341774,96.13515096851908
1474431,624.867130529599
1130649,64.27632592068653
1217371,174.40618060992105
1137736,22.43296658000433
1027368,55.21137399625207
1172089,243.75745150413516
1398163,92.8996325230805
1260541,116.52662704842349
1038509,156.84544200073614
1003218,163.93922324253435
1345723,22.69056129432894
1026349,18.100110676248164
1446915,13.470688385747348
1059984,168.6993893558948
1030243,81.60972100801571
1352929,133.60603859133187
1203405,699.6615854971518
1362484,362.8205112493348
1188982,233.6111063891827
1305994,32.39006869054656
1267654,103.48888071735013
1127538,82.48114673811304
1366788,220.2116904833783
1340261,291.5985969251504
1278100,458.3226570243481
1002461,45.03178430792338
1284086,52.579922005520686
1362854,65.80447910622586
1248475,1359.672201808397
1026803,157.0479179522938
1014169,877.3305272078765
1040562,50.312809616597214
1264727,52.654636312777974
1047128,33.95575957721237
1091740,50.50637720964328
1018252,105.36095153782608
1239853,53.50667629672643
1246091,36.36431579854786
1052692,49.77062267444859
1366131,37.66365642154479
1193051,247.5397098194265
1185489,282.7930120197492
1009193,107.88340942696598
1457172,22.410277934814758
1032783,21.83389511026062
1096378,19.087385381787424
1083483,96.70101635454876
1377335,187.91747552294083
1233397,235.64446997419606
1263028,89.56030975648447
1002286,48.34116422252986
1177408,60.18516022929966
1009321,100.85356661496846
1327372,169.5482130345332
1444981,288.3627047530865
1447555,27.772624416349387
1347087,129.82055762729217
1433295,174.18409568884718
1227977,127.81312572343873
1428803,29.66023669481909
1069118,45.97215474619829
1280515,39.261085251509606
1275321,168.6291399081107
1320888,134.65871468050472
1211469,126.04051355094361
1043759,426.70438339254946
1274476,259.8573607010813
1015306,124.20031061439632
1226202,28.702001262065494
1269436,44.34681662927637
1392516,41.320670729949526
1175181,79.1690300641587
1394002,198.1389586833085
1100145,224.23115311419602
1405173,40.28420324681007
1431128,60.26309898695076
1168290,1305.9999411920262
1097457,190.08157726129497
1251813,698.2758774677473
1290508,84.213488370415
1250530,89.6147504373485
1065521,63.663931578610416
1028235,56.62593958073646
1120159,131.61764290037792
1201924,140.85063122498968
1387218,35.51987162884956
1385976,50.10447204145531
1492576,33.91926869996513
1457102,304.51011067156014
1225246,377.6765375691215
1137692,245.65714106952896
1097664,18.77179859321124
1423762,17.475001254678407
1486936,91.66917061452716
1036363,137.5435636818315
1089895,214.44079517652375
1073741,41.66870223298839
1264314,23.222540728717487
1330214,34.044668900418124
1494999,112.29594790879608
1344550,92.54463882703494
1124700,171.21501159333212
1242539,27.629552992460567
1084372,45.82963690754864
1008109,30.46362199183479
1020796,277.2182347081141
1248932,212.93391003047714
1259305,86.84210534705517
1339799,1985.268514222305
1265496,1045.1097497141227
1210302,753.5721154339268
1345540,53.34201297138973
1396943,194.78055630514896
1229906,151.8799679606845
1309747,563.6289469944726
1150824,677.4701582303691
1105714,897.9417540735998
1464884,74.47122005208391
1050711,92.31627506585329
1126149,189.9591589652081
1406813,4407.31653643259
1276366,442.3318825149331
1065859,2734.4859347314273
1047034,105.98072515929202
1322050,84.30601364389705
1218824,50.97214030249546
1125271,74.5244603506919
1146788,186.22242735213064
1290290,140.80781843284416
1312333,181.20005910361803
1290649,61.69004910504982
1445173,580.0852349723046
1162336,589.9939806426925
1428418,235.0933177080521
1178671,30.977109949755334
1165681,28.834188829044013
1322633,29.41970655678451
1022676,445.8728309841683
1182203,603.8862931382604
1477854,558.6999668322302
1078258,144.29306659791362
1459447,139.09158184600182
1414710,108.10859690032913
1163586,177.12518126691725
1354271,280.9451148416875
1435587,521.9881181690137
1235730,43.77444587108948
1430653,29.922754120423075
1356816,266.8136348131852
1249459,649.9048052607083
1383696,442.03209211843466
1473273,42.777528466362945
1156239,98.62740592812945
1080833,89.3834773520055
1357643,402.21133452398175
1066858,336.0526613346353
1136298,297.5283278094858
1204001,89.18335151204396
1268214,92.90891989641376
1432435,37.12777015425156
1087869,21.96683805927691
1294285,79.97849818553955
1447542,71.93042957073473
1219752,99.5910422824805
1463585,211.74843527726676
1399354,98.6851362870201
1083258,62.76553116821929
1348027,63.358004914894465
1073296,793.1104986566303
1218259,150.18197237644384
1055166,469.3207148020422
1048344,13.46300979614463
1279293,15.679113552790291
1429858,22.108234750294454
1377616,23.60497715864859
1077316,70.67759990491278
1020593,24.90258088032012
1374566,96.23626225748623
1174458,626.3367282159638
1292317,292.39728362904134
1109552,117.77357214401583
1020570,119.71641838194152
1131507,115.62566410820656
1364412,16.074722706039598
1095570,18.11784500156318
1349089,23.05685681267496
1099027,25.288806333207667
1483921,68.20477195300744
1356018,49.112336112795866
1425677,488.0992716822785
1234948,523.7614174806257
1228845,179.89895645921055
1312925,814.3555165850569
1409045,517.4424202410213
1407711,320.05879247882564
1384843,34.46036040591919
1404814,82.0473224560185
1152733,57.32723784449045
1307351,413.92545941917314
1338165,424.4832526895779
1489624,592.2216227205947
1125254,87.43409886718806
1038042,79.45082804786486
1420115,142.88522965469767
1349422,2189.1201878501747
1284712,231.96720202875946
1210696,979.7316987636862
1412353,38.57141429599493
1392645,36.74544452838184
1384949,117.65383431117883
1188626,110.40179950880255
1066079,33.83478044719485
1162285,67.0602449116747
1492538,33.95361993263898
1402415,359.9529587465936
1019929,388.68603173344206
1459986,195.27772582391768
1451930,19.569525724521597
1221659,300.5246471614125
1070154,401.4879220632148
1222153,259.67777166229223
1217690,49.91870720582572
1207164,46.472232089876215
1196535,131.28920822806722
1271370,203.10232684196166
1362696,419.4661835613421
1115930,35.345608408969134
1081422,24.315411572641228
1178109,138.91952693910906
1381479,116.72283490189017
1262482,125.78970008892088
1406669,24.688043200107575
1066635,43.064020815367556
1393223,28.998729635094243
1203426,335.306918613595
1422405,297.77283547612643
1491431,257.62815251307296
1499374,931.3371544007707
1388656,454.67141247374866
1367962,257.49304301432056
1126025,34.338188291970845
1222999,83.444816701065
1334149,61.087015670872965
1372970,306.3894270772116
1051921,391.5274580137512
1118718,600.3222366655208
1019197,46.42635608836219
1163736,48.218773036368496
1490537,126.12610117016973
1421037,1528.6298048983165
1369165,224.3357537164314
1479853,1114.3299084688192
1347737,105.89643698197598
1224591,112.76856499177842
1401547,69.63550460467522
1003132,188.59820914797243
1067886,187.771470518672
1021448,45.68931183677427
1146229,53.22237625494494
1150462,40.33060687503167
1164569,435.42977570305226
1381797,387.58918906439413
1165069,223.53787657948484
1314459,22.64279254823217
1120011,28.910585896752803
1252492,118.60459948550869
1497593,252.6556482719086
1256423,268.87885924482515
1498061,104.81038442297078
1468554,125.86977391490943
1394553,65.57022754409392
1038405,128.65104359443643
1092384,239.00864260548667
1214548,374.0586225888702
1316602,50.30747185620592
1149305,33.49932683178729
1376882,47.431955205383474
1402905,264.5707268951822
1265562,303.6035716225258
1471607,253.10326070190817
1207514,29.49818341606316
1233077,51.211015801501155
1099116,43.09147632026109
1312179,304.53546880693045
1335106,230.6319914602561
1473304,180.97066048955676
1135009,64.79737220558857
1317384,66.22547891435916
1371779,31.922176212002782
1240938,36.59915689791125
1220537,104.36652456599383
1268409,52.87752394719134
1090433,66.22352520006831
1430511,98.76388052756167
1466400,75.14012306787625
1255779,691.2040673095347
1359285,125.1748111762701
1497401,207.69970858977845
1158034,23.00585877646125
1175348,18.836757355722707
1398779,37.4292584557906
1416593,57.51422345561504
1117008,881.1797551044614
1422410,386.1126698156544
1438434,136.79220459241728
1289002,141.4077705370579
1304131,131.01734547885562
1039804,16.664704263148963
1401112,16.752693003064
1076970,26.189094492352435
1497233,58.04841881355529
1095800,32.6808012213473
1141220,324.5489908517042
1216862,358.2526460845789
1291354,171.8140473822682
1318829,501.2665792628959
1105567,352.0194950341489
1024334,200.1619975930803
1082784,56.01993580206144
1221554,151.32818387114722
1250142,158.6528328562087
1484156,190.31032932408357
1370080,474.71901973716746
1401067,416.039206359685
1499403,76.25550070763913
1319124,81.45575677465287
1294205,2090.060301459622
1428427,281.437120824298
1034494,1356.109811053586
1012741,92.268152449743
1222552,83.93324960160251
1176172,66.43366863617229
1180274,224.69572503501198
1006679,199.35108271024814
1321317,69.28084643456128
1330192,142.17296247566705
1345103,77.18730666892517
1192637,366.3620755132023
1014260,445.5614379123273
1349532,222.45506509490818
1042609,30.94284768020667
1336011,27.86050908942938
1336430,30.349587164839217
1006871,127.32274404653435
1247718,269.75609775814104
1329337,312.70791046072344
1471915,59.73250602909825
1412206,37.629407724971585
1206173,37.51724299593562
1342026,163.65732096401052
1220665,158.3016852535468
1442420,298.96717892215185
1005888,54.51790404399236
1431479,116.58624956367929
1412678,99.91796523636762
1451172,458.0776700302843
1209243,417.1624737233013
1118231,150.1081707027288
1436925,302.2052285915867
1177213,256.3514083919471
1393892,60.85099259662866
1293688,18.51834985645048
1430451,52.71525946362564
1257915,44.43023862831475
1260361,149.99752689929753
1350360,375.06880614473914
1250071,280.3919160478839
1005203,102.5565838888532
1002038,134.99483075589333
1495941,146.44408995481825
1129879,1223.8905511578341
1480310,188.58178695375108
1411866,353.7556990803817
1476353,20.112230545739283
1308065,43.490289183497154
1036112,60.077563173449036
1470282,23.787956767867342
1202024,49.449929522414074
1083569,189.79823057188125
1469153,265.26987978687254
1449624,127.2946229511185
1198904,96.33973318659446
1159627,183.4576858870425
1452753,127.28696986969695
1413299,20.391188860980296
1007084,18.68931678617126
1231412,37.14392053777119
1378037,38.874551464484874
1297445,50.32142095310793
1438160,29.284244703981397
1483101,21.38038331898169
1480060,282.38225959599976
1016113,394.6681093866034
1162379,142.27037657436662
1091288,1561.2164079429547
1372964,775.2852132982713
1066331,273.13779846406453
1005212,47.7090883257782
1394276,92.3717965660469
1293724,78.4658351647873
1265135,456.2817957618206
1202745,526.8058896702005
1475054,856.1915859121758
1396314,97.23868698114956
1367644,106.83162375540705
1201373,180.62074220501898
1190458,3111.410580842808
1032122,324.2220683015281
1076725,1383.363855553781
1064096,71.91544803530186
1163018,55.85687788677665
1375223,71.24004996049987
1301717,80.2440067638242
1428980,58.19842060509613
1100342,46.12795685948663
1343359,76.04845896723843
1423280,498.4151097165535
1169225,420.96874921858335
1465986,178.8024922081066
1270442,23.244043388337072
1265514,22.13504436431539
1177336,21.828465845812577
1429672,93.73517076531652
1257683,117.80074551137177
1045236,288.27669626085884
1427198,311.2782379839184
1363750,203.58481559958878
1354562,193.40353746527995
1361686,420.3842811296164
1403738,432.4330741757208
1223276,38.90157662117817
1346354,29.214091448485227
1090120,25.654937207302073
1131741,184.30857977580308
1170391,273.0056163981899
1396714,180.43538326348687
1476267,36.08136004855887
1239629,63.69701501199209
1209622,61.597945111380284
1045618,365.8734658039775
1095815,285.2571893693584
1091233,183.9492645159082
1398418,462.28033420187535
1179336,210.7047303899227
1358912,52.2203779780515
1079072,25.509909808512152
1117169,58.614950362500466
1368745,58.670904328381646
1303163,102.59606977979958
1049813,329.4184874483228
1188565,198.22273415730726
1457380,67.87629564594796
1218111,80.49120201015789
1102916,94.70865774843804
1097127,870.1731475748189
1165065,185.16849681953994
1120074,499.3000975824488
1028018,60.43814541007852
1074971,47.78476101062383
1257808,41.53039830946201
1214676,91.40062522695953
1433675,100.38779698947869
1175443,28.350550756792252
1175194,74.09927920905822
1099840,34.68539893161676
1466306,179.0016890518451
1440825,453.5517962734593
1486783,301.836431257633
1322331,18.681109578280175
1036614,164.60665399183105
1069991,214.3541172876996
1198552,33.15403220992822
1033486,22.608427168800556
1161969,20.300030187739353
1181346,50.25078750889762
1019871,37.154428438980894
1370409,49.294553880077245
1090001,25.530462442312924
1395107,44.15583316791567
1329672,277.7816870473055
1493176,272.94323162170474
1010051,140.15090177054168
1194947,568.6060046046935
1195282,354.4003891423987
1393742,185.70911624906756
1490790,21.475037712776714
1296401,48.358035538581724
1143282,28.407020208904832
1257007,118.96170684368354
1198928,240.25663909218474
1415350,285.37894591535195
1034989,108.48952905133531
1470064,85.17157521852205
1485813,119.7686345400744
1216593,1750.3146153618063
1090739,159.7209671672806
1331772,813.9464368460907
1467724,47.65470647058757
1319892,30.423416412974188
1296548,105.04181416953398
1057687,77.73149792071547
1006400,56.65819405015689
1202321,29.562363374448747
1232693,292.89779137774
1088390,426.1663594368425
1047164,314.5592378593762
1414441,20.920069903062156
1464530,17.348698242855434
1158989,126.08886739547974
1218556,152.24087394919766
1063924,208.2367376485777
1386823,39.73843567018637
1428090,26.353439055929435
1080853,102.56985082242441
1296610,48.307449840252026
1425926,85.88174568698334
1057655,24.237398957213806
1260202,37.45847324505407
1211375,26.043225198299105
1357283,337.21509524199666
1317270,353.20000165194915
1158796,157.58866033169522
1441531,395.35404664738496
1376392,233.0764595893128
1402391,73.0335635763529
1241852,24.446098619973448
1105602,52.489021095848635
1237714,40.64431189102946
1470264,157.51068554005332
1372047,389.9835939808829
1364017,229.68977971954197
1427606,103.64314275476242
1149679,93.79971435008576
1434019,80.318255626511
1463479,955.6307284059735
1160547,135.553590558158
1476899,524.5342769946312
1062579,26.087012435772404
1167403,64.23767345422361
1000831,50.505335693238905
1405691,53.264645281036614
1051395,29.06855229692285
1110076,158.37308087298973
1221115,245.16989701521726
1146209,125.31947512442797
1400354,20.874522737173614
1270581,66.48715861935648
1013331,113.10126196697206
1455897,80.71016615213347
1053982,28.337585998477394
1273228,73.78918257588104
1449458,56.30989150511886
1364328,119.0865453557556
1058319,25.217253212158624
1080543,39.96246011040727
1185785,309.6486115288538
1241404,316.7101972195127
1444450,80.94332544403838
1248805,588.1405926122416
1287664,372.4814311403437
1425745,171.6591854675849
1295803,29.878814508626935
1188988,58.64893658041866
1218721,43.98792762213834
1110021,132.05407277767586
1403828,249.17472015953797
1453489,285.6453897224914
1356071,64.76682399256858
1462466,77.34418824522484
1184862,69.4248256403199
1242154,1251.2052159825032
1064732,145.77646075382214
1359636,801.0530950235664
1273778,43.96321297534645
1034465,37.45409905149695
1047182,33.16442655844488
1279658,28.14167005265751
1068315,92.94393756885442
1002703,82.82436150649548
1192767,26.791256666363644
1153423,53.99187800621488
1104076,183.9196881048116
1372175,261.48955153725774
1484666,158.95795373285074
1074808,19.482252418109283
1499791,77.59782235776136
1012199,93.89450786719141
1371072,139.1964519974738
1337833,28.44487464421095
1499597,20.358834889570492
1152640,25.63390055915417
1152832,67.40629579979999
1248367,55.759019519221575
1311195,119.97751878352041
1003603,25.76952836426923
1491649,40.42762498224351
1275758,25.981281457260145
1145855,227.50520546947197
1128983,203.42071292981746
1358834,105.11690028519686
1050090,558.814732634911
1258870,385.91182155002895
1498242,216.63185144689746
1265747,26.68735661916781
1320063,82.26657928427264
1440934,77.90813388103197
1375670,226.28245284713984
1468147,276.72596561873684
1335661,382.0860887989764
1203802,105.72174068451432
1287827,131.81151822596254
1151671,186.35030829108445
1198647,819.7812790206476
1321983,165.23483430261405
1416169,761.1779884811998
1097142,34.80256283447721
1475252,25.449560371341008
1047283,263.58663546097796
1469473,222.25578420869184
1017174,85.05823444240583
1142069,17.2018319954748
1411642,16.27148524280436
1055911,88.76869803157547
1005047,205.8652984573298
1215030,45.595040239153334
1165272,35.699460969643276
1238585,51.54749010659301
1214927,76.90741314767368
1344687,136.786784961491
1288267,170.49361761645733
1013447,32.11100412882021
1472670,19.840938725574876
1079013,62.900013630203205
1238444,82.53905786093581
1107036,51.376831935607186
1478036,33.26845561691598
1003011,25.05340066647269
1165858,152.02758581076344
1142725,130.5267477756107
1438722,159.8674693441579
1348564,534.8065968978605
1082397,316.25631285127986
1170464,194.7432574471926
1279071,25.088784716518504
1454242,60.09914948609784
1374880,41.26918778435585
1160529,186.93287664414203
1282205,307.0140962153159
1282979,396.51084903104095
1445857,80.68729661301523
1300957,79.89209763238377
1145685,106.84527861659578
1313316,1190.4696371841655
1107810,187.53051684463853
1027173,638.2725648459343
1364840,40.46327444617807
1399020,58.87179667649885
1192491,61.243500488828545
1326790,43.70854165464514
1188764,32.172723392415456
1406673,44.59896291583698
1294357,210.44824853557014
1228266,178.10567942431405
1488677,106.88660128750769
1424179,17.338072124354845
1429867,19.982163752182412
1083778,147.85436674063226
1412339,201.12464277215182
1309019,209.73975054514864
1429369,41.495767592172456
1023764,36.79879493278909
1235639,99.63488789883782
1161715,160.0624514129416
1034811,277.24321837883235
1297084,23.057842584108773
1263867,28.202378601859163
1207706,132.41920548270886
1495277,136.48743437769858
1274689,101.59337827589805
1473386,23.683006993349355
1396008,40.37428377907172
1352957,36.46599271789975
1175539,218.86629433292714
1208032,135.42776606177125
1139998,85.4205208754834
1345370,521.0812912156812
1468915,309.2115694381563
1412517,163.40123393848873
1235360,37.03076207176272
1115937,113.57773016035907
1414341,88.2862389842905
1150150,203.1288864132759
1222246,358.65268820946045
1062556,397.2736745303245
1389391,50.927011828486506
1462187,82.9044811640991
1477781,73.4441647448261
1307721,2049.0451407185346
1086764,267.65940046552504
1274608,1243.7976839521457
1385813,49.966003131706785
1152269,51.181688337196526
1293693,84.48349281221557
1079050,62.51216514769148
1268557,55.909715989412064
1028423,48.7272909160876
1354486,59.79757044535704
1439681,39.75593496144157
1100265,222.0621551347338
1288951,458.9328157975894
1050581,202.5748022909182
1115528,18.060937127718475
1294502,131.22312228454226
1337744,59.37768517735347
1430822,198.1014505243364
1367941,73.31705095891587
1088086,49.435856469350924
1022421,49.19380125429095
1065633,106.28733430451972
1475975,178.56125324485788
1301966,255.63712036362756
1179522,26.3265624726578
1452915,22.834174586554315
1337074,78.81755207604486
1411597,147.95603119304835
1485280,121.55518903570542
1228135,38.55208485704301
1123336,63.42456205758667
1452081,44.507257500112985
1434384,372.2346581734096
1377169,271.423670016575
1417530,186.06631066422383
1468795,129.78177249953697
1425915,125.11579391798017
1448266,32.21140863109265
1103610,19.90361432067473
1443467,39.53730852296795
1431006,28.092805014122455
1249754,99.84964316248501
1456297,173.90469711179938
1143869,115.20744409108755
1402368,57.11510485224299
1480810,74.01337975581193
1235695,82.09843028841988
1126918,946.5551185232266
1204193,128.47778301488023
1363689,382.6567710030539
1171147,25.366302170588277
1069813,26.120734320805777
1162341,33.441661202386506
1322932,103.44190120511377
1299021,425.3305241192072
1285582,191.1883060779652
1129549,81.91732554322547
1464589,104.23439192392536
1076755,115.82333521476218
1032540,16.26733068893479
1309956,20.65430209987824
1216773,30.821760331805823
1310608,34.10342268808184
1398185,29.90928260389223
1406628,392.67108316513793
1109214,492.49857610621507
1359148,177.07289337843636
1299390,357.21597723755764
1204365,241.88637329994972
1089056,96.61183050581114
1046942,24.672413581070515
1095830,50.23350298603582
1225650,25.91416721582654
1294270,71.62887006268716
1078691,132.63919645814747
1136158,148.37829949585944
1043837,32.084769738642514
1163684,31.531574235376524
1027819,48.40617700369762
1191824,1148.4458881966384
1308807,127.4460109019881
1328774,705.4910288253805
1169581,41.64532631101697
1430856,53.490373493263384
1175333,112.9220221931933
1270294,105.74071275908057
1321137,27.502672725351633
1283691,40.06840011270521
1370005,192.21296413146666
1262025,254.24376353202084
1259435,155.70395281439153
1166622,18.40541445940338
1383858,20.957575665434632
1427098,16.780052726508153
1285859,52.575270874466646
1440743,77.06308142101669
1062420,122.02468671561613
1462136,30.10953538738074
1009784,22.334318062184902
1486013,28.131853883945933
1399286,88.60685641096018
1147901,67.20150892789022
1344150,110.76673109603124
1070037,23.650284295728408
1222949,36.77301892809126
1215011,24.346731305209527
1198959,175.6886175935022
1188527,150.34221517109003
1346714,60.35701159113054
1482630,398.37068889450603
1448107,204.29493694470017
1205567,31.83101043928388
1082757,93.98643791336399
1215876,50.25832204211814
1225833,146.11435792119448
1044380,272.65900605179735
1205384,279.05655981138636
1461502,71.35621360982907
1119781,66.33267113276955
1139984,108.70912298158002
1460556,1186.6321530213888
1188459,168.5947502950309
1389266,731.3031247382346
1108124,36.03488250453191
1491489,35.60903030679892
1049062,34.463249754436525
1075576,71.32979124955611
1477670,62.94228918122836
1272908,33.9454107762644
1038889,74.69447130158208
1028380,37.393341928787564
1107037,218.12537403776355
1334397,424.425447279941
1457455,238.30762242682349
1058761,20.52443022807902
1130814,100.89040824431314
1044631,151.19119217853626
1344808,187.89507035336683
1038504,27.30254289734546
1329960,22.120555390235644
1296351,24.470382234643118
1019539,67.2142051193791
1387986,72.65206115182063
1476397,150.75835987076468
1167804,34.90661235972546
1136777,67.84124377480259
1035417,45.39816338180033
1064599,284.70011784445575
1499642,332.4498448740748
1416036,158.8420840142058
1458201,196.20325869684524
1474894,189.6442290171515
1306179,39.28465635530329
1002169,78.22849653900784
1240731,47.121373781838415
1308479,148.8219980807556
1430344,317.37989479508025
1427461,190.08847973155125
1180427,95.06929547350688
1084840,131.09010199811803
1339628,104.66529991150244
1483668,1180.3082316492257
1200166,145.57271143310905
1186410,422.7513706443377
1483138,28.105309792689965
1028424,32.578573358365695
1011434,23.799317754384926
1476698,63.78558462716033
1212467,23.737886316681006
1072033,104.670912876642
1355242,316.72885230264706
1271881,129.61288590211467
1002006,16.059824590295683
1278449,17.033002680009545
1353206,92.22074596826486
1459848,138.0271193213385
1164315,130.71410202007553
1310332,16.091448694665374
1259442,22.164991204821664
1040715,33.41758544272115
1357297,23.39294115775848
1215083,31.65319325295713
1459079,277.41429382356745
1133258,332.349678293961
1051624,164.27839685863668
1189364,267.21725177155224
1237197,212.98213124305673
1344039,114.58035993079315
1228340,50.58087195212814
1418384,87.97241867362385
1423901,66.82990710638227
1034918,85.62490114648793
1102692,191.7609964922157
1392759,132.19239602542163
1478254,63.52970537716024
1429232,67.81390784191102
1114780,82.99541791808414
1479658,1682.061229583857
1080730,192.93791024444695
1455182,796.6572954883945
1282860,28.25639686489485
1101343,28.056060458053476
1431812,25.24948813320782
1196870,54.83498032645114
1255092,47.850414590763236
1459340,63.29141242095912
1303994,39.425970161774124
1180844,130.59025555864508
1229053,500.51662663762266
1115522,287.41207954151076
1416387,18.532757912035496
1175969,181.04185243876807
1264512,185.35964926866433
1101602,232.51503062087824
1364974,64.28195993314176
1099346,41.682991926070066
1405795,68.31082654831377
1496382,72.46461877230308
1175684,50.6560729792125
1142788,318.1845763451428
1295041,454.96588280054186
1077288,137.21480240579066
1366421,538.9387578371452
1492620,390.80631847547573
1075788,209.97908718471936
1382213,56.40633815935166
1182796,85.23042789280755
1282019,49.1477250763797
1122837,156.75334589520855
1273607,245.00111450019529
1110475,321.97689623729804
1136800,57.81848967908683
1160516,85.45253637232562
1417174,86.21125096175543
1413077,1437.1788513674696
1045457,196.0466454347097
1015514,667.993558608564
1013966,47.017278160547
1429994,37.01540004040184
1119395,69.382485837149
1329624,157.52361305083667
1103849,146.2280536361408
1345178,35.6494675552675
1155905,63.409810775747715
1294097,34.965579441320244
1343829,270.90781400127895
1266359,348.84869328964373
1207533,231.97278251338147
1138260,21.43408758964271
1112094,27.686930938874575
1323908,82.40609308533298
1085482,89.07303873560856
1409991,207.67818228020505
1492673,38.059706262126895
1175740,155.67645051912794
1395167,134.77187645236484
1199340,265.17592511592864
1418919,46.830061397016976
1377719,30.678501135260905
1194437,336.6390329794096
1130416,340.8401480732538
1280840,130.67994164648286
1004386,1003.8032553030985
1184922,636.8712975602485
1100507,382.77861648552994
1252468,36.114909737600705
1477986,130.9310279673312
1214733,105.35702788493609
1339069,468.8627678367707
1496763,479.9223477003026
1104288,824.6200589032704
1448727,107.11099821812714
1109352,118.31080413294163
1064194,219.68966749834158
1442423,2467.7998079360545
1312594,399.41992309208695
1158066,1327.1559137082031
1055289,58.26101945539568
1289858,44.27145179454546
1264890,40.39785651214745
1334387,68.08510912814602
1240059,43.93795368131343
1182924,74.42648713207004
1446920,42.418590075582
1421718,486.0231479350179
1154848,441.612537386221
1498872,197.6243507280437
1266223,20.27561461591366
1098357,321.52508499363654
1125038,422.321976538068
1090346,474.82156621782576
1284544,71.23583540270383
1291460,64.21988682318003
1071892,57.30731958842473
1486367,184.20825454222276
1468541,261.93463124279504
1412731,405.89248948043274
1128321,33.63769380302224
1161914,31.791712112863195
1201367,29.916570092895412
1135041,134.4316427205406
1107151,211.56578062976524
1024822,190.4945264739332
1231986,27.325427817352224
1288363,48.694498644928686
1437468,38.15549458319196
1440190,445.29542220905915
1408826,248.77758851114356
1370307,344.20351768180166
1054840,365.2320042596842
1202900,294.33184302605827
1095838,121.53935081828216
1367860,23.598113807367348
1327389,64.81860616193622
1022457,42.94717615245225
1149165,127.7280670399382
1233718,230.11506073233625
1247242,217.8774006984221
1402904,37.90847099972706
1142998,45.28511296257687
1092728,51.07672050438376
1045267,901.7857012854249
1116525,147.93688075619707
1309132,491.88802551578175
1181514,42.15334042090062
1378577,50.31894434163382
1135287,32.903886878718815
1175471,60.37421591344137
1088756,163.84481185621482
1043794,188.2090804731435
1322864,30.610737206367535
1315562,53.42160205964988
1448323,27.465353219793727
1228726,193.48421589756953
1086519,259.272583840264
1092587,159.802020818823
1070040,18.73110861961177
1414811,78.18532417586954
1066536,114.83714474110154
1042837,160.59383998040724
1168535,33.086308552390626
1100363,22.99606141356604
1364685,34.7816647807962
1089247,125.86742803994501
1002289,83.99519053675971
1472093,131.31153290894193
1277054,25.70898494218897
1215476,45.77304540568828
1228546,28.574541003272
1348404,224.40687106709137
1384611,207.24912904859312
1034430,94.74929915599121
1350989,196.78728476087784
1066808,161.8675671730252
1430557,50.033344757142636
1353854,49.7311733166223
1097979,116.78365326103918
1238938,73.27520089954723
1245351,219.16668613071937
1059707,402.8705797773726
1053781,219.68966194777238
1066626,91.01770822530102
1134734,66.72961652694377
1353313,74.36335219475765
1435817,1462.6255956636521
1452660,191.79284229884522
1019982,614.2616726803475
1240782,18.368124986056483
1350135,41.94357142272169
1451801,38.93813899504492
1454486,24.34346201605682
1164094,80.87344479637005
1297617,142.71698475073086
1061133,977.8412566240819
1141705,569.833723878017
1424399,15.913009582782678
1384912,15.940274504686506
1140677,16.351056003653436
1311021,184.29578355864405
1091445,198.62301616956506
1272773,228.87735875534807
1297638,17.394221198685926
1226628,27.435325279129447
1115404,44.433584196768614
1064371,31.00432059143298
1166572,102.36753592355556
1123612,58.04986190444927
1359515,406.35349010056603
1164565,515.4433784450777
1224519,309.134543651937
1158272,415.02352504617045
1268541,404.29879403759537
1145683,224.20892606625773
1328451,45.19447569676447
1074082,98.3475160316388
1003704,77.94769905696904
1113641,232.54333129754556
1290576,422.28184873706476
1135907,382.127838635311
1082279,169.75569566893176
1290141,139.1181908437078
1139728,187.35948024194624
1453733,1235.4472106916412
1002232,245.11835636107875
1270725,709.6293247224335
1233905,43.30587097187602
1230053,109.2567864776888
1472644,92.82221444608768
1454734,42.227189777534974
1225700,73.36101675708026
1110838,265.6762345179651
1061668,331.147048719993
1063075,201.2299440460609
1208304,21.36035477633897
1349760,148.1239689758455
1302694,282.5413182837583
1493476,255.00734575116854
1362461,36.20963442889957
1411389,24.729026434249725
1351136,26.487999066719418
1225400,68.99370112495033
1377213,88.50845509850453
1125415,165.55418244709455
1043869,24.47171882841093
1356946,45.28149629054244
1217777,31.76724532501546
1476749,347.7782947920378
1206410,408.00242408204434
1219775,152.12791314799708
1178390,503.5337615399606
1442492,323.6026727350031
1037900,192.12620826113687
1013732,27.004952772235846
1421863,88.17263896125694
1429149,75.34700525678485
1282157,203.61705151379647
1211603,252.53913458961483
1083920,377.3737567517501
1460475,43.293165285352146
1362845,60.758102089276974
1020749,85.11495585769975
1158899,887.4037215246001
1479026,161.97068799032604
1264189,506.1940696508904
1125550,28.697513410190577
1274650,23.829409688651776
1095654,25.14247721608652
1196904,46.56079785521865
1071193,55.76074922646593
1408576,36.113999991541014
1414454,29.443358723024723
1388607,44.08926857332539
1273431,26.525657231693888
1452892,206.52970875401738
1433782,242.67453105683893
1422861,101.03530301138959
1358884,116.22997018925399
1374456,144.0209032581362
1140646,167.42755963786266
1465544,55.3240225188213
1069495,45.36476564804721
1209537,54.35002582752426
1420346,73.91974711118706
1393333,116.46197394303431
1075794,195.97972171857134
1087010,20.01040154021397
1318684,81.32750092339712
1438307,148.37691747484382
1369685,135.34281760758023
1280197,39.70884823715863
1035293,33.39254470518598
1159948,189.19869881486665
1314173,142.30399887866557
1040051,140.34414659039686
1106975,763.2244102590214
1159863,494.183275088232
1233212,260.7299248909956
1400709,21.570295237291518
1171028,81.29236137203284
1340130,65.37420527939254
1494618,304.1458287297513
1130731,396.1973010368614
1462364,459.00445204389115
1009223,110.01629422122333
1201493,116.17975095750312
1410422,159.29365558300725
1419099,1511.2816900661148
1216159,290.4596263557657
1094661,1250.8864593647795
1131852,25.215867677297442
1240781,35.76523489101105
1259603,30.81370257727848
1020079,29.329199270850953
1289847,53.340915244299424
1409175,425.72911375502105
1302003,433.9992175053863
1182340,203.17857801164436
1475668,15.271093583454679
1195244,58.063588300594624
1320276,120.11502835132254
1433963,65.11539065939502
1061545,57.01180519804235
1123342,66.02807130646134
1499088,134.89594126052327
1304737,286.1719750245159
1191484,344.6416276158926
1268631,21.25357522998069
1435213,25.67282798435227
1358960,16.22633295584397
1159038,44.208610556805155
1167774,65.14017769677501
1276231,45.46746321837455
1193203,19.887271495915435
1086235,30.065759924257033
1443957,24.339373749200444
1144315,305.598635089587
1170143,242.59415209872228
1456750,255.5864526510536
1178106,1722.5487767669986
1478799,834.3670616091268
1441691,471.94366466018744
1072387,50.52659349759739
1296374,115.18238093498883
1452022,75.8187042896197
1202770,448.24323182779756
1292462,521.8219003636377
1283801,903.5854109559452
1172837,61.75729754102021
1061530,87.40645208042004
1132421,192.24575346110672
1207821,2980.608538454095
1425955,405.6558867699825
1177798,2275.779912729305
1206668,118.85132974307058
1083512,123.2614403944391
1032899,57.38587702553265
1419409,248.68157362837067
1313011,263.6785105451671
1450249,218.85980356482065
1332124,61.023283041743596
1342545,110.46669623758471
1189165,62.37627859437006
1298632,591.7510521931255
1483839,745.4349439458721
1194554,340.1996752162725
1246235,33.98454409229103
1394658,43.086837112629965
1083939,26.058705003161425
1389275,219.18776943306452
1040684,466.20643243915754
1214462,515.1932192258047
1230965,132.94091229188606
1379530,90.45410076325241
1212610,107.5827621869266
1304455,211.12069227432443
1412631,295.3724518847656
1317530,587.5696961627849
1426262,64.00107122188282
1239465,51.278977364824804
1416084,58.67534345073387
1279695,276.2962198874944
1441734,458.92830487634154
1103357,382.7782337892963
1198182,36.094149045257666
1025834,75.28566796614152
1181097,68.94124565341914
1161018,476.9675602094415
1309392,323.7786639931661
1455063,302.50035792346574
1158632,1898.4690806086242
1091121,934.3702216867381
1088945,497.8335133149867
1489209,42.3424193068612
1023300,162.44282874767023
1439667,123.63039292681565
1293881,505.33468178722757
1485195,554.9622355929819
1153454,920.8255736640876
1069020,91.43496127798501
1213921,114.91654711099514
1305234,217.78254536305488
1291485,3346.5265052268155
1387465,407.27881445011616
1256817,1769.9569858432576
1224265,98.62886779098707
1334010,73.88407471242078
1467939,55.29371726058178
1180074,67.63803252554364
1074049,82.44938305650847
1302893,111.57421230431927
1394784,58.91803028349375
1408505,87.50837376938611
1345794,44.613766619827864
1051255,552.0296798931951
1142160,488.19143294571484
1107967,258.4802269161455
1067301,30.539171697045276
1492121,31.838401952587937
1067044,26.712407613725166
1481158,167.5059854819208
1195466,228.22825279795168
1256199,328.0682566262225
1122945,184.48598007410303
1028988,162.75592349057496
1499206,127.9307831874709
1319595,156.2546466619004
1150029,333.0569482283137
1194693,478.55405111385414
1111675,47.10750756331759
1031321,34.80390384092271
1292810,32.80055847724071
1471715,183.02195451845486
1442310,324.5071981406234
1104258,285.118369474251
1494852,38.147376050816156
1255232,79.82175879723049
1210758,62.000518977648596
1154462,453.35127179170354
1301242,388.02897383254776
1230914,316.8722410646328
1379139,162.0231847604531
1042036,162.02550981938316
1094777,69.74966024401563
1018091,26.24743792363921
1303118,100.82763555269543
1491185,59.084792697937225
1295788,101.02303643163434
1259106,355.64977732615387
1238736,194.57143397479922
1458641,60.01079841278424
1311052,104.9039093443511
1169917,68.42806755007378
1287052,1633.744272682479
1395336,156.5822772714174
1190637,655.67042674342
1084617,21.86041907538787
1458882,17.02596029371333
1337676,21.73503372258414
1131529,42.46268062276251
1492888,34.36529218650671
1315303,74.68415543172162
1495511,34.53875210252784
1033654,154.63082290875914
1241673,611.2516197497037
1171101,327.4409708257404
1208622,16.687342559756942
1312726,16.680522385560284
1038199,119.34340790974915
1125955,131.25561935271793
1191952,146.4277327226207
1101241,18.966450415664934
1066302,38.673972714630736
1360048,28.58310842430722
1413086,40.661366476364364
1101295,28.294465982855318
1244418,73.52317751968644
1060936,47.98164756719453
1210023,414.0850316880746
1415291,564.0449581701856
1475531,192.56953791564132
1301467,243.25340101289925
1385854,204.35740182830003
1363852,119.77697784823809
1162850,29.453767137470603
1432549,93.0198028945095
1189551,43.11671445965178
1038816,81.16244656344152
1480033,171.75937928132655
1439508,127.43398830858095
1288387,40.906299974974246
1002856,50.10778332822401
1235062,972.1611992455156
1256663,130.81819886836914
1257953,240.78905842502354
1372244,37.26463194060559
1354738,39.65178407824726
1082827,39.94807126017117
1060476,139.5615012196047
1212359,478.81623383613464
1445136,242.69203221283468
1086420,16.06621531798
1416779,17.711835543407116
1459993,104.71135586575832
1083469,113.9865721856666
1301576,168.14200822185794
1432401,20.5391272388541
1425354,34.957123428419976
1030592,22.325319359531505
1190493,32.36651054634921
1025415,23.306942122187824
1266382,42.60884939149769
1063358,28.20672209921409
1460874,310.88997446116235
1389985,423.87319260621615
1282001,123.45281333101275
1281477,78.97686254848422
1192441,67.19991136173005
1410275,34.11771511731355
1234421,21.842366200494975
1459159,75.95269371015445
1070644,94.36862043339251
1166141,53.838541391527066
1187242,51.028358738798175
1226046,64.24970859391078
1479494,64.27554202263462
1395552,684.6642208920629
1144343,101.60710451970476
1423217,483.7529686290734
1343976,17.84137379456506
1285359,32.15717127394874
1083044,59.72937326452178
1209421,218.25048957097658
1330416,86.89995012651158
1353281,31.54461962043741
1357260,83.92863905881507
1390060,118.50502292742917
1361611,136.79581141801032
1323071,25.05986845813258
1257128,23.62013647038428
1070053,27.17131712042192
1453716,41.76637044544595
1208237,25.542434558301736
1087231,145.80503938339703
1198739,77.62145355020449
1146521,99.19079019555491
1468705,868.8953384805972
1057220,493.43838239598165
1279856,323.7303517582005
1090792,39.41550335146904
1178960,85.95643488562213
1117896,55.91014718874551
1397015,306.231754464139
1418689,363.44856626366237
1228164,457.44110448539345
1029940,66.09223895902548
1328781,81.74476192258179
1065461,162.693126859032
1243839,1372.3062497206604
1471318,282.68698798255735
1363829,1006.5408063418366
1441756,36.898602537314986
1228411,32.380510155052725
1358172,57.65802372425154
1200656,100.07611121203918
1134918,70.77340799929328
1347464,57.006444919782915
1193522,360.6491083912419
1204196,416.70730138238696
1406890,199.39087746096212
1030025,20.073227025896326
1219364,21.14154572607859
1161599,19.265599761677432
1250988,126.28620593782225
1171474,151.20689641311944
1125554,172.38495700314945
1298954,69.67409637606856
1040458,49.363303687276705
1460940,82.33287641057888
1357262,128.11178790832383
1156851,220.7474724019538
1114185,358.36011708007777
1274272,37.882063204539975
1247132,33.76458354914644
1470240,28.482002652193447
1099379,119.65566850362966
1197638,181.42321644018293
1007842,135.32003475324862
1354636,29.767872940584734
1214395,43.656483749185234
1267738,32.321820824824044
1062104,235.53289401908663
1417525,211.42664819645418
1009375,258.21445057170314
1250371,504.5607606630648
1460051,195.59399979675476
1073366,150.57008808210102
1411707,32.936567943374925
1018726,82.35349807596694
1466565,59.67860649724325
1093106,237.90550926776035
1482584,313.1326379222487
1349917,438.793967771923
1126206,63.93807588824939
1062592,38.94011689620832
1057767,61.88473164125201
1383977,992.4884548789137
1105382,165.31334262546324
1488019,893.179663607892
1310708,36.38806659753748
1224959,44.92470908629829
1198619,36.850484594416244
1109243,27.33267052285816
1286106,58.58742205655034
1211354,44.031838938529724
1212519,245.7899406865882
1309748,234.37164002714678
1292773,75.174033486033
1085197,21.22100776187832
1161921,63.987834127229846
1285669,109.76973138107913
1094658,111.93506248188477
1076525,116.82432812273952
1450450,56.24437676804427
1372636,84.37967653915655
1406546,168.11864155077
1348460,194.2324173422312
1240846,92.73177701029924
1015804,140.1034261272238
1248501,104.80673744135295
1121701,36.598165850430995
1337720,62.7417526054127
1422209,160.43647707026372
1003447,142.28561552807426
1061263,82.73520453393135
1145373,1351.0519357337478
1132636,645.363406822013
1201156,269.4352060171168
1078058,31.359275534194666
1151079,92.39595579919143
1189941,82.42543484525726
1475951,301.18344245494586
1184448,391.39487971451
1391925,580.6281653126648
1476929,49.90177968162972
1231386,68.98161706904847
1404911,129.6029046754855
1114758,2332.6331166176838
1144461,285.87976030903417
1066415,1197.4642029021923
1008743,62.23865829432381
1189950,61.75136613667532
1219400,104.94386178262482
1419847,136.59268483864543
1114649,100.96005453626914
1216349,42.454642355696045
1244754,57.68828223337236
1331326,42.8943773235138
1120815,348.83341379052285
1462648,349.27260302125137
1126592,190.0786955509592
1055426,24.01874217828467
1384255,24.9556794957687
1306205,20.304985444835857
1019043,212.28578170077992
1408089,271.76132354798455
1146767,281.19344151443335
1259805,52.53678097132561
1497120,48.04963922220547
1292298,40.77016310715246
1405377,121.05301026488122
1426151,178.10153086200222
1116946,362.42010731597424
1133414,43.922568424284854
1062761,29.21382457045789
1061634,38.49743948998848
1305049,228.0758264240612
1116333,239.15794708837873
1191349,208.23452873973096
1159771,52.97721624242689
1251864,50.34016294237292
1083765,297.5085837997879
1228552,242.36844800658645
1430516,158.22906992088247
1151845,211.30607107752311
1294699,154.94834625687025
1135850,65.20215355785021
1180421,28.09797502534438
1123301,138.40701640376332
1300287,91.89199624226767
1168400,94.60195622370176
1097503,258.7962774177198
1408518,127.73126223836908
1444957,60.41752704741887
1399997,64.03095914889627
1014758,68.33980194995253
1095122,1435.2367404529614
1489921,132.30265033308225
1209256,525.5112783036714
1016153,21.799688142812265
1085266,19.70247542604292
1143854,45.404466902954915
1312916,42.34091449307842
1175396,25.270722039964976
1074206,70.08774676470883
1248416,38.97462420152165
1453080,111.61237956965431
1192024,490.56288842285784
1141206,292.5404934617168
1355728,16.80367378209755
1299237,17.163415260789925
1307772,90.36423723471682
1400665,137.62864525997517
1004645,139.8177947741135
1210413,19.88669331896231
1436680,45.40504903067414
1470215,40.709269717025045
1324163,50.39481535810421
1339559,27.912291311759027
1497250,61.245639704325725
1365093,37.3492846213255
1027940,366.89723086979944
1209765,520.2515558790378
1450040,132.36055817517308
1214298,335.53059148763253
1382875,275.9938952317928
1253739,101.49623696904541
1193984,28.375099152979082
1097871,57.171590171676506
1224457,44.85743625199159
1136765,79.95272128289677
1229203,142.35874197628866
1219292,174.84367315832398
1146575,40.76554041529539
1423852,62.645568369256935
1297702,42.98496266821617
1161437,1850.0413202541415
1125330,166.18569056325148
1360747,821.0703576068307
1029594,49.12120598218643
1020884,50.082109691070634
1306594,36.933105642262376
1457994,76.33904017840548
1043255,99.17124154017412
1013503,133.54793328239106
1435938,39.52303307706134
1220416,57.149828914860656
1442117,265.10227915030663
1029656,331.11077129133827
1435147,207.41037270768754
1472716,20.015840880744907
1226697,29.776328480866717
1141281,18.842532076813736
1190516,92.28361353432093
1008247,127.28555156377016
1418093,179.38312047649873
1075398,32.9075331625596
1064800,20.91320633017067
1492791,26.495052073674085
1205053,108.49567429679524
1090692,115.45299584737589
1103070,138.64733628926243
1365090,28.7246321869934
1195960,45.46484365526614
1427004,34.80846226409611
1178338,246.28587735184652
1040396,269.8453051483118
1391592,121.2665505002921
1208134,168.00967244863094
1489281,144.87242225647415
1158712,33.51280746004402
1313348,29.962223720589105
1348022,98.44654664227271
1304904,47.466655518722185
1384166,152.7092857040809
1448485,375.5997229414048
1392836,212.232665961014
1490612,75.08042736328382
1281225,74.07703126327469
1147987,70.05194685207442
1325439,1362.766120571154
1160732,197.42911166148082
1394137,560.9305466365548
1015427,18.14869860842501
1492109,18.570510647042685
1104909,16.991204335336313
1312658,41.32081617031997
1265919,36.294037193364716
1168667,22.163511659812038
1498239,70.54158474536983
1056884,118.39277217358239
1428307,360.2333982203534
1215913,173.15200442674865
1159521,15.127660384981219
1059592,84.96965652664541
1373733,115.69838810633745
1308805,86.54481161926755
1238435,26.993794008355458
1488981,22.483302237316177
1157481,33.23966912581213
1043153,21.99221374815168
1284746,38.085121654304025
1467255,29.530068277301815
1343273,390.8535297016329
1137134,557.276234007904
1092730,158.29512590162213
1448019,1600.0432304026347
1231141,594.690488158189
1040612,427.07152810787744
1113754,118.0557425965628
1185582,314.8710499207777
1057285,229.8688853420595
1203477,576.6709072290251
1158165,795.4239487001016
1419040,1040.0916490264867
1285350,105.67618953941637
1157350,93.93199242540021
1262900,161.211013367888
1052629,2860.3107584514205
1038769,669.9573256821877
1227970,2962.5052679519245
1346637,175.86506629453885
1224017,206.954313927046
1136861,106.75583502150533
1316119,169.5052813487001
1059546,220.23879887805623
1043566,162.97720278675902
1404159,124.00542801056946
1498846,208.51387311252006
1110118,91.61112791767823
1290480,690.5248684646832
1268614,668.2414200490896
1024354,307.1322363772982
1234416,49.55160138365982
1040435,40.906370165573605
1240915,293.16349328245917
1084025,627.1755886035804
1499604,481.0518612374787
1388767,85.84419926748724
1274715,106.34910823537292
1461469,46.30916186240589
1008292,267.7028152549745
1245361,391.91198579689535
1479849,633.4017267730242
1401490,62.06923705605934
1482761,52.78874293915586
1309393,60.27849380034612
1247648,359.11775490921815
1458403,745.8065824494188
1408082,591.0099003940644
1242344,121.00527071192911
1374742,198.08498906484013
1012940,146.38725543802977
1221568,601.6694448994336
1114301,589.8593353682625
1105342,262.77629238547763
1137633,473.78726582884985
1178329,266.2677405482683
1499858,165.29770106572522
1215907,26.475363387572987
1211478,81.10191812208095
1033546,55.93970559534592
1464245,342.08487528063563
1058371,345.1929612282968
1026616,435.8868940115896
1247355,220.00126413952722
1114236,153.66965577485283
1289229,217.62791971868506
1451604,873.0516377403168
1379933,327.47001287570333
1372659,679.3691497572968
1230021,31.334913426619295
1256599,32.74930032265136
1223398,21.139158915635
1285191,36.910461719174755
1155784,424.86751742514343
1498106,349.96272840357
1308355,186.7198323563003
1417280,101.37320127938465
1146888,74.36836072503463
1496161,130.3491001340526
1308362,143.02970350221352
1371858,111.28932664252984
1364559,159.83090736291157
1359349,334.2717693915825
1368289,403.7831578853952
1240720,19.344940691949148
1391833,17.48029898790961
1360908,16.143137713447246
1023628,46.48332195520719
1369768,41.76604718411309
1412995,21.908956975654558
1223485,39.95402526537289
1288249,30.04923970262939
1006238,406.4184985105491
1059275,291.4422186029028
1147027,208.7551914056363
1004923,681.9245420162424
1242357,448.3938223209709
1466888,257.4979441918019
1493859,32.57380410916218
1210459,94.84050950724837
1368817,86.01700633746994
1279294,325.0082477126746
1167231,402.2231214065556
1259128,470.63180619483944
1358767,69.79696602378766
1096137,91.35697669166854
1457740,126.65756430605673
1269024,1916.5179385309746
1075647,342.79508764037587
1312036,1259.429595717938
1008079,20.160351112190977
1204384,20.846879693962595
1119932,28.117889193884576
1000399,31.37424393065757
1427919,29.30497049341237
1375237,29.056504216963482
1296679,476.6640921614905
1168909,508.498530444707
1269115,215.57796767323103
1338145,17.57755673814393
1128999,17.274303792961703
1220606,103.17702512988666
1241511,103.12276692840337
1104790,125.3201825948805
1425208,81.24657445956935
1199464,63.075770493062706
1050102,80.31222537876721
1336720,120.26581028000281
1213184,226.19943565830485
1076322,345.6996504728498
1321832,21.49106042405695
1373978,62.87053674061554
1081549,61.08288132519173
1240433,56.237928340435005
1387655,21.961346660071005
1350726,32.50648479572266
1496114,28.445616888601585
1432286,407.7081001080067
1385345,323.4696651623202
1170636,259.02311257017243
1230601,1932.1251196691946
1041516,976.0644969998738
1173083,605.5569574157264
1450921,76.35534369528555
1496330,281.7084732585709
1255410,237.06592322013827
1170613,668.56341498387
1247310,825.432842262071
1177106,1159.4191103623532
1326323,131.17641796891138
1394882,147.86162091154293
1182328,255.81409425013214
1174658,4428.209732893636
1293282,556.1720398790071
1386650,3259.544867367958
1309704,80.76478228277934
1195327,80.17806095626011
1473452,52.5178922804974
1210879,68.9813819363543
1185214,221.07485207180048
1066210,83.74866292136973
1499625,107.03329076097314
1080267,194.13661403287958
1330955,64.10499024807517
1335465,720.1203528296728
1267998,949.5682276448107
1025909,442.9825262448365
1332594,32.05363849490659
1401858,29.42035336929023
1028364,29.163007168623107
1313113,550.0549003120391
1064070,888.7452237830827
1484042,914.8074638162434
1340756,190.56277602646057
1276173,179.53805246192488
1330803,141.98859739494057
1455753,367.58401510781357
1164898,445.7247632198507
1343584,635.9042356550254
1478559,46.20242087777052
1283300,45.95974236663946
1109985,268.81506133954076
1182370,505.26355652915305
1119237,365.5283514385756
1061216,42.07541862962541
1186970,151.04486833836393
1232710,112.47121776527428
1174524,571.2529507303316
1203994,487.90274024185135
1283754,561.734399368206
1244061,730.2534899229511
1354740,501.33694697067153
1437784,230.81611807133618
1041281,33.049413329070525
1472538,77.17999133342187
1446011,58.024982871734736
1042253,162.2598988319878
1119080,297.00436104465996
1386957,412.64123240338796
1331353,75.91084175716726
1308975,119.92903836517105
1052339,168.6071897489382
1473719,2404.488138212836
1149757,245.56324415572305
1309128,1102.2856058538123
1465472,86.96011502139346
1322204,66.93365600112354
1206240,55.97317504537605
1120227,60.47315183311259
1258298,319.7088466277514
1129006,275.06095744651066
1020196,40.13849497895581
1447296,74.309616510221
1367769,39.8585732358215
1400232,416.203393979531
1016753,665.4143898181793
1242885,451.4852394626963
1168409,23.137261691765286
1231518,30.090998708428078
1380987,20.830856501733596
1215932,182.12810826327285
1117884,219.12109713190293
1363817,372.99310745967244
1152096,54.203194924338895
1486487,38.331431106173824
1418848,44.37790735138665
1310755,170.07776446044406
1338515,157.22749151773434
1010982,250.94077391608369
1219191,30.040850066558296
1415229,70.9639278608329
1198846,43.190467426060486
1149035,450.44383364121586
1143934,474.9785020041186
1418885,248.15672688711058
1186700,169.78926308462627
1412431,206.9389951042233
1265941,69.92626819338795
1174252,38.03854643054122
1391318,163.80784092920683
1373444,155.20226078467587
1255746,94.53957140485396
1432440,272.18552196263414
1261892,164.40746357123368
1068928,92.55584765053925
1265780,120.25838539546137
1348612,1529.28313909521
1160642,229.19563989350488
1163720,631.583282955528
1305847,17.492568273886878
1274777,40.0903656232866
1390345,32.521677332771816
1080632,27.606427093124804
1362043,78.92353665393084
1379600,34.44186472930565
1178473,181.41005942550723
1441562,745.0220309617291
1045971,405.6249978506906
1399293,17.592339355058172
1306525,142.19133907797718
1495101,156.42091278082927
1189930,184.90373380797038
1320678,17.301287830603794
1491671,40.36740700344666
1285364,112.55251439903067
1288551,65.92238730085971
1457020,615.9274016472062
1087121,820.4091287175023
1308249,229.6947618068191
1068127,391.46056764077395
1108102,340.878720987604
1294107,65.25007018251569
1280040,25.34416531941295
1435366,132.16431246476
1498193,282.6339331355732
1483366,211.25451156268414
1458620,83.59567375411906
1316768,123.37621832650227
1279885,119.38677196567549
1397824,1221.4448077007062
1052054,165.87429740982438
1026328,499.6335542338539
1275190,33.076360211990405
1374425,29.346809222252862
1439872,19.397869668067013
1407466,23.146719480774877
1488816,96.61886700898638
1370281,243.71161246026526
1413701,112.13772104681901
1307828,16.159612623614606
1170147,72.77505973673922
1334448,101.4399645453419
1033182,92.52192714081582
1065230,23.466936341772037
1447947,36.98742223182489
1468251,19.762958338360626
1183920,24.71185673901218
1145327,285.4343040095202
1419745,371.6612190283879
1445638,99.35467212051941
1306558,466.6460728358984
1108134,375.4325660992675
1088320,86.86221255355798
1262779,29.223386093396805
1381709,72.00776565809171
1241273,49.07685394112446
1424447,213.70435109965112
1354383,372.63902795459575
1319128,422.70015292262497
1257115,139.84485938321683
1395094,186.01322219985505
1444861,216.78309175594262
1328290,1625.9524799085916
1178643,214.00697626728982
1342743,645.0607205033657
1461309,41.31435957629259
1442360,38.84032129818667
1006284,31.32892985803872
1134764,128.5863700892107
1161944,71.19731262876309
1249279,32.35259513482035
1156031,63.768839090490786
1131668,38.91765901892524
1434813,252.82636029340716
1068689,468.48388345579247
1318738,396.39811650166536
1432334,18.583005915929277
1475359,140.8786918072864
1087593,222.02689928961297
1083819,276.3840858127498
1341927,22.193024226986743
1234463,56.99381139724062
1016464,56.423234584227295
1358838,123.54901930792228
1477660,24.55531736618987
1148248,42.7443841018636
1039288,31.795029011743324
1059110,363.3345837464467
1473909,381.95782700905494
1068714,229.03669942066549
1089089,1528.0385448279624
1356974,943.2364471355849
1346234,256.8615361631569
1315874,29.43517315825496
1262985,84.74215055664018
1260615,68.94749438667542
1060044,363.86670635369603
1356232,458.34437544057863
1357020,662.2557515945203
1209654,99.32140062666704
1427961,81.15742622538875
1369209,161.23949420852983
1225027,2137.8336168567603
1099215,254.42438765221007
1424670,1541.1408481807107
1238679,61.812912839477065
1392104,64.26711643435621
1205977,93.48805555338434
1167315,111.80318790482838
1444210,107.29681133674663
1016117,53.2471492548373
1130081,66.84968068251187
1300651,446.3963923934666
1184868,370.7255135350249
1009874,196.44612877368056
1378506,189.85317539929585
1304918,193.23638578704964
1434845,234.28743721742504
1133760,80.10750917498058
1096748,76.8628091259448
1451740,73.47525144044222
1227978,112.91350343996073
1277125,246.45617204354377
1196150,460.7543249124999
1334489,43.72472626153001
1431014,30.99825204421574
1023140,217.22527606509988
1489036,428.1665393708944
1022069,345.5773616885572
1454833,27.770231712499093
1062563,42.630530136592014
1405958,38.64051541657477
1059406,268.3433185516488
1469078,240.7968513690269
1292707,272.7930823860164
1398644,528.6341540305565
1203716,311.83955145201145
1442542,100.19747290078237
1425213,28.46347965882714
1120872,74.09344491822884
1005457,52.15071069942959
1178195,303.53305928740247
1276208,342.46112234716793
1006772,573.565344549583
1013636,101.21400622845977
1009256,86.63404799873975
1439011,127.34553495602128
1440035,2172.2983273508153
1498548,254.8973418895798
1416818,1704.5404527737758
1020169,62.56030731368405
1159657,41.81360062312541
1316740,27.572047346503883
1386951,41.312537342098345
1180443,27.35171756620359
1287984,52.34526030906482
1425859,449.34695396270905
1468717,369.2487831957275
1112208,138.34968107706027
1481291,18.297214905684136
1020410,17.043761153236268
1074040,98.30292819896323
1369208,123.93704637336921
1180067,28.448145085733
1151498,269.71718990938
1130148,168.9021671255615
1121206,230.21965069505845
1110144,142.03316355584448
1176486,311.6412732640612
1073716,388.02544626623813
1283548,20.073219153220222
1338495,76.12452923018014
1059213,112.75169504553278
1083637,73.78052734096441
1055724,24.16042190146359
1435255,48.84986570286078
1067586,43.25893401747224
1095952,268.7562146799421
1341028,237.48833992439685
1365830,164.09602701778434
1365959,338.5866989614089
1317198,199.82105832388916
1451163,85.37981772161895
1239283,27.77822352764475
1025725,69.3272044469743
1233183,56.20195667557784
1315899,209.0075215962355
1347174,386.701284277117
1497342,236.3915431680736
1126061,99.2958854044351
1105093,97.51841821260447
1259625,108.50434622972232
1130528,1393.537204962901
1495708,328.7428391060705
1458963,788.9439881162931
1469496,19.804302180857984
1176341,18.887911257933236
1145097,31.181902001997514
1428215,23.0705050480128
1041705,48.19839548405209
1081454,311.1100634579804
1125431,900.6278964847343
1470105,427.74022161211235
1311945,48.59038788364724
1234987,48.11635654834845
1420177,86.48916340469573
1022645,52.31023877707964
1078051,85.16485113676852
1175825,285.2044546737414
1331054,449.99942198867365
1470658,407.7231567353699
1297518,17.83052490934951
1347237,49.680142526865666
1256412,33.68375760779021
1032350,37.5026631008203
1277516,26.91603848843057
1342728,32.60847200006023
1438163,361.7016328126133
1156954,238.54170441080424
1272295,455.94359858467294
1107132,349.63463644096913
1334275,297.1591921466072
1209977,158.37890430165962
1459739,46.17440015719221
1291850,70.86466456587368
1379698,37.95895924074504
1432632,89.39730915120525
1122526,229.59783063317616
1404288,233.85840222746003
1400901,42.46913273255495
1323340,43.06708787352208
1292411,64.80530591169374
1482582,1281.4119841512543
1127643,162.0419040005485
1283497,873.7628365435496
1057636,49.51253391047994
1150235,58.80294996365171
1474289,36.784426594834486
1354025,55.9743697473151
1253575,131.13389376409123
1299937,119.40289196328847
1089000,31.33245672207169
1039852,59.67131880107609
1267675,42.60247366519933
1488207,233.43666449867254
1350692,408.16038567006603
1210781,271.6145846615733
1193951,21.29515432322145
1095002,18.8366628623197
1492945,92.0229118164776
1054104,134.96872540775632
1423493,226.69885068713165
1002941,37.638767552740006
1125618,26.19973714916861
1360006,32.14356064947065
1059761,117.38387790516248
1091221,103.95634769600944
1435805,132.04028365504752
1245279,32.50612170143546
1396283,54.137243393780764
1093919,35.38432454381285
1343778,260.28474190035746
1011146,270.1877719827418
1154102,107.56466404655373
1415730,1068.0467483085838
1475935,547.4409714917019
1109571,393.2521267647293
1319787,49.93052313964547
1276137,114.21828152375784
1001227,101.80959345991711
1195293,434.7714803467876
1398730,480.735354030804
1455484,715.925453276053
1388600,91.11582282062051
1077390,91.1259833517748
1403233,167.78734852749835
1015880,2764.09187013738
1241151,369.7784454068104
1172613,1487.1023326229558
1084812,64.95123291385568
1277060,62.0357574737945
1436368,45.703372101901664
1090497,63.95271639028469
1280108,167.5925784856523
1311137,71.6358267835082
1494207,49.71187646737606
1412828,108.67598704319322
1055572,504.9290337858484
1059092,484.01676635718945
1277198,643.0595587149548
1087687,27.512979122954643
1069820,25.09024803468334
1036895,24.868192366241857
1296744,67.38735071543076
1142898,168.6804320756483
1398759,200.9941938204602
1080640,94.09919518341216
1260746,105.4106146830389
1171633,61.290111666841995
1230287,186.5986479547329
1499428,290.6647756323084
1301567,441.6713892040334
1463347,35.8867557569129
1428200,28.133540209264368
1291907,143.9488744900802
1147260,437.37264090739836
1454907,213.8623135283169
1217383,29.125077258757678
1011928,64.68663416364748
1379372,58.072002601865016
1338047,356.0469042971052
1469818,311.8336165155945
1168040,279.49174449841695
1009386,451.99496581743307
1168372,356.1673720225755
1324150,126.81340180213125
1059445,29.292006087286527
1099952,85.57539770757296
1250220,46.44273351218257
1188755,141.60006949859167
1446882,285.1445439627004
1144740,276.1097056966641
1464033,55.28857160300968
1388757,62.728238694482215
1323659,61.388342417579594
1478111,1278.918271598748
1348933,189.8086854863705
1449756,924.0962671364804
1230883,47.869494050196856
1167420,146.8941405123477
1405883,109.07374053232415
1175845,58.43541604710431
1117513,28.682587034181573
1024283,273.69855098732273
1492218,464.3741075612211
1027316,314.6431578023387
1471485,20.65910780862515
1024988,22.550722468104137
1260453,21.343574067160986
1489141,132.91086984086255
1454232,121.49928293079682
1011226,226.0152710817417
1175256,27.79222296439673
1243108,23.201145324826307
1093088,93.2099918587998
1217703,94.95213183676816
1282607,128.53125915577016
1370140,25.321052858788505
1219713,52.25805457811351
1249198,28.739620051909476
1073611,346.0305676604717
1211587,401.22052153689935
1068406,156.02601681412125
1342607,168.3332761299553
1261077,169.72264192797854
1484727,20.190958193879197
1352470,64.64071539633383
1088236,53.3532473619088
1215183,163.44192654091515
1396786,247.05396221356173
1094702,246.39994470967878
1089745,92.04317222200947
1156482,118.69440160417321
1103642,132.21758738004795
1342267,324.56257735263915
1025372,273.5811862930106
1022495,281.51552924620404
1493813,20.508513512423946
1301621,20.583805860463702
1075950,18.2017822046802
1136679,220.07625168165993
1430125,1854.8522160150671
1016676,1740.544959442991
1208909,109.66848905681518
1389983,137.83765798543908
1337158,170.95552220444915
1221233,65.91187486524343
1035195,87.86753247991463
1037113,115.22113720480938
1132160,20.355034737933856
1053053,33.15796119738474
1413177,33.914916053677075
1126045,44.486194250628245
1133753,19.996110816682584
1077837,24.728112496372383
1022717,21.398447545007866
1309964,238.62274428821652
1019057,90.80858194413763
1131145,153.7103398785241
1486477,1666.951148377725
1072415,823.5902011077885
1119869,446.9732098376748
1219047,127.42059877297973
1477396,539.0899279650843
1436609,685.0526021518137
1069354,945.0383109765754
1314692,136.66441368725302
1304622,110.98101513240864
1078876,191.88620809782515
1343631,1259.8454368025632
1066795,494.31769586920853
1161188,844.8077655527374
1149120,127.17023236090643
1221328,108.40973179266977
1480464,125.7057273302026
1161892,188.6203962047404
1149568,162.97596451291074
1300878,59.425306374362854
1300870,79.15873367504646
1258889,77.36791166029093
1454269,562.6863883297452
1438319,2127.6614726136295
1373998,2446.9438763022627
1012823,44.469335968226176
1156189,45.7220753631473
1140498,155.31244016197533
1091479,222.2100141381336
1353419,249.37469630613356
1457486,216.6921642204539
1144262,200.39392703564275
1052105,109.96681114240899
1415004,147.40186472636077
1453040,217.75794026506352
1239627,326.1897069290928
1381963,52.441280640039736
1467104,46.74192962504
1105735,51.837646240403735
1382389,281.13901665674393
1164582,385.66362048256855
1231645,460.79238422538197
1046978,180.3402267574381
1462588,121.69700588268287
1124263,570.4289650811232
1099251,532.5179999136496
1162730,224.62756972017198
1274836,1732.0367687626417
1410039,742.1014397772365
1269164,567.9073026551075
1028730,57.55427326808781
1495888,182.13885288923268
1069033,156.8638114438626
1006557,578.7914158750483
1112006,668.4641318109384
1167679,1177.721845114989
1328737,111.72646300796026
1405194,147.02696577361868
1452164,261.1631673524752
1116595,1209.2319028578447
1064513,545.5977559568898
1490972,805.0857699445032
1217205,83.97024140213247
1465304,84.27356430808668
1443319,175.21412891371764
1485382,78.27681076961312
1321418,47.288805986100414
1380035,52.49664759213252
1373073,41.79151163376474
1347043,614.4757632741712
1147088,3749.2726707422853
1471717,3746.2106918511167
1329642,21.595703883392943
1248124,305.9379613794948
1220181,492.5419477077885
1171914,658.1434857511732
1200910,175.1851317951471
1371309,100.3459676905049
1223144,98.60945616927832
1400065,129.10905741239023
1483448,189.10646227025154
1357587,328.8579551521134
1172707,48.267536705959955
1292242,45.03596031812201
1306117,42.423688315742844
1193498,343.9902244222071
1352621,532.2451980575831
1482712,471.6696553056321
1347302,37.22275118806796
1186701,70.52939304386702
1288728,66.45584370310748
1486530,586.0169713562996
1459193,521.4128516812802
1393759,365.3749103696114
1282203,874.395477455136
1179891,593.266195461408
1326973,311.5489748021363
1435221,54.065413568257874
1433727,99.27225453889672
1139483,68.44883588669084
1284565,242.05818481138834
1439856,482.34854549903747
1046211,475.1018793766137
1053778,215.69812901170314
1414578,181.05231958351996
1254839,158.9835059086886
1483761,749.5893330800227
1497315,303.56228144851355
1233431,385.4920094527056
1393399,52.50790139958546
1242043,50.55800342426722
1424831,44.544210249164614
1134215,170.4836154085298
1091267,160.55590786073236
1207133,26.12780515288829
1440267,45.854980643703385
1073033,339.681252531067
1336054,2948.840959764832
1054489,2754.8008950054236
1111308,32.26002688649512
1247191,19.91052399038658
1388259,134.50582107758814
1064410,195.2166230600924
1265180,232.78894982690645
1139023,47.181174987187994
1146782,41.94458675296949
1222928,47.99905337501352
1168385,160.4770999031875
1012312,82.80829276894356
1021280,283.29040360689044
1042565,63.4063826675617
1244605,50.01399152268031
1189058,534.4211611146708
1274015,518.0753265133344
1352677,263.1780892334392
1383644,382.153322876196
1305973,348.11193529847327
1101500,124.55680761000664
1475789,40.568597777586646
1282883,109.25623447213904
1191532,81.03849828027782
1281302,148.78635787462537
1443615,274.42059755003334
1332108,295.8448648376027
1222883,102.13056639538816
1123521,113.86929617119954
1373500,135.20022369457456
1093306,865.8891540584126
1452342,246.00121731359602
1077994,373.4790244738384
1069917,65.6808126664051
1167780,39.219091844612336
1266148,52.207777656567686
1046582,37.96247863064365
1419491,128.1747669607545
1209198,99.75851013817726
1321469,27.219632330742673
1322590,39.991044420095115
1461727,39.49934675112436
1321297,274.27595248885143
1308836,2096.4548836127196
1278744,2120.729867928273
1453972,22.42553039121525
1284961,19.14329904017607
1483945,187.927104319698
1426428,245.4829630415389
1280345,254.67926434947714
1158328,39.69749519846612
1084749,32.30878980050333
1041291,30.259053013628574
1371085,64.65209949921527
1160800,68.88198906949066
1106091,175.49242300340828
1189443,31.208145114697537
1327465,75.91594044467058
1123207,48.214730257225085
1395535,468.7602309857128
1350862,549.312406661623
1470638,198.0430848100502
1223757,2776.5180416626654
1043364,1664.7232554305517
1246275,766.7893563260213
1278666,128.76568080845595
1333706,329.5191295182361
1420309,246.03348520628288
1400253,748.3484201380523
1061474,979.451107477447
1283830,2378.886661100143
1057534,106.45042036142097
1261642,122.53243498171207
1374187,282.4567039204562
1373463,1878.4594030497765
1209612,884.7676595280315
1282271,1379.9686065406622
1049965,278.97900236628396
1371511,297.24653829274763
1389659,136.997952194365
1222803,272.7950685441089
1061931,393.092344934278
1367532,245.96675303636047
1370845,104.06266109873302
1459356,158.81393342375287
1117354,97.69481727210157
1232726,1077.776751616546
1093556,4034.4737286087015
1229128,2960.1579764351254
1155992,63.86286498443634
1467469,60.48880594380751
1357985,52.81039563044053
1381446,570.7649933030283
1000649,757.691098431197
1285242,763.230106573791
1322481,280.31004964121513
1237322,228.47217302047423
1255347,234.59334611946727
1350477,220.82979898896107
1276985,326.75805079298254
1446621,564.9654611417071
1035515,116.89442552039647
1194463,121.5055079209692
1310908,107.83028381015983
1318247,911.1690501613278
1219733,945.8161250017392
1173723,1002.8020588893194
1370097,76.89800646201269
1257959,189.64478851553648
1165749,149.8050581262106
1027375,798.3909887146933
1019661,620.8369534199818
1162772,418.3923359504449
1261333,1085.5628836403985
1201647,596.696448959413
1094506,285.5512681308099
1169782,31.895764742953574
1303129,117.073651851215
1469136,92.249142412472
1207782,334.0337352487092
1192653,449.7401865081834
1129462,623.6275192115062
1475116,127.0930542625099
1134125,177.4595017342305
1495295,204.5085866331673
1205276,659.7316979415685
1398775,265.8550526406295
1160729,471.25338053673767
1169282,37.88503549938465
1035696,91.67359081899657
1067289,79.12467455119545
1368955,33.22297913808266
1003827,51.08417658448281
1230515,434.3545196700712
1215558,2698.8992099108955
1273328,2955.3705612223516
1414039,20.696842230715433
1004285,190.61477907261764
1110335,567.726802281741
1333022,567.124304452765
1153239,35.82379336142725
1239978,35.801964739275036
1340182,112.52711108867898
1441846,180.34493514833702
1132759,284.86407730062814
1394160,48.88644595810523
1141716,51.89938151290278
1038502,32.44424594874843
1449649,173.50130444004972
1023345,195.553583776578
1441461,217.9911254737278
1324469,33.12288819109576
1177896,58.668018061665364
1419391,50.5983774142772
1479481,268.0772813982609
1229915,226.98565926018298
1247241,207.21915867123067
1184174,2029.2168630360188
1055582,970.6956141513939
1102254,683.9115641239292
1456846,105.37902407659224
1272350,306.9405784029009
1254708,258.9085711627415
1039677,692.3611117639737
1432316,833.4646732192698
1436213,1250.7725516534674
1038757,119.04275257342549
1207627,128.3544864695421
1199733,246.98110021865858
1341807,1443.0771533035208
1216417,610.3949530424727
1195936,1035.388812377433
1287436,123.77210448389798
1146127,143.49390756061837
1257501,77.20857904893091
1059717,107.2928383022322
1259733,205.1168306679828
1197506,140.4582571792786
1319999,66.46059749795414
1045566,111.02470380860882
1060380,66.28840709904873
1108374,661.6280485241556
1315927,4079.30296978967
1233583,3607.5991969109596
1085653,36.95940398243023
1196939,35.03624182334417
1313776,534.2013231798176
1351261,825.1694148835951
1405637,706.4109742546982
1349583,152.80318649670645
1336749,130.89665482460094
1209534,129.94503362846535
1164141,163.87850888746428
1404749,235.66116207921948
1458693,396.11417922001476
1474327,53.330759535461084
1282683,50.83634008860345
1318948,54.761885760897776
1480355,355.08962391013523
1056960,644.8617514183261
1487161,519.3122973089943
1008500,141.05003590671348
1092639,142.1514297760501
1198939,606.7119778323643
1118334,502.4602044606153
1337311,370.6431839657124
1455829,395.3048972434788
1300798,285.0022154082329
1263568,117.29251714409997
1085320,29.741063404377915
1467015,76.72317419595018
1294141,80.42671071055204
1321470,154.2887831083335
1398009,281.60273802844955
1471069,259.2895098308505
1021287,93.82297253299555
1104489,112.67735261517686
1167180,118.91988757222342
1426580,672.0765451709043
1306893,215.50853698055602
1381677,344.7390548801341
1123959,65.08677839077099
1008521,36.979383061054506
1472495,51.182529762246006
1401879,35.299615725209584
1406179,110.07566502981598
1326168,89.19507871603236
1443780,22.338540334456415
1007138,40.89891179603204
1476634,35.41454328649831
1496541,258.4448133397982
1279245,2133.3737659876447
1277454,2339.488569100731
1130968,18.42522586659145
1223081,17.461640213328327
1127406,142.61553293287696
1012486,211.05034133096206
1079096,241.70869379639228
1181824,42.19858497126612
1351500,32.784626118137496
1386107,27.242504608299605
1184696,64.05346168647385
1180413,36.59364522114471
1192293,83.33041709076456
1445951,29.04154646992253
1327384,55.05184872433372
1174841,43.136080802793956
1305132,354.6079698766077
1285880,409.8926210480969
1273993,184.18173239010142
1239027,345.1164510118566
1113550,238.10519957460116
1084108,56.275642098523186
1404629,22.629139746058218
1434155,66.22112310517697
1348839,62.48085960754293
1477313,95.67284194041096
1089017,259.24482087437076
1124052,207.3028099117352
1452469,82.94634070359922
1063625,90.60869879119356
1208483,102.34342233754545
1395756,537.6997896220968
1487950,119.40571907583391
1263410,239.0119383154756
1472554,34.62845442997715
1157790,79.93833419772612
1380842,53.00492807535229
1396237,33.7588404647869
1408066,29.287817246532146
1029886,161.9006919963221
1360286,1542.1009464447447
1055063,1468.9941232200977
1093786,87.09580375430396
1111575,129.97917031102742
1195946,142.36554447437493
1261731,29.281450700454695
1341838,28.91569221869386
1299687,56.178323896920716
1032225,30.425972262496632
1330234,72.96380113934927
1412550,26.001197797521925
1100095,48.028278401161366
1461775,39.17332169927725
1449523,238.88031938555866
1362777,270.4331887470393
1390732,123.19323986030285
1214244,539.266001955145
1421486,400.05938530219805
1035903,243.55325501546295
1151461,69.9446585372745
1344236,137.57500443676076
1379760,127.02737522392306
1438925,148.24203835833762
1100432,466.74503623701935
1481693,444.3031742478533
1361864,67.96765048256896
1096667,52.63839301173937
1066661,1323.2290494578783
1251281,348.50423248564795
1090506,856.449548295583
1046443,108.52536079563198
1177634,111.02787997039472
1331426,86.67665936635849
1488697,133.03727405938207
1082947,292.3764441902278
1493527,284.3868319702861
1064804,46.89603949469044
1064331,106.68324486834803
1321403,75.0356960621412
1443671,453.0613627782263
1126491,2115.592177426978
1373130,1983.3818913677476
1344470,46.319680368530285
1398619,36.54480724278865
1278926,41.779884393081616
1438934,129.50371342174455
1322492,197.03385176057625
1085442,225.84733180731868
1180036,48.34398707006703
1379305,44.60433838961501
1338236,46.08270618902599
1052419,252.652690539866
1244347,232.00498124038202
1024324,365.7302559292214
1064488,70.4032983697683
1151739,187.87446532874492
1373391,147.95948672785403
1156082,589.5180269225334
1326829,544.2335354862083
1394265,174.48867290181155
1231613,101.53031638011329
1088866,109.46373302957656
1024895,63.364326742621444
1085905,25.562175661108757
1491788,65.76153448707912
1049512,40.01602146106122
1064086,129.41591018169683
1227862,320.2870994394918
1365491,146.60016733282504
1057633,116.97096331308414
1491066,128.87120706985047
1139202,146.4712581009723
1407912,434.3916598222542
1079856,176.39373606137943
1294843,193.62454048551342
1251241,37.31990836997032
1191230,26.244225884013208
1085656,16.49192549145964
1154657,21.481837251799256
1497882,105.0803738628926
1446165,2596.815192705703
1054992,2247.793168047008
1331832,111.90510067810364
1450338,131.18935574580894
1080033,123.66248077118067
1310930,23.13186597998547
1136132,22.973081761102996
1343671,21.757404758569887
1307543,32.18627582304963
1227735,22.662827505161733
1424143,34.71264254876223
1218876,32.557970685382486
1222607,352.3625202427008
1211353,409.0576790589031
1492236,199.08025853765534
1185456,306.8258219364978
1023270,211.96395340132983
1159056,78.39528988703235
1448047,26.540452751371536
1296849,91.44294565831058
1390803,62.35610249055435
1345192,124.80337459680824
1215503,268.95238113806056
1171401,215.32175525519827
1379516,68.96948072527924
1209535,86.15402883874536
1373619,71.19807363954655
1109484,332.8607752569801
1056058,124.36841848585378
1487646,189.78567158346948
1135766,39.31911563871252
1144864,36.017218551670766
1414348,25.32984956065093
1269124,24.419844180288862
1420162,83.21823660694595
1465226,1414.44957178139
1359971,994.6884774685078
1146029,16.248950184182114
1305073,55.000530478175286
1483464,75.67518950530166
1324878,70.2967996262302
1438038,59.05799418947737
1424409,45.739308174210336
1283746,39.30010688019797
1196861,183.8833702083791
1180673,195.8057102169968
1473086,101.84778757092883
1435295,1104.1524923197085
1395825,561.851211397645
1481749,460.442135283382
1376522,28.598059770555324
1457798,132.0981192604712
1083867,112.4100948962041
1492206,399.09514818795805
1285535,504.4763575367427
1356813,933.8870150620171
1058774,157.8416643381704
1250372,163.29393618046316
1448108,270.9368002144553
1340381,751.0528641087972
1267263,414.49209112476336
1164863,540.9394490564426
1195303,67.73523122690335
1241383,54.86978062446846
1493205,49.40102681298001
1283930,64.70232050256978
1237454,37.41072491805677
1003574,55.245557683742234
1305920,41.25111914477653
1272692,479.18445657276624
1322953,3252.8349542950655
1167859,3309.5018617709984
1150337,23.208719590382856
1345390,22.02182638925824
1333504,240.6666535653187
1289569,280.08602802613126
1076655,308.5372227197647
1309929,155.78731856362415
1276527,106.66529288472033
1441997,114.42576226486267
1314991,132.29319028387164
1085344,201.80646998092584
1219907,255.9891849029055
1329344,44.435693967408454
1226086,36.618467568270674
1389451,38.1607404437001
1362664,171.27033896920852
1334332,234.33802705947838
1249789,204.43175524504358
1363690,56.167444240049576
1201392,43.0799125904012
1055317,376.5832863108491
1444516,281.27652356281845
1256809,239.6744743994511
1355558,785.756872288076
1306725,558.4859129998351
1319511,222.78423811627158
1490438,25.55345266277511
1326348,127.24671127872108
1108059,95.39799820230265
1316409,308.3989769223053
1192944,375.53419643636437
1056537,402.5003672863497
1174467,192.68453905477875
1451444,251.66048879175943
1069438,281.6748447678377
1077818,628.3322027792847
1155889,398.54087819387274
1491947,409.71681711632743
1176683,26.434272895974306
1372827,24.990393146319892
1416822,23.376002421305188
1022522,24.85618938276619
1046072,344.134597909161
1248212,4421.38033812191
1100089,3809.4229656909524
1216807,17.416049326082987
1365133,129.8827112270312
1228444,85.01332911745153
1343164,104.86587948670423
1419443,33.138107992967704
1245334,22.021787324359526
1305088,37.28332479144011
1428523,192.64059930266816
1237972,204.66460505583515
1278761,297.1327420934486
1380157,23.872095382393734
1268287,24.34499375301466
1040530,67.8751241363565
1322237,51.7944622042476
1236493,22.638981113586226
1164196,38.46178140571218
1406779,29.819576676430678
1473572,549.1132828416562
1256216,383.92256458533313
1205185,445.84411324851044
1337172,427.80612387278404
1124970,275.1744840214261
1429561,101.60761551757129
1413088,29.184778671934232
1142767,91.09304067446567
1475274,82.40650860409708
1273306,109.13165808068409
1295754,253.63545797529295
1140038,223.56759852007633
1035694,78.95910973690924
1343939,50.22646468668685
1091560,56.30627593651893
1348391,872.0586925900967
1050411,239.1676947353006
1272163,515.863491506844
1150293,64.0704882512183
1397480,64.81073575563364
1335268,43.190157160698945
1459186,60.05301821452703
1427939,128.1067058365268
1289986,178.24602845511473
1171733,46.17919375750979
1035271,41.38349830621607
1330418,278.64134653822686
1345268,1359.7279631439992
1069534,1930.2595961836182
1180814,26.396525044033783
1066390,83.8082963602506
1246782,132.4571214026894
1144598,183.37281227524315
1054276,38.092374730639214
1308702,32.13163194587497
1048165,39.866688880581435
1026148,139.96699939771347
1356887,96.5188224388232
1261360,196.41172075117208
1370470,41.360599029852494
1158108,81.96413322251027
1310318,62.74312196992206
1169123,450.9171222689417
1284825,495.3181255231823
1419475,89.78820064030315
1015073,768.6142090776774
1050460,617.7983688234477
1062552,274.24225301356154
1442880,37.519041668111306
1056463,86.8983821353456
1092421,56.08775085139834
1466619,224.2252652965261
1499218,435.271485899883
1147287,544.2545849340748
1405738,132.21757112919843
1105094,129.75949841919433
1337968,192.06036126443422
1336903,1080.2430422583504
1422895,287.5943552075828
1068952,604.7738569438712
1194176,109.91609977253826
1141516,86.9707835990094
1391466,64.28515786069481
1444240,180.7551535061253
1239251,205.50258441907172
1377021,29.882891650675926
1089133,41.60886976586544
1051830,38.69655436821771
1339466,421.1930484761491
1111506,3317.1654204730603
1262202,3365.810918037397
1317479,23.53059112658929
1052719,27.845878114476704
1460815,23.958210918161154
1095113,183.72656786955753
1228618,194.10909536365614
1359067,306.5091400905373
1352307,81.88725188271066
1069542,57.70245569448884
1121542,58.651030206533754
1401794,175.68413146679225
1290682,127.16152711706198
1118619,247.29261496806973
1348069,28.32170951856306
1216157,68.47646219133534
1133636,502.98439596601986
1124519,529.1379792886523
1422970,288.6105631018372
1000635,233.9128812426562
1247236,174.8791837791977
1287972,59.72413247538556
1476296,23.67013198416277
1101674,58.443914578326584
1051165,46.484991100087164
1035309,84.26026273454801
1385803,212.9485910161956
1160566,179.6156178340702
1442299,78.43866124706906
1457734,80.60409501442953
1214290,83.99005955741438
1189975,556.8934856966148
1353513,101.09090917924811
1444680,193.97161376965593
1190587,27.662368424863605
1320270,29.704122917563488
1196912,60.21170277784602
1254873,50.621701236406324
1438716,19.50885569274016
1226412,22.080047059568386
1238349,124.62616912834942
1179988,1506.0033590344024
1329187,1141.7766462489471
1266107,17.12754829580201
1276154,17.297894550277757
1470294,94.19286598191462
1317808,151.17282348979268
1479793,137.19325994674756
1108815,35.54942132316694
1230866,25.733545898776985
1242958,236.87431836947857
1017675,198.03477797127974
1157912,78.59712755119828
1460838,1721.1584674306025
1145349,949.3187411553478
1447886,726.6572859323059
1140546,39.37137066173041
1065479,147.74660667199078
1332949,107.31177906334318
1328800,410.6081505012376
1349906,471.22270277226085
1301940,857.3076908019023
1480277,75.45521660865805
1060615,62.66452629475252
1383879,122.89408272594144
1457640,1104.243956176196
1386787,419.214769633402
1112156,737.305764711494
1106028,127.85973796404025
1381878,112.62054918342993
1352878,143.13795139683458
1273271,202.0232529239576
1414764,214.9500498797738
1416932,55.631927295541864
1324346,65.08980162424608
1317691,60.81283111469493
1420775,503.4298592395632
1156522,2993.867579726014
1173318,2551.1666047017134
1483231,34.325613113884245
1216877,33.72241208586735
1427174,241.9263462724434
1273324,257.5157920687686
1393208,173.48809965007874
1132673,105.34320701858555
1195290,73.10724899723726
1225162,51.076160380043376
1217013,99.67309490496949
1067336,162.3652158959537
1318084,359.5256631711599
1409495,41.39218578816616
1162475,51.47088896922725
1263657,291.67312032674374
1273195,545.4355572597273
1070791,591.8304475581633
1108277,49.610866637751656
1330573,79.31983976992278
1286582,67.75371110135677
1251025,450.8275768264547
1188609,384.10302161005984
1457607,209.24788872525255
1308326,1189.1147402328922
1237926,647.1965602304324
1246248,373.26253503629727
1368739,51.01643972406698
1161565,121.72727457512599
1130233,100.4852726586923
1130092,509.57072941182884
1437101,561.8582599418894
1087168,1069.5084276926152
1282035,236.45150337098073
1348562,230.6128674026121
1030911,312.993874706375
1453288,776.7318993721816
1457395,454.82476552339534
1100120,578.2720686140068
1038934,71.13363960416514
1278331,56.05624111475961
1277416,49.09519244821283
1487581,53.85172266343883
1369127,43.92950596895819
1129615,29.437721033424932
1402790,44.444755214991936
1405609,35.57272871582541
1268189,540.8792208860499
1465484,2733.1828237554782
1128406,2447.4305564724145
1428535,20.85869369745867
1172447,94.84847596288687
1468167,106.8595080447238
1183307,87.44858253869292
1445758,102.00113169509221
1077552,72.50513093566106
1363674,62.48184070325076
1329499,151.99740124586444
1095222,216.80443210944568
1200472,280.5914040593811
1183298,35.790168201453135
1460059,123.87187209278622
1335600,404.73725189320635
1448665,227.67362094219476
1208445,58.25332172020613
1224577,46.44799904644557
1130480,407.47592549625205
1207212,355.6434353399251
1008040,295.70051165889265
1203123,870.4290498520949
1184976,657.0009354326553
1283670,377.8339533421367
1467272,39.19642691285443
1456597,84.46016563025896
1069357,52.47468935147896
1391855,197.16885712436695
1044843,400.58231379473426
1333252,474.2432112115042
1011812,143.49092227960335
1177757,126.7521175103729
1417742,182.8645421759825
1133607,954.1665519766904
1316610,258.6054407750928
1423052,516.9348432695392
1157343,99.27908802217728
1492483,89.03758955808036
1183500,65.84271419290528
1048256,81.29548261688218
1274093,235.81681564078195
1072711,190.46856419836612
1039477,27.25659898244383
1126466,45.852008373191254
1009353,41.552510322423224
1249006,394.711319163013
1307672,2368.352804514132
1133951,2547.7739864555538
1033661,28.44254569198348
1323552,25.309958232962025
1497257,129.56014623927408
1309184,207.63535189464596
1491854,288.46137770291955
1056575,70.48021687359905
1028786,51.72709716966781
1370973,161.78424823456555
1092291,100.54584987042378
1196047,216.48140917502334
1178951,30.627785537297555
1064759,75.98387688617164
1209288,64.56160148330349
1407837,436.0065251938116
1311885,468.64746535284746
1085213,183.98922737893648
1116819,296.694899820768
1030695,266.9607270488759
1247893,101.52154129486526
1299413,25.69837095296643
1083003,68.60841671902803
1415718,69.56459247362443
1147571,127.12677042148619
1271581,239.8000337149501
1134359,263.62334330302883
1427631,129.25024506723025
1486099,117.93295243677615
1107278,153.2131481478089
1308113,595.2730895814676
1484768,183.42663960806306
1189322,267.55644118626253
1412337,42.16842213254094
1430159,42.733376914804516
1324630,33.5474409864029
1075144,206.3816331754075
1262296,1790.0892395502783
1153581,1023.4619950160788
1295298,111.11589029381972
1366195,191.1632189228009
1320991,187.53076677067108
1331309,28.355089452536113
1123405,46.00116005004701
1008514,33.42502754911544
1463743,63.133228527126775
1142480,24.66279497258413
1282614,42.852075816093716
1060117,31.536988554689884
1398093,335.8015082053314
1213187,410.2599178694074
1119745,269.47014624147056
1271801,63.3335516239125
1002495,59.55298076741632
1035550,39.30758837585849
1277410,41.46505987331669
1103994,87.35124198202878
1201850,97.73076788097109
1093297,67.08643446493807
1032271,115.96327735949902
1339391,132.96714072101867
1323284,298.9395871257973
1492037,83.26063124184166
1236727,90.90260778982942
1423315,19.234590933207123
1409411,17.857413183937844
1464178,18.033151249370217
1039474,16.18791417813156
1235410,59.427153280402045
1403309,1115.6460813182227
1188811,636.2072591148108
1310040,50.80232979197952
1488536,130.1038957303045
1407977,160.99041046564167
1481969,163.16639993765486
1397433,26.42421606869314
1356379,23.43229402811773
1057370,21.453454800363467
1114825,18.51495557721897
1119724,16.18680213226071
1094135,196.405062030355
1220817,94.56666700483241
1380785,173.47737194945753
1040370,872.8879739945834
1097531,454.8489978425063
1407599,311.9828058703414
1348778,33.907168955106904
1216595,138.02090793574837
1084154,92.7640585099463
1338435,246.7346349938442
1453426,326.5692387490686
1448482,602.9591611487872
1125670,62.97714286798875
1293530,52.86255037059798
1498099,99.94910556717758
1393876,541.2895164985796
1190415,193.06539274036197
1127003,390.5771589724097
1160472,66.18412831667801
1482729,68.21615165026829
1340919,40.59385908672
1214002,52.03622297892815
1493141,103.24028023334456
1344807,64.07329352953438
1067532,32.823594412027184
1260776,35.522061574224615
1189909,37.711402042066304
1196763,267.70666672274564
1452021,2258.8833373243347
1184241,2063.80511343336
1235797,23.298985490072297
1313008,22.191934231865233
1345861,20.192021571355372
1218091,183.54580302435267
1266794,255.1627677664889
1332984,285.6530044171991
1047818,105.80265423642007
1085415,50.12437404209107
1282300,67.80741821458648
1055383,77.86653073689132
1401921,136.35545466247902
1261913,231.23766004570595
1456193,36.89831684679459
1391624,32.615509805984125
1319625,36.20795862010318
1041709,166.83043341029997
1373742,211.59913090526578
1206279,192.1405008540203
1082440,51.03689514262324
1051713,224.8829445298753
1009958,207.28009178401535
1059036,149.71838173699868
1153098,539.3303121672203
1055703,340.83779163162853
1102204,167.13963537193547
1127373,26.42994924463427
1301125,55.37752365689459
1075374,88.90693512559996
1391373,233.0591952427181
1488304,296.519855567456
1264903,65.2225141934713
1072570,78.67761601484649
1497528,677.4350622586155
1207501,239.32485284003235
1009379,406.1989463489304
1234301,106.62770659598776
1114903,112.04407194079835
1478066,81.77364253482968
1490043,53.93948726079319
1217315,159.92304920454254
1227658,174.5917651215596
1137145,30.358664828438435
1126583,35.09336738933535
1409649,35.539228539494
1029390,338.9866464650997
1232890,954.1402838297347
1199840,1004.936335498203
1023964,26.822312155140914
1327489,19.06435830371793
1355001,107.17409847743352
1383483,141.34867973335201
1111467,232.91270350099438
1007527,31.625290215660527
1348534,50.259956014055234
1093795,151.05813309771133
1177395,112.09489257016165
1097789,255.0467173127966
1373961,50.677703382051554
1296788,38.078441019017355
1263671,351.1054047542447
1459766,268.2680468012242
1446318,92.09832761791203
1261433,2405.571059517942
1269069,1259.0827820312588
1404230,941.7121341493597
1336029,70.13711427727587
1399299,243.63097907430407
1177248,196.649238179138
1445768,606.0706147512257
1195695,723.2786958607331
1088152,1152.033994438859
1454215,101.669178020229
1134300,117.15345222616844
1014383,244.16313788684718
1285817,1482.333165124791
1138700,553.6481773111193
1461969,967.1885472788748
1128200,131.49470579083044
1314452,96.59617454759974
1315250,62.19663211098492
1413674,78.55153343018087
1056095,224.21491637346924
1036858,168.07916314402257
1485353,122.0184034434401
1390837,62.812736232886344
1194190,604.711295235066
1119487,4229.277056479889
1339749,3773.071345129929
1061782,33.1935578459179
1135715,30.553808855118742
1164057,30.823457796822115
1107883,521.6864707545392
1270377,715.9940397103787
1198926,603.2334102633582
1191793,170.71990485021794
1224526,143.95788693041786
1006345,126.97083564752006
1454022,150.7043690194154
1349257,185.11185388144318
1222378,386.98570201657657
1214827,36.759157534846004
1374452,321.12874774098714
1180417,787.3161306904279
1028933,647.5673822583253
1210621,43.70589888881679
1167739,111.55935714377678
1088693,103.090586022787
1361886,507.7518144883623
1141573,405.5900529045178
1196671,367.66077115507704
1146761,111.92617179227354
1261241,113.86736266003565
1443500,49.030675248604474
1403800,98.40702368176102
1466039,70.18133590806589
1179883,108.66943948410795
1240414,245.86675322411648
1180298,120.96781380234124
1490887,77.88996126008391
1256555,77.6459036297301
1001420,660.8959706173216
1142876,179.8622431735678
1281197,213.299544583031
1455208,24.629783802201537
1253092,28.22974412654917
1135228,38.05485134725944
1177502,25.15013957667332
1407030,99.26946334006738
1195403,3144.4509026289124
1375107,2790.5441669638603
1429537,16.238387779209422
1381175,123.47283333102223
1137531,126.72185397504236
1109600,155.91087990074604
1421410,28.947542956243478
1486214,26.21099212977654
1395368,77.18096168142978
1397416,52.449027306294774
1359004,599.0591099239565
1421162,644.5610327630731
1398564,221.50735649185557
1089746,985.2319903781843
1410758,628.1873548112884
1002962,430.9140538608599
1351109,31.118655659830843
1428083,110.57481544538602
1484698,75.36587235129412
1028375,454.0547171819818
1206135,483.2928807614811
1436386,776.1948217138942
1367408,125.69933360203731
1053898,105.35238748780742
1382425,193.16427036728288
1292070,676.0607755353809
1480206,287.2341224920342
1120940,433.017177554877
1468339,47.062951353601825
1136584,41.15486427923964
1211307,39.48947378423706
1369516,97.36149302769257
1184088,80.74494954585354
1105879,31.190753457089812
1143486,35.99709404515381
1026211,394.679770279304
1050747,3536.4615620330324
1173416,3249.183180262792
1415526,19.12315245195451
1167608,17.673059607992666
1448873,383.0398757575269
1242415,483.9426828468343
1121953,330.7776111262867
1403412,58.04228499346468
1035471,52.89728518441596
1292202,102.75128831788084
1108945,144.53352506684172
1066731,299.8444672146747
1258400,34.63543664264981
1151588,175.29902736840523
1414898,148.64261053733824
1327710,189.62741041860411
1064923,49.00110985416678
1420107,35.35700903450336
1123527,384.6888388840534
1000907,339.20260953021216
1378334,350.996349420675
1130038,1112.6028479100248
1464836,574.0725980528595
1353492,350.41775578391736
1484689,31.904686224212455
1274850,102.95738842748874
1252107,81.60109586909688
1255664,338.68038914077573
1131960,424.858166371671
1412625,768.9828645996362
1440115,67.99493057047015
1382021,71.35093176246961
1395998,157.97420050205432
1270843,847.7856922428892
1408164,279.51026799228873
1481165,618.0695338929484
1437947,137.64354377194633
1439789,135.72109528521003
1275465,76.00055554647778
1194753,255.1893618105571
1147342,233.9661162971047
1103660,40.180841020948804
1247834,45.62423995189556
1422780,41.82637828892492
1108976,479.850316707432
1182231,2795.082845394173
1067128,2508.389746692242
1200620,25.78734714548822
1385060,31.080445236459695
1088753,19.8809488773007
1150452,217.79821494651284
1259844,316.63632078160606
1366093,331.5260101701984
1090724,142.38173153348805
1219034,140.85868106492094
1315638,76.37237872025631
1360974,103.69205001018848
1326611,160.5070660222521
1351077,315.7111488007607
1391976,62.783310183406805
1495438,50.740143747814635
1241681,57.573268928425435
1249355,339.7360389681964
1374023,364.6384857600623
1466744,364.8762949066674
1399018,30.71067645057386
1004548,57.256059203935685
1139669,52.473456292410965
1055616,363.31229724928824
1122846,277.5554995061337
1406454,193.04299458724321
1039371,78.14519574789544
1121211,71.77871294007987
1264908,41.2013611277776
1296533,45.018606415444786
1426208,114.51986384494155
1409006,68.28450727454126
1173379,85.13417287470917
1118431,124.13762457487321
1079464,95.37995809142271
1444017,529.1128664480295
1193489,143.57691852256463
1181755,127.28393010736889
1246156,15.724625054817377
1044415,25.540635821607797
1363391,16.520345631899037
1039041,23.181219845254116
1493857,62.148372615559026
1328770,2402.109311521934
1345825,1246.1532374626713
1033807,142.47452653417454
1154816,142.24461391808623
1481379,133.16355156411345
1369285,20.250877906969748
1308262,25.201128756785526
1072338,34.852899210801496
1178054,67.41438527543455
1198327,40.5888336266311
1014144,391.58422501676495
1087415,426.04028070610957
1358775,217.41837081855775
1485144,613.5116938210344
1351561,441.7387297703317
1094451,260.2708309623691
1403001,58.45884068308106
1319256,190.11094518563434
1319491,178.7412620325764
1118664,215.39802182185434
1460451,523.4913175429878
1196492,522.8174826044268
1195267,90.96428247557063
1382081,100.41075074015413
1313925,103.8033083556686
1275885,1258.1209379491518
1483396,344.455164408691
1491377,785.9662407189379
1183714,112.25057422434756
1070954,97.63194597616014
1051931,84.67903284552378
1224290,258.4709486661454
1258071,230.09797707769198
1044208,46.355953666939136
1446159,83.56030969171357
1246054,73.32222798033492
1467684,397.2188133352077
1481364,2329.312822408762
1463940,1840.3101465501418
1363332,30.950613932951462
1154879,33.49396012847369
1442863,132.54890046406837
1207734,248.94043439460995
1052063,292.50933580836374
1104983,65.10585016934021
1387722,49.25298640708928
1263095,50.642079159024114
1356728,208.49264017703825
1068227,206.28193259297262
1471794,396.90536222093357
1254577,56.128365765265634
1485687,125.13373498701479
1335177,111.06938022926518
1066128,538.2063721039515
1457115,521.0293819915192
1087099,187.99879741213778
1271835,395.3722632046764
1312239,331.16104766036335
1234576,88.4175332717056
1100724,22.859142139932516
1335989,69.64741075090048
1345160,60.98851753899334
1069628,174.9089733236394
1469630,443.8314047534128
1463021,382.0891805349274
1414175,213.76560074989803
1084662,188.40052441477354
1470501,189.93689466628814
1107382,472.9942361489937
1382879,231.04029529265685
1194304,252.54829534714327
1274988,32.816968276116825
1240654,50.59842717842929
1483648,72.55744801675225
1269302,19.386980549370268
1052405,26.38985738275787
1027289,28.450322790973395
1313290,209.79442547413387
1037102,2540.2257613766747
1484270,2140.1249636761463
1158511,16.490998458875286
1222111,91.89488812986214
1389785,172.99921823005442
1050510,120.09567501829746
1168202,24.649995579230726
1052745,23.218263348975857
1169013,56.38114399252812
1040540,46.64489875384967
1453344,76.65870497679786
1051817,32.177273839539694
1029890,27.33153478118101
1334159,345.1912543126086
1077256,480.7979970003302
1456855,188.9155737917925
1357059,1857.8677550543819
1028254,957.6235296685736
1055924,354.25535297084275
1353130,46.32723483026653
1076577,117.54313769037492
1421169,101.02976220990956
1217432,459.2318303550805
1319084,592.8721202961905
1480696,1103.4415651100442
1126504,150.1971605397587
1036146,131.96781154390322
1179723,224.1547438773335
1300063,1061.6311555356529
1165413,411.093732205352
1488081,794.9537441619598
1073773,89.0179036960885
1083750,63.17974544625859
1334811,56.139515686712755
1283401,94.44554983092766
1307591,67.0614979549456
1325050,52.55597138600619
1038388,537.6843868152674
1047892,3119.1489222733403
1221712,2773.23846971875
1032642,24.361341228081326
1098944,23.596458701327723
1383592,99.12312873636805
1110449,110.28193028985021
1127095,199.345610306813
1309125,346.40639838891195
1326605,329.76097303443936
1377977,242.4269350749915
1251620,149.30838028425617
1001984,255.96407628517295
1419512,330.66668165029824
1428246,45.758971075388665
1343497,38.0158053843923
1120131,33.29715114087078
1333616,234.31915591143127
1211759,267.24314370947417
1344886,276.0670098652993
1442954,36.61918557047903
1147289,74.92763551347146
1344427,73.1363809206391
1341626,392.4236415428525
1166087,324.3879929223452
1148765,229.9999349032706
1100317,592.8178738686651
1156949,279.3667714354497
1134301,95.99844144022425
1304812,33.00138826734587
1209150,87.5139717608443
1221546,69.76214784367362
1180229,130.84677709210456
1221830,375.4328883081665
1089009,235.68184253067884
1177992,95.0857457311497
1336611,111.1340532207236
1017666,119.72717402952168
1495930,736.4179387157924
1004518,223.3798953242805
1065792,325.80353818655675
1163862,68.92348338534305
1167812,55.84266970631146
1279711,50.94142716778244
1294408,110.21707896056016
1301442,117.82545228842845
1337742,28.198598687782177
1471675,46.15360181867567
1441363,32.63056727933457
1250420,197.75730116569284
1023350,1914.8168321065561
1460257,1935.3758609855058
1243217,19.947554321689704
1383376,140.55019834545328
1004792,161.56701783389263
1471500,202.43551603228372
1388970,36.28496282976572
1255438,25.90738592795545
1496795,68.30075515086413
1346793,47.80063142596032
1273441,70.81667893595271
1208761,27.33913838547339
1315511,49.63044103597904
1123237,36.4595883851192
1147453,332.611169017812
1401269,327.7470966715902
1435027,171.59325465797934
1479842,756.1337085180296
1335120,510.61239442883493
1266346,221.9708453672341
1443298,26.891301967753776
1160998,60.41184436923682
1433094,30.312809533709828
1354912,146.1519614778964
1489710,276.45645160441705
1206483,366.9898536566741
1205178,114.60228772099282
1382964,115.2804784479211
1098649,153.10311646151234
1328013,671.8434229757278
1116922,202.59589324451235
1357329,348.0676487921329
1154131,62.68522547728839
1203305,38.556752065128194
1405532,43.75681068834861
1272906,129.25582298203386
1278925,95.34268262969617
1214073,25.98118460144597
1131539,29.728751739373735
1391815,310.7302737658178
1308041,1685.139124961462
1361501,2310.4416993725545
1359350,22.902011978579132
1167619,130.3859081115765
1411529,155.24257943816167
1209955,209.97083465818847
1285450,123.80767066588247
1323323,65.44032261782597
1293905,136.7233432308752
1159054,25.601444206552543
1478629,49.55126103334928
1401429,35.430928922876696
1194866,403.8605746962731
1123969,412.2060255247801
1313035,191.79092957050733
1201640,477.0028169135813
1471555,293.17956721534836
1172117,96.67357792027627
1283593,54.51281999393669
1007891,66.65104415217182
1464379,52.51181291870884
1187374,186.43499248376983
1386015,451.53015398476794
1451683,304.85431172972346
1339299,158.85526764537764
1357633,132.89113753630906
1111401,121.51076360772767
1196208,577.2789866080892
1052664,163.04672869897632
1186550,342.1817330100199
1326138,28.657366752562027
1427762,77.17328306536365
1361966,62.159827075282124
1383155,22.772155804666287
1030857,35.00651581255336
1139627,31.567210723111266
1154847,175.19348541633713
1213496,2220.0982365720106
1378286,1391.6861931758217
1460258,22.522297104873626
1186075,21.35767008873284
1017536,19.509453901047944
1450900,69.39146006271893
1224522,107.75012395372323
1127451,73.93675037408262
1318678,30.82942246185378
1106083,108.66293780314699
1482122,91.20155437670871
1436549,211.45371522663478
1093672,27.232135613968182
1469694,45.95632028097095
1276722,33.81063887653332
1481414,329.60357338618087
1004561,360.5089021189085
1002579,96.31322397485917
1365062,714.8215217679001
1101142,446.3894386452238
1273134,236.05708998472647
1134994,65.76301957429301
1154883,49.14418733156172
1277171,150.87915336182218
1249231,274.9116724590446
1038965,344.76000491563383
1101252,82.8042133639691
1114666,83.38037843131355
1096073,83.55430625415762
1271716,590.5209612580979
1141248,171.54678248893546
1108677,355.2906285006621
1270680,54.30153981959658
1131586,39.87484273863712
1407745,29.999349342817673
1234038,110.87283643438533
1349426,101.39009671830355
1281501,23.71488682723546
1357408,29.07439925124763
1442391,30.743522540554
1172744,200.30899856374518
1272747,2568.357102241856
1459972,2180.601121692249
1040817,22.415524202550483
1216412,20.470805917780698
1233243,64.83574445955335
1077136,86.0950284105699
1297231,135.1919349748434
1050850,31.838982750485307
1183320,30.983815060747464
1214420,85.6743059954926
1298875,67.70798134820494
1432084,171.17451935017158
1474249,46.30220988727324
1335742,30.556571571831718
1232971,284.2499400317147
1391564,231.28159103886438
1151399,140.28330746621856
1462159,713.7712809278213
1340640,480.4069278350377
1054399,315.7237910524871
1071053,45.94352008106848
1243523,105.6269292371699
1349753,76.3055365423977
1441077,250.02382181846343
1412754,317.9522083687519
1263819,496.2110630418583
1456889,149.8422939821385
1248108,177.6050871562165
1289400,247.7917617800113
1243803,568.143539437831
1326115,205.26892337026771
1351029,413.8321531253251
1284951,30.923899899674563
1046968,21.002390520774213
1494739,112.28869328323296
1334284,29.354648790102384
1221331,26.837123850924293
1282357,287.38777851559786
1019938,1674.199512903109
1339356,992.460887802621
1393711,17.83237659782612
1028210,17.36718658992172
1123788,118.30428817079147
1434656,229.88464229348466
1208743,51.02027269384595
1045564,37.20926720668666
1312452,57.548315032244616
1275245,70.87611270183132
1031647,125.29258769368408
1054056,158.22427976556963
1118218,30.117709231478553
1245179,26.3395746366082
1239770,79.53001620365228
1420458,101.27884025831493
1313365,74.2240388013758
1070617,21.147103205913695
1392760,37.143156292452346
1015640,28.89986241494786
1098563,193.2368679220409
1323315,157.78352116481238
1179775,163.09852731610042
1273247,653.3279188710604
1136816,394.21504830905536
1032841,263.02001252763137
1207961,73.92867067477346
1347248,65.8957386687029
1089518,216.7147109763847
1050183,346.94870805359955
1338001,524.1038027973491
1165646,98.49058026888349
1391820,89.5194022464801
1477155,140.73940999547276
1389901,453.9283037334686
1242455,237.47724232146857
1053974,344.88469858767803
1498709,49.56416580261002
1428777,37.290721811603504
1046377,69.54304643703085
1254119,50.552961410174234
1085095,30.695646729240607
1485136,31.704440570727783
1157854,28.699180729884326
1169953,230.68290614068408
1217570,1818.967575607779
1249972,1921.9572483120512
1169083,21.42770075668056
1475801,19.08387916383851
1359599,212.43221579411818
1039687,246.27200755186104
1498185,277.9818536788164
1131747,48.523638253431486
1403023,41.866072404773014
1108801,74.57759927887322
1397460,129.21953143974437
1121415,219.25395259800106
1282806,30.270148112113105
1051075,170.6879291686666
1367997,173.42997184269953
1041473,161.0778840944197
1315013,24.532808436813013
1041864,47.328208306686975
1171509,44.14785375161834
1331445,266.80611232585704
1089775,182.77805817348587
1472724,107.24828040836262
1361205,650.0564331228032
1396555,391.7807250765107
1358836,226.06178993204924
1331407,61.11279818855634
1452274,141.72556375574737
1390714,104.49800709883095
1228822,226.85183699129598
1452554,413.0426072033276
1029070,522.9728247341459
1228033,72.8575303962372
1478440,121.80140395593575
1043154,98.78053189836733
1478265,839.8206220150053
1470381,330.11249020916836
1222984,494.22560926913894
1052650,66.17173227754952
1372888,62.37354730765213
1293367,62.409542913689414
1165645,75.03258459167216
1154429,67.45163724597916
1021459,42.3511026543587
1422321,41.99879461865486
1366611,40.468228117166475
1350569,242.90840760356377
1312949,3250.327560569256
1348257,2362.2361111339646
1440671,19.60377816856423
1083790,173.5279413474103
1463499,207.06398835735268
1123111,211.63008735002774
1222993,89.11814868197649
1261754,52.528553666359294
1374992,57.311500562942236
1181948,96.00682899535461
1437293,145.2656334676244
1203616,207.4918116628757
1410350,37.1590413406938
1116914,104.88914216025407
1344894,181.87316330776775
1146264,182.87130946975913
1415887,38.34709193354913
1127683,73.77419218271275
1146258,55.47179392075961
1019990,410.4731703402937
1032774,331.4240484023009
1484259,225.3583067210053
1322980,158.92462424073597
1265570,156.87190391811401
1231701,51.54598632560183
1119849,21.391598058311004
1173395,44.152299290904864
1036045,32.83477567681267
1053779,104.73473512022716
1303542,189.60144577830349
1347349,139.306326168251
1481384,104.66919475417434
1096564,99.23406976635668
1474850,115.04879461924789
1193654,487.812661092353
1159117,136.72411086028973
1353804,178.49988053592136
1375433,28.41936127664956
1146173,29.384032831877825
1353342,23.57211578780994
1402445,104.50429045655844
1105415,1845.7875959342127
1402829,1718.0449863764095
1036213,75.42118710249166
1030302,104.28491137536247
1404791,111.88419361032867
1093896,25.604205945399777
1402246,40.55783522105084
1287476,28.35666313937965
1493850,437.47660360990415
1095490,556.2321826627303
1329120,202.78859271959863
1402691,428.78314628758216
1426744,294.2250064422951
1443312,122.61348934872284
1298678,21.878623144844887
1156213,35.79441792363764
1363905,81.04599077988277
1102864,141.91434840860333
1278807,179.571245405896
1308940,61.16203429794504
1396950,51.01562002154659
1302314,58.5677986599203
1054201,649.9688615396809
1056665,149.2903600388609
1482353,314.9533527493197
1440278,49.541106616101246
1330860,35.600939356870605
1148716,54.88561273363676
1488302,132.9316655158764
1051906,129.88442185879072
1152850,23.641064030598955
1320652,27.505886903284626
1386934,30.018810420866348
1433199,201.204742020712
1227005,1386.4149396821037
1131938,1310.515472333126
1120598,56.173486817454
1355736,72.12447871910263
1037052,121.9151791750299
1329665,34.13093202736165
1055315,25.740384324658088
1088819,33.41131375041893
1277933,112.42312401877902
1166225,86.66939363726553
1293329,159.35151622754347
1349351,43.32076481604027
1054906,206.63509236395203
1004507,180.39797617711807
1191410,73.72223787312022
1237519,496.9380558725801
1101366,470.27699299289867
1063294,244.70894540911706
1417445,53.384345263942116
1315888,107.85931084636113
1392155,69.9489628570874
1158773,170.44246328104725
1303629,304.07744788319076
1262956,359.6888295359132
1143046,96.23633505597907
1084443,88.53648107434519
1131770,133.908090123163
1425588,709.4516253279251
1254738,206.49246419367455
1418776,364.3225707764153
1041100,41.51407142175733
1433561,36.16457764443812
1195998,83.62095307839847
1356831,76.96100150445845
1431024,27.225779733441982
1229088,47.357886633092505
1490332,38.50264982718451
1173268,228.26313691584687
1460060,1804.331923063822
1336420,1809.6103185994546
1369493,25.112973289623582
1167595,22.820661327868525
1213428,22.198450808074064
1309558,96.28376698075462
1170333,151.8009215163618
1268761,207.1472582938936
1326400,30.51986214540469
1355420,27.176477445644746
1117059,29.429714637837208
1280259,89.6600834416627
1047301,100.26170533289567
1405693,224.44019944653084
1192141,36.27377998924123
1041377,71.5196473188074
1488435,54.89735138740873
1427131,342.4190401588454
1002220,395.6069438780658
1301771,187.61910727324735
1219875,249.29874544740525
1246237,238.58304439012736
1045704,43.26098989470308
1023309,24.25002974280119
1228393,100.82826475443576
1187353,72.0837133544295
1143421,170.06587752859383
1402925,373.8084843305107
1093785,255.1408413475629
1146882,119.18533201285042
1318929,165.05804901096153
1203442,183.7419757358929
1004420,493.80158975121196
1014090,173.79104983344007
1398042,234.1298402164596
1264681,31.517825674639333
1017526,37.2870181070795
1458262,19.901446743209927
1150678,30.974562383799803
1320376,105.15935678520019
1317677,2633.4439717995724
1352082,1932.8210969935926
1368925,83.6663995380823
1269920,128.40227482334245
1117989,94.19038968353618
1041166,45.05344085416079
1045010,25.571521431234046
1304495,43.25512047031001
1416081,22.90337526927462
1031438,34.58640745564686
1180183,28.551097033432097
1432441,316.69240909334815
1401070,398.0311466385138
1296303,211.96227253347848
1495457,329.096024128477
1215871,265.55440022173025
1143636,160.89241728963654
1058496,31.752869903213302
1443889,79.83370265383093
1180874,77.67955911692697
1048380,106.11821974989263
1263996,211.3032499352652
1149931,164.60580181447227
1022424,83.91292879782273
1218254,84.42174310126806
1112554,98.78405576789653
1009750,894.5445961207799
1056322,168.53475690904654
1083054,295.93802443812285
1200089,31.58885844223144
1318982,26.780928540177023
1363303,62.887385127131964
1042514,56.36555943475803
1137634,24.41708124133572
1495807,35.01569641891578
1466731,38.10636707791612
1080998,146.6521746575008
1397257,2221.77234484349
1325299,2708.3183722711615
1205461,20.381986605636367
1386895,23.284455824860423
1170771,19.748720392005165
1381779,175.7529552378781
1136184,171.29887493730547
1389254,217.3450433010799
1162273,32.40756034954937
1490297,32.04011275256254
1198587,86.18835612795176
1006648,51.33613838014678
1357410,106.13328028873515
1066458,38.05331388627533
1126128,84.19930403302891
1481585,62.67853850762923
1081125,383.3405376292235
1316293,529.7623351336719
1233845,160.9528527788186
1395557,662.8066638604284
1175595,490.35962312798256
1462272,274.0947592181429
1168538,45.75066999617767
1096333,104.05128370237848
1200477,62.472340808616245
1101186,181.12234499473274
1030030,280.812491113824
1151876,385.1941620164749
1404563,74.481449425049
1224600,102.14741903339392
1386814,105.50863136593648
1329521,607.727818626362
1107904,234.53373854742512
1026288,444.59345055714675
1063382,59.51861576006766
1072318,46.09387053168644
1336287,73.56788188365601
1388838,190.55155489140583
1231318,179.32704484986314
1460552,28.214281702300077
1494117,41.09378060625575
1419467,36.90944751406303
1247675,289.7095787237097
1257289,2145.2368128882895
1187581,1894.0400439906973
1250575,22.431384613143333
1355719,29.673465438913475
1322958,83.82365523315026
1110998,92.25247315784654
1026632,188.8301857264643
1468197,42.84855853191421
1429143,37.77497346880963
1110002,205.61066488642052
1353989,146.37305164167338
1368664,387.5957994312743
1233222,26.297924577782968
1483390,52.89231765425059
1025301,38.19356574677513
1348159,396.3078940907638
1404114,383.8392139526986
1137543,175.44341554309838
1315211,1248.0761111327763
1153898,818.5791354850658
1281814,484.62549907709376
1416927,41.767558918461795
1128826,171.22772595349508
1471144,149.02192402000207
1049350,498.62232194211424
1131538,517.8174132662483
1163574,1052.5859165720349
1208422,145.30090902857629
1494813,170.0207213962504
1166910,275.2113627606287
1400040,857.8413744053681
1392051,490.94316126701347
1061242,669.8705811439638
1230087,72.49562692313424
1062235,50.80353332198731
1330041,41.7886184789187
1250606,141.03734797473408
1000748,53.49184163723278
1065507,48.61899004965464
1399913,40.89043326579107
1164086,526.8125272768389
1199454,3751.8567715122645
1484932,3364.971623118126
1057929,19.719311464705054
1318694,379.57156831077043
1244936,556.8276560911274
1103112,569.1836465589843
1198144,84.36085181532354
1454651,69.4500971910096
1125120,67.79268565586685
1367873,134.8779916800251
1152380,181.82272678323648
1425925,300.0897916681207
1387841,41.79930404046291
1325701,38.59970024006096
1297570,157.2814319908015
1193708,219.49422357513447
1216003,276.185396599962
1189783,27.615625500131955
1009315,57.547715277821965
1333953,46.99140823966219
1036613,516.42967584127
1134711,281.6208380170696
1053860,422.1618656568907
1438974,461.34447421200423
1095568,372.06533184578217
1369255,165.50322478623863
1370235,23.353214405157768
1055921,86.50710502246362
1104908,53.14151495757354
1323957,144.19750108313886
1067345,259.56348951118844
1483471,277.7894331176103
1376912,50.08194488097052
1078062,57.26148391447627
1443211,62.48558923603402
1083456,513.9120692785416
1100793,179.8597900918533
1290854,364.68632749299
1089558,49.75980311899367
1100250,58.40982726403727
1420158,77.17613188731025
1267746,197.7518327208491
1283121,234.82890854304216
1422003,33.51151217445503
1228679,30.76442006470886
1399603,30.110680156225825
1133114,211.38084512204955
1213738,2061.8358588934607
1109919,1708.5820390082492
1076832,20.557564658361144
1067896,27.236694199740796
1009282,19.71883492973548
1047239,67.63212807460411
1133053,86.0936731864894
1219095,153.98262237597362
1410114,34.94980626313883
1386771,29.31722723259289
1322930,43.27998079384709
1400695,169.69911332361255
1361334,101.85768382335574
1242163,193.98776242387316
1324093,26.81822076229624
1122716,52.24632665499738
1082302,33.80138790917547
1436025,266.3523016929902
1136040,243.65352627269752
1363491,116.69095996779075
1469698,253.6218345628904
1470409,213.1033689423446
1044051,66.78078886428419
1238870,56.682759712652455
1256441,163.51836975211043
1209146,246.90245683752502
1256407,465.5426050548598
1221582,301.5300483652587
1383790,84.33326272484327
1325056,91.02894905917209
1265434,89.5350768241465
1388704,841.0749096350676
1313545,239.52634833247333
1395631,354.27388182352206
1051001,20.473681185465722
1431352,49.41888500957262
1410965,47.39029948732734
1483756,19.746510293053618
1290899,38.379850109007684
1199703,46.38776675932667
1237610,158.9272255617427
1444912,4431.78498586822
1420680,3507.008213370143
1483148,172.6740984803378
1107862,206.49998795783267
1337109,19.823902208308446
1247940,21.654076387068397
1429379,33.52285645334573
1495441,64.68207014484662
1010582,33.542440583772084
1442966,115.25002279570661
1147172,58.961939224697815
1183397,515.0776005955557
1205751,628.6537713653087
1094254,393.45238078659196
1412751,532.0344909299857
1006145,503.39803841559757
1175281,298.12121992447123
1493704,41.180452908531684
1226267,100.55088845043609
1255164,91.07916900610824
1310037,252.2592476639859
1457996,477.99054919439646
1294289,503.5845084388132
1320535,226.35958886004056
1216489,185.14990751316233
1157061,239.2755173120011
1173815,545.2564718379052
1354780,289.4658985308693
1305979,361.98894478236133
1432851,44.41766547445186
1007110,125.5740611915848
1419717,111.82084840931405
1276891,31.992807797199674
1034437,40.99519713578227
1449768,41.38808557256593
1397560,285.0400064344774
1310851,2835.1100584862183
1436856,1596.2638555867409
1265589,22.40766280324491
1445268,129.63406574617088
1075807,237.78102319020059
1109491,224.90499431743245
1018204,43.624549795593516
1469298,32.231206925384036
1345768,35.116650436523045
1087184,91.58058509003472
1325614,109.56337504141523
1005390,248.87931521024558
1381072,25.395514812289147
1372407,54.78825169876058
1472769,41.22115705144516
1089646,432.8611777110075
1490925,486.05668760100434
1175440,195.2970817835872
1232486,619.6541573990462
1426884,414.26305977150463
1018982,250.69540487525447
1024533,28.540733858546442
1423458,113.66006018891508
1256007,101.37385640477079
1072327,223.31511170213614
1200918,295.2291106167153
1031606,497.1103833270223
1171496,79.30028370677816
1125996,71.79987332645406
1283888,121.34988081585063
1418131,476.6820066689554
1400837,199.9060943058613
1471564,350.9283581248876
1348293,34.53288789891381
1360248,27.34279490449484
1037188,29.740381045962486
1275453,48.42886608456657
1153084,67.28600722259624
1476703,44.993386188023365
1214045,27.01387724324133
1339201,31.249869747432527
1430832,233.49413636731416
1429517,1847.0900034617273
1182953,1702.2193785002908
1459302,23.36659937115411
1177955,17.678302274559766
1157643,173.57238188273817
1284388,207.68779712767457
1364451,240.57955435733874
1156252,65.66418467910609
1375220,48.62132897922023
1261074,62.991661913010795
1147021,61.038447411952504
1456278,83.72115285391463
1054169,165.23865358678765
1110323,25.03167831579335
1289831,105.03244343082895
1149805,178.8732878805203
1266061,174.43104438376946
1220931,50.06948421579065
1021717,40.650015239657336
1323802,246.29018371184776
1422028,197.1852717529421
1291601,165.60481622430606
1094087,942.1486374019553
1347974,628.2889138601008
1347782,357.62130839145846
1215159,26.024626327159126
1456299,91.43081976539374
1165289,74.17915484163771
1047535,365.70212608558506
1067260,469.356284079282
1160219,645.6042404369016
1231638,180.50977824265036
1189643,200.32375883678873
1061333,233.26624860674914
1152031,614.5995873531921
1157645,390.57043364056494
1455353,499.5680673102401
1307614,32.00166346389537
1122805,34.86242944381262
1200378,37.89693440823649
1277405,39.586042667123344
1118213,27.84719050770432
1111285,36.55304833063895
1333036,26.387210623570585
1292612,516.5929157656474
1265026,3321.942906337906
1063432,2923.147669456515
1490530,18.01413639097744
1199264,16.798178736403724
1315953,28.90713748563126
1325057,129.6570515667412
1000967,83.50802375708987
1102240,59.799369359709964
1094031,83.77621127685364
1461407,125.48747560785925
1296839,236.61687606376677
1285572,280.3963136655553
1486559,27.906421466678804
1438178,25.784157590538165
1429602,59.17441350273855
1007013,90.36489992729156
1413676,67.12559132686236
1324205,21.518371917049368
1052327,36.8847546598858
1051118,32.540440170868315
1063944,398.23404662749897
1327596,276.85592604747313
1271465,323.4317809571375
1112605,2070.3211654427328
1215120,1006.2145980464944
1334605,597.4231340382822
1089940,50.800232177242606
1493329,146.20945130577022
1310666,124.93632314152207
1226985,481.18143176641183
1157971,564.8813161249806
1406109,1130.5050106008134
1158730,85.48705707356615
1192020,115.52027314744942
1488470,245.89816110734571
1399584,1238.9643279142063
1186148,511.2424494098069
1295143,895.6492683238744
1033644,148.8472522620695
1043832,146.0784006996283
1278865,75.23157341451947
1122933,293.74221242109616
1099771,282.3813693185067
1342064,252.62569782613906
1087115,54.95767693903999
1021203,73.29930361940514
1158238,59.945675590721436
1374260,626.8113718711332
1402324,3547.104513254408
1412744,4048.980003559214
1482782,35.72972471646579
1046637,44.71663586650525
1498015,26.916846024680865
1312237,268.26951302931775
1171583,564.4477782493717
1439200,592.2350194216782
1365652,158.4792816337093
1116454,93.45908553926569
1329325,124.47837219955082
1398733,171.346428209761
1175214,235.8940878062534
1235841,478.78526932135384
1467381,78.52780547652915
1129652,69.09089534814433
1025418,72.22805730384827
1107242,330.41449147973617
1225616,534.9166787522904
1399642,500.555487935042
1002587,83.53992432922769
1353808,74.82968611688524
1261445,499.4163465264715
1315349,387.5715654588921
1032554,331.11628461927467
1044666,2271.221488310127
1126295,1148.3285418244384
1031019,626.3946914077716
1351254,71.00949762984106
1303377,202.8921939147388
1360145,170.32461035897316
1339191,557.4069542719683
1263562,633.4620488311358
1249506,1224.181144709568
1072489,123.41139650406222
1054327,151.95095421639746
1301459,273.91506911701856
1164130,1245.4417695613365
1292366,507.22660245709415
1227051,864.0914724928509
1052043,119.90606400682042
1270293,87.88466071888342
1149914,73.76054321074999
1476554,71.99822870643487
1205729,97.92369364094176
1211146,136.18790639157984
1193406,45.69448902924014
1256086,54.341604474363685
1119492,47.0315536150639
1424001,624.2841031660963
1318873,3599.9439159472336
1497229,3275.868878217024
1411464,33.459465138917565
1275922,35.49624345804715
1067311,27.868601213579993
1063232,176.55387111212406
1263804,255.7677641606832
1119525,374.44131344685604
1042841,242.44704514618903
1163114,180.8997874805927
1394950,153.54939999004037
1083661,150.62834000089387
1353626,266.22477129573826
1238795,420.2102073604166
1257162,56.297095352809635
1407540,49.698686967796995
1087300,42.96995012602145
1016398,232.59887525870863
1031482,396.4602752672779
1476710,391.8208895232498
1424685,40.31448315848819
1087043,86.7257908169115
1241336,69.59295571356563
1126102,485.62463688939124
1388334,400.94377613798605
1075523,341.6946351700224
1216578,213.8790874076099
1351219,203.670196211697
1287845,105.19403408132541
1147190,30.705210754860822
1419860,101.6716396373615
1023806,62.12527781800664
1185678,103.34643065707218
1353996,357.46974586982316
1471183,259.6652879073388
1054272,82.68493466257513
1005347,92.15741811019781
1327124,86.91656325973317
1234527,1000.5190947900746
1077178,191.67108092380866
1066705,329.1004798771348
1072459,25.70943319557436
1003680,25.962629558719186
1416476,49.24923378655654
1167184,40.258504825805296
1077352,38.391567158776155
1354900,34.97613613597183
1260212,163.14787792577906
1130888,3333.482531297778
1164137,2842.8690155986196
1047397,17.789593798974394
1497822,118.94559374674415
1366177,135.07725107195074
1235630,153.02788384484163
1161125,22.345529000970508
1214466,50.38690117379578
1379939,30.59544897096254
1397477,55.28423350532102
1490466,78.98016678011926
1402609,48.49833801442989
1254730,495.20863787697596
1025202,682.0536044349363
1373526,241.9254274364521
1203194,307.9016791793206
1364965,246.34286513771627
1403750,147.8143208322686
1205495,34.16376781901894
1399393,85.05411671605731
1114827,53.27124245888096
1209003,101.13779320038283
1068087,185.85402906306783
1157260,145.398112577854
1286151,56.70601872406758
1287783,65.9268345816197
1246214,73.27588015423339
1103243,568.0367428461795
1412094,156.27322882963549
1435140,147.32076181597802
1246825,23.544895372167552
1159089,16.759191050645168
1049141,43.30113357338252
1246940,46.876325708368164
1378005,21.080868046522472
1433386,26.071741503532003
1207002,28.31720727674411
1051838,142.70226451954764
1376509,1933.673293553838
1110219,2237.743549194764
1331890,16.687397507683894
1253163,19.467707006910537
1302373,16.758743766691698
1434614,77.30045923627152
1148001,84.20757418963917
1212594,123.48586534019314
1105749,27.581934475056965
1410871,25.0721373656163
1125176,44.62914723040707
1432030,25.41244400550628
1134077,47.92835488860052
1017556,23.816248937890474
1222099,46.34720122313713
1381777,33.21553281270632
1459975,346.11732288050337
1163173,472.7509135351082
1496357,143.11729110691948
1427545,100.94877705747928
1095607,84.12130565071517
1039372,44.14824453408484
1265219,23.934879349249744
1406375,89.71506754240757
1448552,107.3139364441437
1059119,72.29665674024405
1359625,85.08129605358575
1255874,104.32150926401522
1338420,118.29600688835627
1402396,309.0914834402926
1478102,125.96768264280118
1471087,241.28460869274406
1284661,21.961293185430257
1420413,23.844789042120546
1364745,20.153298248017126
1019952,70.38175836281793
1387028,1919.0694509413677
1215711,1289.4573374785207
1435910,40.70864811247486
1452281,25.222027677282863
1170208,93.73091131517873
1443567,175.069556674281
1390206,148.4610371349808
1089737,31.866853183990322
1279096,37.63736808177098
1301192,51.68635841540662
1191560,196.69283170159954
1117758,96.70116587459498
1243690,126.19671913644672
1041884,1053.7692220413487
1490464,601.421045599173
1041468,421.7660225768532
1491705,30.391463003928628
1288797,106.72481795317039
1472568,75.8024780811824
1202662,331.7823382413798
1285966,382.58481899149166
1068045,593.1167263574985
1274550,114.16016594927851
1321002,125.36643164239241
1094705,215.7335858613086
1021807,689.7392955523604
1302798,348.0595837753965
1060391,510.8560131223577
1006816,46.70938760271911
1095767,36.439906658281046
1101734,62.99602583329558
1171313,117.08901773274398
1281698,85.18677213363591
1435552,30.19759332521053
1018032,35.30085708374286
1463075,32.61750128964752
1055113,403.12896138318297
1416492,3135.9394674964756
1357343,3082.1512174878544
1290035,20.821582307760487
1253166,22.693317128229708
1173529,19.940390037893437
1315404,156.5067049734939
1068463,199.16588699993864
1140698,237.14260336309584
1449468,83.49026098822263
1093081,52.82681382288628
1357469,90.26293897470433
1076524,114.616928323119
1324338,178.03074502855165
1306071,303.0802188345329
1099884,48.40034965363973
1010388,43.88462619539857
1404662,189.14308845619044
1129536,224.44265456508683
1425079,197.42945192124537
1217642,51.12363226396101
1063344,38.35909828560686
1104032,283.36348390398166
1289590,255.93446899524253
1037247,278.8547959895434
1441494,632.4516113780007
1111278,250.15879472748648
1111214,199.911258261306
1409949,34.11565871099695
1408381,109.88605447244102
1487695,80.95533013181922
1086128,265.66314029297246
1051069,366.4980186451616
1033575,576.8475475382527
1134606,72.3709218892632
1335692,70.90627956825932
1220076,79.94182817672213
1045804,583.1327879019996
1410900,198.69305791991547
1491784,462.1829033689345
1155929,37.09845297037652
1421340,52.77836415750001
1247621,45.586153334792016
1112082,41.06610482003638
1352909,45.6630812117801
1209918,254.48273987196
1101949,1873.4062644424266
1307199,1358.0663083702332
1340615,23.034675295238824
1265011,82.1584494627464
1349155,190.90086374891624
1295471,163.34956792920173
1465044,137.4636291625603
1122408,127.33142566695142
1357576,70.71154375380893
1395249,84.6226513286048
1167154,160.4062398268072
1338367,190.2126909645139
1335658,25.857350524790096
1259183,122.08455263594041
1380027,174.0355494838909
1291944,157.58284081782455
1066693,40.25301577979508
1463866,78.8537226890026
1496936,72.15383402414504
1083629,196.94349494864224
1458918,178.87262527187258
1181328,95.84780824319887
1381586,1646.0522311344957
1011414,771.36807182436
1474243,356.6408192014008
1394187,39.190389592495606
1196663,146.10726061902247
1088646,98.88389454365614
1342720,314.65170440221107
1102185,444.9370642177494
1333552,730.3468460996323
1410152,72.30231686093447
1372949,89.7132004235825
1131961,146.06160512449472
1318987,975.9763772108428
1309137,342.9539738783284
1358786,643.6258401090251
1032920,79.37505434434257
1262458,71.75905799185857
1327846,109.99347622427551
1429378,157.68940617238178
1136853,125.07332034600955
1274362,37.66289361068449
1455282,40.90509795703647
1201206,43.967201330160385
1484461,381.9506630030419
1229441,2509.1042609211368
1025339,2217.2281796463167
1299332,21.331340264535907
1103612,261.39343056951816
1444918,342.1720515170436
1199571,332.3010111313622
1083814,58.52500190514623
1030045,47.24926587186242
1083856,41.95397682177006
1041927,96.24527990481035
1132474,148.65654752672754
1326550,289.8617787086088
1203590,51.44815951022574
1468345,36.187116075711025
1062614,48.08048952541523
1252301,290.7970512375246
1312450,279.4284458906682
1227321,289.81902327274656
1143199,28.593339462680003
1388818,63.23543219117171
1045336,57.73327905373018
1208100,341.0006277846105
1487438,290.45932456914335
1314619,181.64406846870352
1446773,261.3928398503763
1379642,203.48340092678507
1463434,73.77126625734427
1359547,57.702859366460245
1189931,112.0235959056916
1104414,79.17089506344745
1294658,102.93323428125795
1041008,285.53712959684776
1388157,173.40010542444324
1036924,122.42915076344553
1412783,85.30025335836082
1239271,82.66827608275803
1164460,826.5214331622807
1120076,156.17406812864903
1033560,269.02391716470356
1241991,25.565110417308965
1050973,24.349489098725837
1488516,20.08632272486518
1487269,52.829912315640044
1494672,51.15843913345842
1055343,21.29665505942156
1276086,35.35478995711785
1427992,113.928065492219
1062785,1752.4679720978888
1393239,2852.838105350983
1359687,17.650804289964366
1185486,18.03436676551917
1237451,87.25558925965133
1383706,137.41510420100425
1484601,135.23867193831998
1293278,23.72568106905924
1302677,24.6035362012726
1202037,58.47123710845881
1430558,49.14992803246865
1338945,78.72412829744516
1078324,28.24840659794705
1387934,72.79930394559909
1478529,43.26020984011081
1120072,442.11509096317013
1377968,628.1548285675755
1391988,158.76392752362085
1265634,411.0935842472148
1223460,330.677916823827
1487411,127.94861244944235
1038260,40.89274308481702
1446962,59.686379250703624
1307990,47.50786291935357
1159283,91.86619484089783
1072744,176.47352902689124
1433307,228.92647816380634
1350267,52.71043444007666
1340706,57.38306812057175
1108874,53.466404502278856
1317740,582.3933828604255
1274663,196.12887546112938
1245642,312.18936543855637
1331308,63.56844245166471
1490846,59.82190031928825
1216717,43.26563178267881
1155386,82.52928701599988
1287061,114.03770571698693
1425115,164.87817723575324
1060856,33.099243973564455
1473341,36.15373880700955
1423483,44.20627874057221
1199882,283.429839617863
1335249,2048.0642786065882
1075399,1714.1398664240228
1485349,32.85203127241637
1346518,20.429434607974144
1180232,76.92235861737535
1180958,96.47177830318901
1268970,147.12723699035988
1438275,37.758179737874855
1252259,27.10940700127935
1293873,35.664142644830264
1372471,143.37002996080417
1207091,140.03309380399548
1191139,198.92707511101054
1464373,29.651175315162426
1342435,49.90243580689439
1481479,299.2857595231893
1265718,311.031487039107
1330306,152.6132972787887
1088146,217.2084359564356
1230739,191.65603238506617
1479461,44.74391784754428
1119000,24.891404964964934
1253188,114.99701744113277
1420681,55.09061380089622
1497042,174.27844448835774
1075573,436.76155309668917
1283010,276.654627438122
1248990,119.39430511922019
1076397,108.46434511573412
1295928,94.29383353066112
1072277,465.1893720540422
1334546,233.07410766250007
1293060,315.19706107859696
1358416,21.837421649882952
1040086,22.17527277388896
1465977,47.607029204815014
1130549,44.82598066298005
1039323,18.119173500977002
1440240,31.464340908301523
1362578,126.72752436508668
1142838,3707.763678278574
1260394,2541.315986518105
1162316,79.88168728629344
1133943,121.0759622624497
1094696,85.58736510400678
1141999,20.378860524920253
1185462,20.41790351814041
1484087,24.521394780204503
1295267,35.633140853437276
1127473,45.37513352427138
1005070,43.612680004367746
1132370,36.94428498184628
1162807,664.1539401515727
1410300,867.2840197709536
1411549,193.66812889736636
1315737,1889.7940724510215
1026727,750.8062325522441
1392552,536.8079280085578
1273175,132.22439317236604
1359183,404.1830397233115
1349227,282.9180908792247
1187267,644.7218018896332
1077876,862.6819919286776
1255087,1362.1221836345542
1367217,152.23275438619865
1250173,105.24672567941654
1080258,217.87617563125403
1466020,1685.1504229512414
1103105,853.5733868579981
1411427,1294.9509152202133
1099736,229.4519731799512
1456472,258.9080291202194
1295531,135.2999672673386
1182553,169.8391275939038
1037013,256.775824470091
1071289,158.73474588298882
1348850,109.47176212678484
1145843,170.11739204705887
1290610,95.61217790123303
1107751,785.2045311778912
1303680,3876.4825505428853
1106620,3306.9327066378114
1368612,54.96533058188861
1195396,28.30799752289127
1349623,47.094529522953536
1140431,403.4759587752797
1239272,756.4239798169241
1408309,591.4724958292715
1272864,97.5006569825475
1084623,118.23793473955898
1382786,52.31594494070688
1045869,224.71845133196268
1205492,328.20255795031375
1337089,505.580838253506
1196960,76.80345596685477
1359976,68.39700250555342
1173584,77.63956437579418
1080752,426.33791211526875
1438049,812.8138491096207
1376120,723.0562639127675
1200743,111.76050690104289
1160087,227.6056487695564
1250538,190.9214414237879
1385364,777.4785157128147
1421477,681.1736259005418
1001956,323.1749598497248
1233884,592.4408535074675
1467909,354.50936312733387
1301887,231.42913236986857
1048759,27.066597090148452
1270199,110.94060406684437
1282739,80.27561834756818
1154085,405.7639564125726
1260035,424.89763836389346
1377442,603.7400451574518
1281129,293.487439489379
1307389,260.7356417236537
1143368,327.85170787792725
1378838,538.6790837390172
1095292,434.3225421135856
1293301,446.3630410552589
1234965,23.77615199619795
1375305,35.72187155914912
1439037,37.39920609351157
1181412,21.705767007074847
1067610,27.290463750276114
1431745,29.01200717357832
1295753,514.3288149245637
1334795,3229.7456084073524
1166147,3142.7105078063705
1431774,18.348571844446642
1177789,83.39798983553314
1407626,107.5649780801051
1344425,108.84281193273699
1499073,156.84984506538996
1096086,152.13652670538212
1356796,128.63699929960796
1368295,167.4941225187008
1186984,299.6375741969547
1334468,298.57685862903
1024033,25.258915250895317
1177177,24.777838100653995
1070701,23.552954417182324
1210286,64.59213555617578
1190645,56.926604601577615
1109523,56.407796317715935
1384852,22.71043795572617
1140087,49.21777240502717
1381531,531.5577937986651
1029762,366.5627955321221
1387532,297.90290788358755
1429694,873.5878004767293
1344145,581.5261667053795
1021666,345.58106140032277
1460994,134.95703707052968
1496025,118.29981608764574
1223663,384.64058719858133
1166855,493.97739669138457
1159755,670.4726913631181
1078871,131.31991535981172
1343181,127.23636018569161
1251460,191.64362766161926
1167686,626.0505763391373
1309041,477.81555285188125
1351501,634.5857142482263
1411712,22.34613957749107
1389300,25.490318347766085
1043407,30.474690759559213
1137195,37.6787160035381
1133355,34.68720017570251
1382856,31.322633154134728
1117090,24.725381400403794
1152195,589.970786154997
1124988,4303.211859260584
1325639,3400.5199795458957
1010613,17.779364115446043
1077074,16.450027234820613
1339373,153.41132872690113
1082030,97.93097646960905
1374234,122.01086764681288
1498214,101.77347560519978
1219081,70.58453991998773
1472375,103.34094761379573
1472124,119.6630845366893
1004268,220.4659768337774
1295832,284.4453690939506
1396477,28.11468584927854
1157026,42.93870729078758
1154504,23.97338214307512
1425009,83.46605100070092
1319225,84.42910280861385
1487214,80.56586997163318
1202811,39.858235462141444
1422934,37.11014771948266
1006749,585.4129593247658
1417732,453.5521602718047
1092905,353.88441905620283
1353563,2329.4895120741576
1157213,1196.1629363290529
1037186,780.5934417044976
1161156,96.57858930910342
1309382,368.906652980306
1300405,313.51510195583097
1403354,761.3706035084014
1076251,921.5856039762202
1301531,1509.761584808312
1354098,189.5364650242294
1013097,188.42944250520904
1138810,311.68787781988726
1247295,1654.5601505981406
1396363,730.552696442955
1428923,1133.63899514619
1392386,100.13483170091563
1310472,96.85742500369973
1310422,65.2783733926124
1496663,74.86140391389098
1192395,237.71252625568252
1011221,98.33966470197517
1336867,66.1354599600356
1063685,128.51141699647414
1208004,67.19250950032225
1444591,800.2983930940666
1093360,5238.836462868154
1338479,5641.334669635016
1018381,33.97095652129423
1247641,33.08039924018148
1260258,31.215769996600336
1156774,672.8227506785828
1309278,1054.0960753090555
1394148,1027.364875432477
1445687,238.11573538573305
1268572,198.64407822355372
1243616,168.52437938384844
1414107,318.98779160381355
1407146,403.96188514538505
1352012,603.2059681443708
1390158,51.63460288705208
1091996,59.840817422722516
1318802,60.11977454934183
1452309,320.5217337444687
1334101,620.2744164006538
1002773,499.52853155208027
1029414,43.01868721181927
1374360,152.67805847526148
1096139,119.51288503513615
1166020,725.1431611401188
1136726,601.3150163665306
1170441,734.32999578043
1003197,911.9416039081191
1195560,629.0518671109891
1233590,303.6921846141336
1499053,36.94537155838922
1008764,97.82845297488062
1171263,55.42033332375851
1235632,180.99956266089455
1086505,338.68706458957575
1124751,534.9557912450061
1022768,106.2975833326739
1342069,227.7995839229823
1319985,217.88950546127217
1086535,1241.0867497396225
1193059,298.85807888001835
1005399,561.6592790679327
1217409,107.03769773521363
1388371,81.33764434665481
1240574,72.91177337872134
1296492,78.33467449341184
1490920,373.01763953147406
1407025,327.09845079881364
1349568,32.14623212497141
1150094,41.71937612523533
1234359,40.37155637823294
1487971,459.4458823670185
1061979,2955.195577570492
1075410,3017.9244160722756
1183464,24.27285563275958
1218599,33.41634771207036
1238332,22.68726081593109
1126306,193.85905280838008
1250167,232.43561478739034
1425272,388.8513411626692
1421359,64.56457751969529
1227369,50.806705780779225
1245910,57.59042694346838
1469390,220.35337785021775
1285058,205.92334043239728
1221848,371.68377387034076
1256714,31.298066541325028
1481494,72.05248444362242
1355892,55.4486868010789
1163601,562.5651885886201
1235352,588.2568609285272
1486990,306.6659135555658
1088403,213.60440526313388
1215826,245.68316220954853
1077243,90.42157740140655
1250701,36.50329496865228
1081976,229.96904461847268
1212321,196.37729203963067
1356165,101.89080123787666
1102468,305.74705840341085
1248921,209.26818648553117
1168286,130.77382131344118
1073998,115.28644959797727
1106972,825.5074174422413
1415496,268.2962646178042
1430286,435.6610385519198
1058741,21.39528504181026
1305701,44.68828037341003
1063055,36.64564829105305
1129309,46.03036158308799
1190160,33.63778142226936
1275767,183.5686202448684
1370349,2531.7390675037277
1195640,3081.6083249910916
1358027,17.637107003477954
1060469,141.15141720016697
1397621,150.99917636436913
1321235,188.92567406760548
1036985,32.26713942445407
1314238,50.44357269598871
1184897,36.41869610619534
1109511,107.27877746798687
1134380,113.26416508913366
1438318,740.8834619405274
1045978,960.7835458542321
1039535,283.8289881658156
1222762,461.26229674795513
1108547,404.4351646378296
1136233,85.06036849546189
1113557,27.211419303429828
1433288,65.26733588759578
1280956,50.25397305585854
1409185,149.45629280250182
1001062,335.1856168389696
1455302,274.90991863982634
1473716,109.08575107314316
1108944,156.37200729350428
1281283,157.85161951211563
1295121,389.5420252954655
1271387,195.1803105983964
1042450,256.85719229734974
1232986,37.80256010994338
1262098,17.810164675686046
1355822,21.44668484262145
1235127,104.47119157806473
1315725,2409.733813351735
1105691,2035.7072243666682
1423554,65.88752311438299
1291911,92.59688706746783
1063335,87.49966670911381
1017067,22.40180538568855
1295378,37.84960229607417
1358044,27.251486630183493
1475790,50.34238311681656
1463160,19.523027235782646
1020603,30.710414589865934
1345207,333.82327122234045
1395178,429.2647983176889
1408825,117.67609404180108
1494027,591.1053210550502
1224076,488.58844271103976
1353310,130.7446158727735
1435474,40.77190237415434
1006574,100.90663807996785
1388278,81.32890856972381
1139612,226.86615779992414
1375571,410.82105243050023
1088656,524.1573501464455
1448606,163.930050411214
1291487,245.42808566124387
1465487,274.7094397669271
1240567,789.7786650214543
1078554,259.8796494856504
1081079,350.35751942939146
1203974,52.03339359947622
1303970,42.683810852422106
1426761,37.78934933702613
1303570,26.892353874477624
1150022,153.44480179855825
1217185,88.79089166900081
1125302,25.383906337012288
1442229,39.58707660487728
1002560,268.274554436098
1371487,2926.151581305979
1446799,2756.8822390645314
1036706,19.952844397717175
1491686,24.1120255753638
1399772,126.0369929430127
1494276,211.44465166313586
1217848,261.61004740860733
1092082,34.311411045596685
1126590,29.17609416985956
1010315,73.24154351456467
1303501,67.97761151770578
1290736,179.2135108958863
1027752,49.6497632227409
1386011,38.98213387803163
1204889,423.13537749162936
1114235,438.5321426715116
1034417,277.23187915553086
1082554,1668.9818766392345
1290939,1002.9907842238522
1177275,334.4004777345917
1291984,30.52055488070006
1489334,100.81907152437324
1312498,97.62335154763183
1237487,405.71331970398035
1017032,503.90225011551473
1226117,876.9439701885491
1282653,109.91163766139663
1363989,114.4620050313305
1359946,227.07590791887617
1319162,824.2375274992714
1402594,315.82438275742663
1217911,641.7921474363465
1464254,77.80186686112545
1341715,76.71488988081342
1349950,99.33119383689544
1162925,128.5629507926537
1270167,155.60386653788106
1057728,44.42120253895233
1058797,47.40434107713406
1403400,495.7770488420995
1302853,2919.1689057723424
1079968,1972.0507699152859
1440844,27.029527187883495
1104148,23.779760125802895
1287932,230.09242001288868
1017601,246.1613973625239
1026204,276.97386058620793
1075937,92.54200280169212
1346881,80.15883007209385
1223669,86.10704536957279
1301241,175.69789059545775
1277374,259.4040288569579
1023855,346.6537496031593
1069619,53.76062015215123
1141140,38.144949412897624
1398600,224.4141998484975
1432032,406.23563073371076
1424160,396.30305045852805
1231250,29.31755745876569
1201874,51.13055148979109
1460942,46.453129034596536
1141667,324.505942860069
1445891,253.75782338484157
1350725,322.49644009231685
1303762,701.5048910664586
1414123,406.32084048952566
1333339,132.99516929033186
1249853,30.512245210117992
1254272,93.33347351858443
1404012,71.20041570717503
1086893,380.94306681958227
1490001,429.64359652822895
1335737,815.7813335542984
1026870,135.71207763921325
1157723,130.72954887226163
1083428,188.73615658274218
1041969,685.0756332200386
1242079,337.4238207770899
1157372,512.4110034987453
1186919,83.85297751565956
1250645,49.62827214759363
1318234,29.429371132775383
1135964,47.28017767563022
1040065,26.10305553700358
1498396,36.23721999576386
1015144,526.4797895515629
1452919,3171.2933401387895
1045583,3124.4859888165233
1230784,18.84810967110281
1078483,18.982955528513806
1223872,95.72679869680218
1399477,119.11051397861658
1245737,82.38663269427558
1217377,267.5106419500547
1055993,187.95772626564403
1032317,288.55195681092675
1442709,97.23641960879232
1341438,264.9010241782379
1045265,267.91310217713067
1081143,44.074829065814384
1241028,27.977563202902964
1487433,102.60765290323916
1344474,146.29577878061303
1249086,25.623560915878908
1167009,59.31033812895762
1001468,47.53548526570005
1056008,306.9854453018209
1352502,249.9742932241883
1138191,207.95291356803818
1195304,438.20508214804664
1485133,270.2260963765198
1230602,120.7211133709068
1246844,45.33932644427422
1420947,107.83689009525824
1073477,88.80922929903727
1174807,271.6983976597859
1101194,506.38936265500155
1479242,341.57984326948315
1163821,152.36065607184355
1053387,166.39076009671598
1030257,181.83216900030143
1066609,989.8299928659101
1104677,444.8150271864888
1145504,517.3873315113316
1058968,25.286622932018382
1029048,37.07804602699647
1341299,28.25455231025929
1233321,33.73228775073527
1155890,376.67357517680546
1412006,3619.0752015591825
1059086,3049.851631993778
1457634,46.61460085631228
1382023,23.254176192028982
1450781,71.6369209034301
1393398,111.98491260468685
1347554,60.323787291760674
1208168,104.24840579681371
1003353,226.54255408088844
1054844,400.95189989574453
1199186,410.61229684690323
1094514,28.161681777117913
1182396,28.000741079336816
1335483,60.06239495170208
1231690,35.91096956346787
1227412,53.25911505298438
1006640,59.74574317089025
1430130,43.032027854735475
1124497,535.5175650604672
1311902,331.7654056575632
1091585,699.2747428213405
1011846,446.0432245635139
1183235,377.87642812576405
1138279,217.94840033938797
1400961,87.24704314429337
1342320,59.89180193660349
1073456,107.33318272635708
1463003,271.31713731794855
1291939,301.23591965708744
1201023,60.35492905075209
1131342,60.37281500085908
1350514,75.77238605539921
1019288,702.8059328505658
1338351,199.49778946379757
1441003,404.1244220334871
1089983,67.6542500643959
1098314,72.23134600411514
1319200,46.325103514227976
1007242,62.57565334616515
1348829,164.92007456579665
1356631,153.35412082541995
1007766,36.46061094749879
1482800,44.852565173799064
1160805,253.74650902677055
1386804,1771.0247967198038
1291900,2098.5395692659745
1467342,22.272437814593488
1079749,21.029749091237367
1163707,91.47867141370777
1267211,140.35065957469317
1477931,227.40748117053008
1488200,50.25041697845186
1286968,32.705569175602335
1204701,45.06857066929617
1262783,156.88137556267387
1129825,130.20869637482772
1314953,200.444428155746
1373676,34.04730282553568
1431261,59.156229767533105
1307454,44.38118181244774
1441368,317.74847218918836
1340082,325.11777146102474
1290045,128.04233776636084
1070101,1289.5940513847283
1413562,691.0871579485744
1192976,523.0960998821832
1304626,55.226395592037015
1358552,155.19475570610595
1246966,143.53768866938324
1121684,493.1810884479237
1422241,557.2197521328995
1463806,996.4151539516627
1133186,148.94880565869875
1186594,129.19686247331805
1332523,217.0800587464044
1228793,1059.266970326622
1106195,484.53498931662256
1149489,795.1188356746006
1239648,83.08780375977045
1167480,74.96762326454137
1006634,58.599834882088096
1067884,68.98680540070174
1158916,124.65316596284896
1392561,87.81406523564715
1253660,39.864676819768974
1371428,70.81330113938778
1413435,46.98130350321701
1202213,574.2805610835145
1236134,3792.5149805627416
1285653,2804.1137195002525
1086947,29.49935062135232
1413457,26.953276658236163
1275145,26.605742510621223
1394552,77.98567037992261
1041277,191.80688053111643
1219014,240.3870385993823
1131289,121.24016653441834
1393954,113.54440974822603
1114558,74.98381144729997
1058025,152.554085899333
1146280,245.68564315777806
1259161,388.88503865602036
1211180,45.60514414065529
1085281,43.07307671597015
1450681,36.408876092082004
1191059,183.81654853870404
1160873,523.4451398093245
1112783,386.5240854843779
1482831,30.714215119797704
1416477,77.46995093161392
1302018,69.8285019082856
1411743,459.1909231674768
1209263,371.95006572292806
1375615,407.6408888592843
1251805,541.084709130889
1469059,419.27055332501095
1265505,146.08198557767253
1110999,30.720685499877824
1490160,111.59789855435673
1253502,54.19232188502354
1126623,161.33004360627567
1130658,308.091513151661
1387143,342.860357318782
1362544,71.87000668075599
1459085,81.48326235456146
1341726,73.7784099350871
1208714,789.5127473329779
1473910,218.8416796329057
1113140,364.0687956723531
1287268,45.909805627793624
1017414,33.517885987318344
1329315,46.02957287589285
1437265,165.11263848843234
1441114,130.05283589040246
1207802,24.177496935968797
1284532,34.04596494909976
1428659,29.075290103942297
1247559,277.3017216380967
1142595,2615.163645492895
1221224,2467.679881472108
1440966,23.753508704986896
1244156,113.62367729198307
1432921,118.7919328144668
1253903,197.90371578164738
1109308,30.762620098833356
1160233,26.685225396695913
1265029,32.525654961520296
1200538,113.40339403236281
1349362,111.02832823108163
1216484,180.36602250830174
1470437,26.548172975743363
1389801,54.88276543213122
1273640,32.99517865858328
1398971,384.71471034397473
1110361,452.08332162320335
1132811,186.40595788630927
1358429,181.4567725426608
1499021,162.86026318138846
1251893,19.226393494537504
1189345,43.38422446957092
1217593,44.86842516641877
1435232,166.84195265401766
1214504,222.0150264336343
1240856,177.96216782171447
1310777,83.34569754044651
1473466,130.66278913866898
1182198,128.0886700903962
1442839,251.19705862459733
1105223,228.99019620467973
1050999,228.31733833904786
1140478,19.53218920878238
1160572,20.06742172371578
1294587,22.956471617163352
1483004,19.9826206605183
1085945,18.245097617350353
1334365,180.24014755580305
1179547,1047.155812168864
1212768,900.551532423436
1075990,15.050780646677335
1248167,120.25315689346736
1261113,142.30059257965104
1429763,174.2134855548705
1151884,64.47500410449328
1313839,78.44741939913045
1216798,103.78097305425304
1492488,23.043859491825412
1180550,23.904897367979196
1300636,28.24092594417693
1111154,19.286137933974565
1329598,23.875976402174533
1170529,205.39913906755487
1450808,69.28463524514997
1258777,124.49035280435683
1195364,1771.423179527109
1469941,843.3143417505304
1070129,454.33464223822784
1259870,114.88896315360977
1489091,512.0183712981702
1253895,657.2856041102115
1245836,835.7997398082649
1493689,146.4982610280771
1301362,121.46924043941239
1426995,189.15966331123087
1185820,1060.5898164297232
1170494,433.8902608349705
1315527,753.9092865044184
1284731,99.67099002067623
1233512,121.86355711956881
1229478,200.3999551792302
1118707,189.51551459112952
1483287,60.78985722936648
1483261,70.32890939763247
1218561,70.38442231009994
1228734,511.28729114095745
1100299,1741.7515734187623
1062654,1587.08530459176
1424258,44.93742202197651
1287339,45.00657744560369
1313588,159.82487308208894
1258153,226.90270936969011
1477668,257.23011752809373
1146680,245.69757272385402
1076977,197.61920030439552
1130360,119.86365480190089
1038432,129.17636113505222
1301753,218.45537895774436
1191627,296.0683860610588
1030017,50.11344880969389
1471259,45.980386208051286
1154260,47.29179773788381
1313142,298.96638825701694
1303136,287.08388474008706
1287870,351.3034987220473
1331178,172.20676023396217
1098622,111.2017187152676
1184587,507.1193708269081
1025379,470.4530744752001
1358189,207.71053548704583
1030333,1872.6372265751008
1187463,777.8555707112514
1212464,613.4224073063355
1124574,41.77203205065959
1226727,113.37384154541282
1052272,99.22730491034186
1223406,586.7141466121204
1431890,645.8546476533099
1118042,962.1003142914873
1358230,111.72651529866313
1160706,146.35639811197763
1142445,242.0973363700637
1124659,1050.1284158848116
1141542,515.0645797830343
1188019,713.2236843693101
1045061,80.01414644537765
1297612,149.1861696812849
1136555,80.51419999272609
1473948,44.08376822846464
1187248,50.28245591586842
1222655,566.1310154662189
1225845,2754.7404660553493
1147030,2588.341332037209
1361909,336.9800859928086
1483607,559.2389101473017
1222059,710.555421793741
1285518,198.55208677336893
1270509,98.12288268311993
1415427,104.59607739161376
1078686,121.13791567895298
1406717,174.25267635069204
1418362,305.75120979516225
1413791,41.83086305778235
1493718,41.61735231782729
1308101,346.2793120214609
1068287,311.2918783655529
1290408,308.3531393043953
1448703,35.46596436707612
1307736,60.50898536184651
1023715,64.10354327827694
1269555,554.4821764290625
1107012,425.798021886357
1352569,345.94414740355495
1080746,962.093495123536
1035233,631.505329962587
1192047,318.89406551840693
1423989,53.1126167376376
1473901,72.85628393193899
1330572,73.96893389944967
1124262,214.03895155833266
1340904,434.1964548623109
1466477,375.4801620234994
1030896,166.69505167776157
1102297,178.7842067700326
1458313,153.6297419729851
1347385,657.6240175112687
1349361,272.6802438062817
1036701,362.66117016610036
1291765,46.65926968107652
1375038,45.65333768553234
1366075,41.50721401757113
1139550,46.74656939094618
1101934,170.82621445438397
1106379,169.18851427797486
1183999,24.305135572260514
1139782,40.21805025772159
1126514,39.216646652563334
1035826,301.01644437337757
1377724,1828.0763516140094
1164986,2013.1698470932615
1140696,22.22226207019015
1479578,29.976123567121714
1458427,19.56693018782037
1037543,121.85919705943952
1376454,180.58747011903836
1034409,210.80235457119537
1017883,45.34018370997427
1126137,47.30614478925715
1414891,184.69648458162058
1082444,58.329913765934975
1402014,229.4212221097612
1091685,28.517253464720426
1334897,56.80925522589216
1202906,45.01184809785712
1037004,474.16479518337826
1077171,448.2176898559612
1025143,241.6104469130714
1045356,404.2878081926436
1456111,349.0734145151656
1023599,129.01746937401245
1224009,52.034644390694254
1412451,101.0992845988656
1410443,65.47819314036381
1262498,135.03197506473697
1430898,259.0937276776177
1219927,236.17745239898753
1037300,105.39260831389636
1253597,143.4868144131435
1102839,134.47819065689114
1122466,690.246762596685
1118519,216.99290863698909
1495715,322.8348606010775
1128963,60.024958543730996
1121948,36.52211213869714
1285970,46.28809224475466
1467232,37.22928996605436
1261676,128.91880098545124
1130285,104.5942062453054
1454866,26.583851276856052
1403469,35.979125893877864
1083782,36.521274429517206
1368535,243.25542737194456
1205106,2006.686475722993
1066418,1714.9000709116433
1147439,18.97087586863506
1143501,22.052190370266167
1396542,19.218692905459694
1280071,181.38613235248465
1342409,229.35504698358267
1022802,236.35302977639265
1444289,38.34589333490139
1436774,31.84402976711896
1254330,67.40754722645974
1112142,44.73137088242022
1409870,134.46806206881
1338379,29.394217636880107
1242046,71.0913447275238
1494119,43.87905985995381
1031550,385.046159381641
1374335,474.2610422764378
1202732,171.36813298104258
1090089,2825.248767649336
1390783,1811.9576741940805
1336436,827.8999523990227
1300574,121.48523479145553
1334557,237.6079514625099
1262288,180.7397999474693
1290777,747.5884030558237
1132437,956.9447020238039
1242056,1810.6174356538643
1323943,111.1419423542502
1395556,127.64454659896728
1021300,277.9969452239273
1256563,1655.0694903485075
1082880,845.735007756969
1408615,1368.2595843048298
1034550,260.4646026077178
1273740,277.7700370805284
1375700,133.0382378705758
1484176,262.4443581785701
1188547,415.2818708426535
1107386,273.0926974831341
1266898,93.98054948033186
1426808,139.69713148481253
1151394,95.26548258943876
1362645,998.7338054308667
1394305,3131.506784933179
1275233,2447.581961428396
1287197,60.3424440443867
1120268,58.03816407325777
1341978,52.67654679360737
1005261,656.3175788931844
1356969,854.2540898262296
1429995,881.6325966634016
1231854,316.5437270396663
1004831,231.94649914598523
1196682,254.73402085834508
1110823,202.85731679577384
1050864,307.5444300330612
1453468,500.88368771554167
1386342,101.30594206169562
1304635,112.00879353889921
1374704,108.42500182026725
1304912,973.1195085335502
1399265,609.9288938161596
1430604,546.2959292243623
1020769,71.75917350920425
1124544,177.39929625086899
1230695,145.75323224715999
1022544,760.3828072069194
1392027,559.624207912798
1227348,390.3912480730845
1427333,1162.2209933873014
1207963,640.0264651443218
1358659,306.2331225320696
1017948,29.891805730758954
1470042,70.82934473641848
1302705,55.98413384844896
1107897,342.2688425961793
1025988,400.3387645164706
1146886,501.7733797561181
1214823,127.8946239549376
1097271,161.03456444897867
1403913,199.35423207049632
1153862,480.8453374804482
1177612,238.27154119613508
1105240,390.09733094509824
1368073,37.82681415942111
1021984,96.22548557163364
1114177,83.30199244536414
1012363,30.913164379262497
1145179,44.80150907236534
1161370,34.850764865257105
1167123,372.89993675015086
1095301,2154.0742991816533
1329675,1901.5863738951437
1276937,21.061058329432903
1069331,189.1701485989183
1348050,583.2446086985688
1320534,624.1862634597824
1292579,40.49696033564558
1263128,41.03909962687335
1488407,100.28616720001014
1025243,167.85002421006683
1156703,252.36410910746048
1131763,39.898835814647505
1133958,35.47089688891171
1241310,197.0367520612113
1298978,123.72000419678521
1334203,141.64063756696598
1037484,31.0094691813677
1183511,52.82285890582256
1213380,47.43831738520692
1479982,221.8038689400247
1295433,188.5071676500148
1383868,180.77014506086252
1323560,2103.597858686084
1444798,986.9189128098088
1069100,752.8423982279731
1439256,97.17771677893955
1184813,198.1230529935547
1494605,169.751392036131
1070775,675.6243492383688
1153718,815.2782274901729
1262471,1016.2627965258823
1263194,134.2462349577344
1058052,112.6639045708627
1253782,232.59287774135285
1374690,1259.682041277759
1075536,569.3232569170075
1404821,933.7038765734286
1390833,115.79448021723042
1007031,129.7422319318638
1054115,74.41257299025817
1120318,105.54817412998155
1431813,258.60454327827745
1298538,150.30774520412209
1448350,63.78454816088441
1137247,97.37031874382603
1378187,61.94597740077512
1313682,602.8317117840324
1390178,4103.086318002848
1254865,3252.612290870117
1036898,36.71425495430406
1062100,33.194820035048046
1077395,587.23197547566
1274271,906.0433666028601
1413868,784.4221906194175
1063439,173.91173116190473
1121493,131.18822614881077
1429093,139.06513215796645
1170897,155.43669349104826
1402018,223.20477117796813
1129849,377.6031069126105
1348414,49.61798234894079
1007581,50.30104633026095
1140044,52.51698425164367
1464692,394.7209902753375
1251999,417.37715196805794
1204026,358.782109135384
1274820,53.36866822102496
1346088,133.09671967014398
1499150,136.871341648627
1141237,565.2481562272309
1216971,451.1342447599236
1478789,351.9545311789792
1182896,437.76115574767056
1093179,296.93025765821534
1014154,146.63360735051677
1030496,27.668500072597652
1460483,49.75660595797703
1320980,42.13204701284777
1019808,148.92212456116573
1362163,256.61270778062385
1360746,203.69937066298036
1362049,90.50466514281294
1111825,150.19683912779752
1081167,123.81306508366573
1032184,535.0518686188033
1092132,188.11799435152258
1024838,319.51662051254687
1015959,60.33982439315209
1494129,34.4429278056767
1030352,45.68457812560065
1255183,33.89928986655789
1087358,122.9543978492081
1441485,94.22548588133427
1292750,21.24633829778645
1187461,38.82336701285319
1219150,32.886857190004164
1192877,219.43714474932085
1256438,1351.2565797666834
1480116,1292.2035363499178
1218838,18.106336549137573
1404354,132.154089364863
1127637,200.67618719837446
1196866,224.15062408663493
1471619,36.34898462618085
1342397,29.709604021172293
1320006,25.34359890204055
1350494,67.17140747030446
1437438,30.405621522005454
1058833,70.91603464828444
1244799,49.21167001838628
1439843,294.9233443104113
1019892,349.01300756031276
1219560,161.99771271008555
1462013,368.34617998282783
1119683,246.20304208681262
1273171,81.06161068352769
1113566,20.519502443459956
1487073,70.49162493355693
1062422,32.92698788119633
1028047,81.67267180906602
1010820,220.95789195558487
1120927,164.80261822734187
1033949,87.71318385074588
1315041,89.47388841130974
1308393,105.27234886297185
1200879,418.6398367783789
1097184,103.92113091135744
1451230,205.98373553560373
1064428,30.104361354076147
1445895,25.483753154798496
1281062,83.75120937659909
1050958,55.96513122556013
1195326,19.154301371546612
1361791,31.085893486088615
1055072,26.916985405606148
1218586,138.43540739090972
1008508,1205.0666269482192
1398646,1027.130193721513
1174817,80.11623586971392
1343235,122.8451786665584
1033329,129.19525074674016
1401816,29.043086755408673
1471444,27.79502395338035
1298818,23.082449039270063
1274831,55.68075606148066
1383271,26.097225608201427
1165516,52.24915331688904
1096371,25.5569583439038
1302501,51.10869887718512
1204458,204.96884126874997
1205882,227.27072560264548
1318748,104.51633335705748
1307226,547.6867120893606
1320342,422.2930969422578
1016929,252.9221692147076
1043385,61.888237425272564
1264716,126.98312576431677
1486057,115.170759920848
1389329,143.49367691542705
1154554,422.81288524916823
1277844,354.78407848018304
1302647,67.10718728255293
1443356,50.70280417325285
1385189,1092.2916624150798
1272811,316.06742009265844
1032054,751.8614601153016
1378361,96.64087968694105
1094700,100.90696388138007
1040158,77.42111625121119
1036702,143.19990995726846
1238939,297.7237041646169
1389102,303.1763955810228
1097704,43.41642637840028
1137161,88.49968002005274
1028769,67.02407775206143
1453498,407.07193053156635
1346249,2036.9303668125062
1381535,1505.8172558786425
1252711,45.04250646262798
1178509,39.97436624734359
1220519,126.00719453315659
1309498,187.1089458346394
1196756,212.37623819812686
1478663,47.65663518586136
1216016,44.215586211744764
1328575,41.84521336395678
1373422,270.69760188767555
1324684,209.2859161816402
1066118,377.0947317497772
1079799,68.33602056884713
1045943,173.98811925407577
1318034,132.50328358025385
1014030,541.5231621356871
1343998,486.0562550001369
1162586,152.22876182859704
1164334,96.7530269190539
1194180,110.08667938779305
1046431,68.66704956271913
1074853,19.990785174953718
1017798,36.09129367121698
1278377,29.290748812400945
1183107,112.17014497042665
1105779,301.3180913370546
1355275,115.4438318735726
1075114,119.35340534564978
1163517,143.283536259825
1049629,145.73793370175284
1446984,340.78701585586913
1166586,143.979841847606
1308629,159.9616363294998
1054675,37.82607235530849
1209839,27.335852982761264
1350207,22.62560505028065
1294881,20.78014371242583
1104126,86.40044496699923
1234429,1878.6407659722413
1424027,1613.1557204637718
1158324,103.09432813796468
1140085,125.39493154557738
1415642,111.7116714551389
1026843,22.34229241364516
1412237,27.392486474193202
1088888,22.193771551693835
1302670,36.21822548488623
1167285,28.04797095859159
1202378,286.2417715280602
1201369,343.4336400621849
1168750,180.94097104422042
1450862,316.3799134933622
1495450,217.24086434667208
1302378,87.03519947485282
1058173,30.187080896475056
1433596,53.18777293682133
1475741,61.088135500912514
1487792,115.70985289076661
1239569,229.77274242801516
1186923,166.6763890960135
1093013,74.06326931161942
1456302,80.18212806943885
1093145,73.35178628700609
1107714,331.4288498137431
1310662,110.72318905849014
1042342,153.1817312991946
1267957,40.716945519115136
1311445,38.58570856342609
1331177,69.22183970819624
1141860,1031.3341602143705
1368559,820.897130392723
1239403,15.794330311081506
1080487,16.183996867472434
1005418,54.91584178419074
1395407,73.54660334034266
1049721,68.22988673262549
1111071,20.974389888283447
1365299,22.028283528204312
1301300,39.79857621348343
1443046,23.568919321191856
1335563,38.846068694783085
1444198,38.4393098995321
1337536,159.65544279362825
1139384,160.27666251490174
1415610,90.49739606692737
1346982,1134.5753382500736
1386899,587.4333192043571
1216902,475.93950657586777
1331312,31.175592720268263
1145318,77.92807658596507
1038082,401.90960029635966
1493498,477.6116206464932
1435344,751.0116153373413
1031584,153.77703433407152
1006089,159.4263707927428
1464025,267.5735657971678
1471793,589.0695916013361
1055918,354.10260998214426
1392002,465.5226984832768
1389536,63.084178073182386
1379284,51.40813849938058
1461580,46.22635093024121
1165506,66.39544740675585
1026662,56.79114358456907
1307597,34.4348924499499
1136626,47.86601547205379
1402463,38.95335878169612
1026490,435.99202672021454
1485619,3229.3899093389946
1151969,2405.25657699323
1482885,20.719020438332986
1426546,246.3534068538701
1318211,290.038825394043
1081706,328.97527795189853
1385475,178.82420619421814
1205823,109.7813509453256
1291316,126.78167064113259
1434599,114.88427856091124
1165006,182.4826190830388
1044361,256.71349445824865
1060659,37.660470001292616
1324219,37.04048402536349
1456024,37.30230515609033
1282704,203.75163887181088
1284319,146.70107075882345
1127161,132.13263909771598
1364496,30.22424711754432
1396538,49.52758036606042
1041425,41.139424383461154
1403310,320.0980052066113
1412875,246.6645289462709
1186105,246.81479718087948
1042282,836.7556336272328
1355897,563.9398111870795
1163430,242.63484170141598
1377459,36.58971275544614
1025298,89.82184116537414
1292720,88.70526472815324
1394640,296.9428315639412
1405148,346.6722693193657
1255064,288.45857718222044
1076674,186.78991911052242
1001753,227.73441044761083
1171702,256.01622398158867
1431835,456.341442011265
1190568,326.6821817347928
1494597,337.12487604888696
1236232,24.105175063608726
1022366,23.532364423525536
1296198,32.21226762264252
1044644,20.997822148061196
1190225,22.33169512758915
1021330,22.473230885982215
1442812,285.7364321492764
1144793,4500.642648853293
1316600,3635.245010018589
1033770,17.786417079702087
1374497,16.333645482505943
1201008,92.05163855325193
1433924,102.6427305011361
1114869,157.14323685607908
1302328,34.76131808781732
1471348,22.35838880975952
1158546,40.14131755658565
1056581,167.0684639292252
1078865,168.38545479449803
1182751,253.77873331209906
1224624,21.242968321046504
1016217,22.6207988373606
1242062,23.010052901166386
1356548,48.95190350035633
1131755,42.34851077691671
1073235,36.03412220388672
1350052,21.510834882397916
1067861,35.4601437623293
1363499,28.122934550409088
1156194,430.1683351448484
1497839,309.3008705947595
1362253,418.6019943827799
1127689,431.6019135945478
1131633,280.9334585169695
1379641,110.89326683700921
1375547,27.791603429076922
1362483,84.18086500088758
1318787,41.98728477485531
1040504,101.5542706482816
1383355,233.79920353888437
1483664,180.7644711960123
1470238,87.10444832252774
1224754,51.34849407877362
1357578,51.50818206800478
1427610,673.0370961079097
1313326,217.25541350099246
1187745,450.71936466271154
1050718,62.92584923610604
1104924,54.1463395496424
1128265,40.28636780475478
1159770,82.08441453197891
1066486,136.44708384597365
1421436,189.49704769664757
1200066,31.54354758529383
1416057,41.51442633752523
1085183,41.27515796835079
1349506,237.17144407555733
1261549,1674.4972274417564
1292884,1523.3435817849006
1453903,23.613542593252063
1025892,24.26261336667558
1199793,80.20248907814018
1068780,125.61628007412185
1085401,165.35637093973713
1037192,37.082848233142116
1400718,39.766483635644136
1073403,147.72196645996314
1456771,63.80246444201924
1250564,164.1789814592277
1487779,38.50867079216366
1336818,77.01152721759553
1010555,58.19864255908009
1002043,373.4550763875941
1242012,419.2100956614486
1166145,76.87921070983678
1440436,870.4683469225628
1146215,668.7529359775555
1043014,306.862655022926
1310723,29.99319463274749
1008614,79.77184489182949
1076975,46.56410602658229
1149000,217.37732070995472
1415442,392.1637180094242
1136838,450.1985399511106
1070227,133.54137076331267
1297253,137.40412208665558
1061532,195.69993521272568
1221557,854.1644106983064
1213113,261.06119124058375
1101454,474.5636528803692
1199855,101.85392186429188
1258187,75.72329277211566
1176775,62.95963890148918
1406839,221.61712788086487
1016677,227.13454128827738
1219958,28.84679723895056
1102306,36.77641631244167
1394484,36.99484384939989
1237611,363.78653733964524
1001680,2287.755643374729
1408762,2337.203660328393
1096050,22.948749196880872
1253938,27.035926070140007
1494171,23.60672207724357
1202063,183.9256527438633
1269353,184.88960841084221
1425528,288.2635852492798
1083018,74.31906668016411
1254356,50.09890532721749
1096392,58.691811344599714
1291874,182.63811611490053
1012825,83.21170672770239
1411856,193.20366761708263
1389546,62.34243449477154
1332496,37.42777146850894
1218626,506.7354197838408
1060240,502.05679636590094
1051688,268.99037702654635
1070142,241.6039933637309
1261392,169.0272215058598
1206482,61.10542247772829
1205025,45.58117943244293
1414894,36.073172334861354
1201822,71.74321579740901
1065852,188.08994052837147
1010653,142.14584264476997
1393959,75.43370568849002
1238587,75.95461092008645
1410003,76.62256039382565
1420919,371.5690384877381
1247163,88.1249687270244
1494734,148.45616263057775
1421622,21.868777422631148
1076991,24.465094759698815
1455585,58.16527681686317
1199090,51.58950381512295
1417240,20.35056581093418
1252660,97.01164968270889
1251333,1103.949835256695
1353734,542.0873090743701
1107468,16.455213623026758
1173002,77.51038266720498
1329582,115.49671276737959
1144663,121.41843559231405
1107196,20.21499395199086
1144647,18.97889534968082
1161763,36.38688200984557
1091117,25.866373163668968
1327267,20.31106038369752
1214601,28.06882961219833
1136504,22.680018580509795
1221756,200.28686911121474
1394196,170.65441792132495
1376542,67.05805922341847
1377519,1830.2751596437681
1373036,1031.002632566916
1414248,792.01762069089
1303417,55.96554358512377
1374782,96.11870133500452
1119799,74.23312131857797
1238224,400.2491994188546
1368565,444.34251610078593
1209454,737.5106599597013
1465217,81.03254110522477
1326935,62.39816139014673
1418145,129.45313898944374
1496743,989.1403430745457
1391503,374.5615432521903
1014063,648.3418734061182
1072843,117.62574826089677
1179267,103.89873164805297
1086413,144.16551671300894
1379056,215.72592300503084
1321694,223.05543441932096
1474917,51.56395937743416
1046579,58.59449813684267
1378510,56.72289035073213
1264839,462.3636205016649
1387414,3026.0857627692953
1011628,1717.6679452944552
1361035,34.29518969772281
1288726,33.42462762562111
1063469,255.0446232950918
1153382,282.08623260490174
1437433,276.8571641749307
1448288,117.03094072822238
1001552,74.44347893817928
1375215,57.555401937365666
1257492,96.8438350680208
1112246,157.69583469577356
1484213,313.86370154849527
1427638,54.061395346875855
1327005,41.79676516648821
1315112,52.720397137166046
1354041,329.59670781548266
1388619,414.8091265079897
1284859,434.9686908058725
1123242,45.48941306668752
1093878,70.07667326854597
1201131,64.81499016069866
1134701,389.05969484098034
1351203,339.87788822051243
1167481,187.16546436264542
1242087,1258.6528733540702
1492615,672.5358298705618
1200152,386.8178859092716
1126912,49.69256766675359
1106260,66.34893631896642
1461252,52.99184020305533
1098918,497.37387148352184
1029001,548.3925225458797
1367814,837.4170547447532
1302999,225.91873843824771
1144931,224.3986016341491
1248673,292.87323040077905
1313222,631.2654413895569
1158067,387.14122263596516
1432675,593.9592252466789
1012475,62.570595746689484
1177901,52.05648042878735
1495339,48.855695923216814
1476033,51.042914468359356
1055591,45.493797098440545
1452758,28.366065269662247
1161069,39.24711104257856
1186251,469.2053498188888
1033877,3441.7039740229743
1413258,2251.359712333151
1211863,21.110780675310554
1498754,20.343483839494155
1119251,31.039022427598574
1305260,175.3912835727896
1219991,85.58762114175363
1120047,113.39344105272248
1488566,72.19038107752932
1449824,67.42288311361466
1433843,127.24420689575882
1061572,188.86768419673098
1309177,250.261246917522
1174310,32.36665738164009
1450619,31.045462359557256
1110276,27.547922517852683
1327917,133.9344935382745
1028529,256.1962881935403
1229877,143.5938989393753
1303565,26.9899024101354
1094342,51.07279730882189
1424443,41.33250826037056
1444668,333.87711417948026
1484000,269.7660702104724
1280618,257.45466397323224
1480428,951.1169528759866
1455643,684.3020018925362
1285656,409.21807591151094
1372762,42.548096548607795
1432834,90.6712717825754
1237460,63.42976259467814
1295014,186.01192570455356
1244513,363.41541419447316
1385541,411.2015382747439
1035060,136.6992462550826
1121323,126.73819661053243
1085830,179.3532480238699
1462127,838.2075894184524
1295783,235.05657484462336
1326454,454.0410043114812
1055864,87.46697066195195
1234254,82.6945994000599
1041769,64.0629840457329
1160937,79.30490560602966
1342313,244.55100626051208
1016474,202.24203958677754
1110194,25.628069838725082
1251550,43.11187824944001
1431845,38.537613850380126
1353126,354.23827583654617
1056291,2287.3610283570665
1325664,2218.459959207643
1459553,25.17039550191154
1254297,28.001319245519635
1449312,25.07382721082908
1458496,123.4328513134924
1378698,195.0755287623171
1234170,267.7166462224899
1226667,63.635836567525814
1397179,52.95699122780376
1034705,56.643657527749816
1140008,172.5729253388265
1158536,66.15506864875177
1000316,168.13810942696844
1025702,29.453511645309636
1260965,67.65251723437449
1071743,59.22319761274088
1209313,384.42874145185874
1339877,411.8505437742646
1061709,163.0239009225616
1252003,362.2718466630551
1254045,267.92011122400413
1455149,106.17415227617093
1037986,26.182761485218375
1243872,62.37419476804096
1481039,56.91467102589073
1287198,107.72371816468286
1467395,226.2746913919483
1433692,204.19434271804025
1090565,129.44322141839774
1048727,119.7124463433613
1431670,150.04872300625817
1351526,477.78754047634845
1468658,154.5485300050593
1140102,218.3820902223379
1191743,41.69327080642
1021450,43.444606798098896
1272459,19.187315203088488
1222494,30.94170724083884
1207845,22.865183023102837
1283850,171.98996100122193
1254566,1453.3978686049898
1065743,805.7520426065207
1293087,17.044429212229353
1211532,100.81063432886975
1336103,175.60707063339098
1248026,169.0512341829954
1334098,27.502882653193698
1354295,28.129528181060888
1335974,22.042376909107908
1277523,27.030418328334143
1178038,45.00496795063966
1108132,23.068601473449824
1476589,40.217886258959744
1095707,28.073928185944993
1342490,275.84324083483995
1112212,348.3117087999501
1251432,178.0117922316981
1345064,64.87734414100576
1365578,59.42250735535832
1430307,29.26159921863421
1097311,27.234940178740153
1179754,29.861129313505007
1093267,78.80552703070437
1268084,84.85942505194106
1027654,53.6417411652107
1304946,104.65116888140139
1308505,138.2729599183906
1355349,199.38205653334757
1151988,69.33493363615494
1066688,78.1289129818021
1265837,19.2847759927942
1451100,18.481205581204986
1129429,16.42533262441831
1360992,51.172887466183184
1092034,991.0581713998258
1431359,639.4342473990143
1020389,47.35015772349356
1495262,45.19863183809933
1416203,116.3670130828523
1026691,144.06154776640082
1038947,140.61798147123972
1280856,29.413981144515475
1267098,16.892102983464568
1063760,16.802895664595003
1070558,15.166966552379847
1316514,166.2004082639309
1246990,77.8252575882251
1278694,150.95155019779213
1044833,925.9096861795347
1082537,455.74129648213517
1290623,339.41345677493103
1002960,42.714335683270185
1097353,77.74157292799944
1197924,60.93439605896691
1447615,243.60429157460314
1073580,310.16916813386524
1459132,485.4758838834929
1229468,58.91764368788414
1436975,53.28579473403416
1209334,108.30065408157749
1162245,455.49697636556675
1128432,172.40206883864772
1266348,370.7542381886624
1156193,56.15027444829782
1058895,59.28184481010365
1342347,37.43166469368081
1186897,50.99740015650399
1093559,108.74768983051277
1189431,66.20795964681676
1464252,30.56107035077231
1378898,34.081797056565236
1307236,36.24571838729104
1278502,234.5558201475671
1210378,1794.228513878105
1274934,1347.0240304852136
1091749,23.139237095091005
1381034,21.287253656495427
1421914,20.16410924296072
1456658,217.8136314385636
1137166,275.6544440352184
1144564,288.7471038995583
1181209,119.38381712210632
1134920,50.46117283297119
1460464,75.52494278285664
1235873,77.32408794425378
1104114,120.61540092462475
1404886,209.8093067581619
1191448,37.320331347451045
1270020,33.252760042972234
1349855,189.06347789993177
1038419,155.71615562745697
1372105,148.6412570094077
1466539,28.854254662055496
1049894,49.42739584218886
1165845,45.20865278642629
1184351,193.66758663189657
1020232,141.90067394776867
1176566,134.77881398687202
1142567,585.6818945599505
1247424,346.28715071728567
1331093,174.40449113968182
1065120,29.022577323059593
1379552,58.06464749005044
1373275,55.382157556514706
1044528,83.71838324091968
1405516,206.1735294220411
1480437,222.4185504622683
1116430,57.911136060998146
1094315,51.97984287323372
1115681,77.54550757434488
1487577,619.6820044853645
1206620,215.72928863203782
1006717,355.135744615641
1455478,97.61500018385604
1473148,99.19088156508495
1108700,73.63115102245511
1494266,53.94277817209101
1142552,167.86142745206362
1119868,176.92379304871793
1112572,29.842430578330113
1001450,34.2556702206841
1035747,300.2386595616476
1426081,906.9261332643425
1302643,829.5539404135985
1091771,20.416619137709368
1368796,25.910464826541578
1418344,103.19313475785552
1213867,133.33709524803183
1428614,216.21629603111393
1323445,49.05958321871766
1400294,48.710465242597195
1202102,158.4508134690446
1351443,85.38163017671924
1469614,225.31186977959814
1241717,27.97030047979907
1435336,50.984134376999165
1129632,33.178727658042696
1497604,299.6797104275085
1153131,231.01041136650616
1165802,82.30341383350218
1397430,2331.4812915526227
1421700,1360.0817296806636
1199301,1048.6689997203223
1217162,54.81099354865017
1314371,150.17506066389515
1438430,121.99690465450709
1161906,602.6350351424849
1437201,698.6874637605969
1105750,955.7389210904706
1276479,107.51300165213719
1385089,113.63731780092535
1363114,240.143965720081
1386434,1234.687897501583
1009855,522.4579543819292
1456556,916.722839992352
1362834,117.47018403373673
1397380,95.36345340018082
1148711,57.42625090825002
1425133,93.83370302930628
1406516,261.30496959909453
1410348,180.22509503921418
1080589,46.22411990561891
1257696,112.38907913240556
1197163,59.998278177463895
1492896,562.5578786605669
1390966,4784.1550605125285
1300869,3813.880752580327
1346062,32.804444496305535
1440801,29.82966151201363
1457400,578.0027168403543
1129511,621.2519029159155
1206563,694.7241559868605
1463167,202.35118338914708
1127290,145.9509100208765
1152630,141.79474960758367
1319449,114.23470721372884
1085416,173.30844272463278
1148437,362.3257568088723
1021989,39.88296559168946
1222373,40.818120429299114
1487297,40.28446905427532
1464106,366.4640701791771
1120848,436.90589444650936
1161361,342.03645615331106
1385103,42.11513342634427
1035520,95.17703369510039
1272865,94.4216658048656
1115214,434.28622173758157
1482473,364.0720288539087
1173061,368.23610951771013
1160004,113.9942513675754
1209168,106.3683382155171
1131071,50.11866915149997
1437124,21.296981890830775
1132303,91.18356221824918
1066597,45.22142710515542
1204147,97.12112185030419
1347735,214.69163026708287
1471974,95.35029239302587
1006545,76.05640541510921
1181713,75.18551595802441
1310282,494.36246030489036
1403767,142.68539704246035
1142620,170.83057824162117
1101218,23.90138913966287
1064390,26.613401158278087
1302997,33.78285675711156
1394499,81.06818292510276
1220035,3059.2574915825935
1301610,2375.5116440407364
1192894,110.82567807273674
1086367,147.38528433833056
1024610,116.2521644847104
1066449,18.668698249898416
1014622,15.031313473355105
1102434,24.768556746545197
1094038,67.42330131466137
1024198,48.92205736805503
1480962,480.40488579074184
1058212,526.6618188506174
1034193,207.5815733813792
1133734,1038.3292621337366
1368841,656.4047221213586
1307976,467.11660972027965
1353818,30.307152952142683
1203717,57.111350096167925
1261194,45.13317107812865
1429330,445.48624860192297
1093502,473.84387381736326
1396514,630.4138615869235
1164080,106.59127598771587
1496571,119.53891294645348
1456487,199.86561653991203
1124122,606.7702768671409
1344652,255.95100272047392
1045314,405.63735544333855
1313065,43.70121059231086
1453858,39.214148674203706
1391383,38.22588256196188
1386732,100.92341698194355
1131958,81.22002532930706
1411353,28.719850186981926
1183217,30.770120550476037
1004907,33.667139950499106
1370612,341.5684225548271
1059227,2232.9865735974176
1044076,2721.401656808441
1461383,18.71436981949352
1370497,20.111201135606024
1201558,436.328951972343
1009155,569.6415595585471
1108733,348.10870332057465
1067902,64.68120461510438
1182115,59.359435623759424
1275446,91.23183027375651
1303182,126.21526722009453
1347823,261.8619393019708
1193439,39.520149280651914
1093068,202.9837936728573
1313752,89.28487056310387
1431000,131.07627453551797
1405764,24.443988372470642
1167876,45.718846344096235
1216873,34.709175119386
1219158,335.51704454939573
1140986,308.31036677406064
1225887,293.80663735567396
1136954,1166.0040584044364
1072381,588.8911089075713
1466210,373.2128226450836
1224719,38.116877007777575
1275996,65.01138096053968
1014424,54.270619594972594
1343873,335.4118892335094
1215447,389.9004737489215
1047563,652.0795489971666
1130244,75.78916293408483
1144237,72.1831696855617
1375781,154.81555743180994
1074647,705.3235836590256
1266701,257.49342464356425
1022706,544.8368356919575
1125457,129.380096485071
1291420,125.19008601749742
1309030,78.04004025128208
1090177,260.06721956326817
1027770,220.46294643944842
1320976,39.39447263281231
1086618,39.428722842704346
1426062,39.71709795911237
1386393,435.96168426360623
1365708,1676.233772862854
1296288,1493.7681109660164
1105095,23.21066847032723
1490527,30.675342538960898
1290461,19.56954773102478
1207023,231.2927737585115
1161985,326.5590406271442
1091579,352.7464737100832
1083415,144.9284414765991
1481004,142.3326016701076
1210068,86.94310681653502
1092395,100.33519492615879
1098833,146.05326058183655
1276935,299.7663567365212
1232445,58.86536665868345
1334966,48.34045298667022
1170489,54.35022971507825
1051286,381.93855286606004
1172343,266.2166096959101
1063250,268.16375700378615
1262276,29.620118531761587
1086671,51.03091266145558
1403410,50.036650980512526
1416327,328.26987903541414
1466980,240.97321910297723
1209617,179.75587284414942
1358442,80.60045607845824
1021640,72.38515669422462
1458255,48.458922821172
1076401,42.05177719262296
1466523,41.67245260393404
1009398,99.46132901726452
1365750,54.80378652818804
1020333,79.99797495824652
1302929,123.28986912363189
1049098,94.26705072048537
1275886,402.85540506659305
1377436,125.0926844137418
1339401,95.84685537639267
1296573,25.48753348725177
1382490,24.350209426767936
1105475,71.28830278997826
1345869,1401.095150061226
1246051,1420.772646325215
1395793,131.56176751195227
1161426,127.66749727997009
1169752,122.0132618158159
1075712,28.789213799271923
1396750,18.09259923620921
1369446,62.76249094903224
1250772,37.543995339269635
1228466,339.844914423776
1363888,361.45871649426897
1346906,186.8843541901624
1440877,691.0107138090042
1284314,451.19975011738234
1469441,284.0111338877731
1434417,64.99401032339843
1137425,163.78694169452982
1043915,123.81592770342996
1470343,218.53931126533416
1348031,484.5377843389934
1153756,430.1475717350642
1236706,92.32714558693574
1140362,103.34237447029786
1385981,103.9941106024521
1479530,1011.3587674006313
1117421,317.34149003665897
1464250,661.2510618126034
1407622,100.18892760990639
1036421,86.03218449311879
1002959,74.62619407594067
1426563,280.06518347064036
1247670,237.69936034104464
1462768,42.35515412705323
1334259,73.50808597816048
1454376,65.30531383993997
1489795,347.8151782221068
1126940,1615.9200092040703
1067683,1179.4070186605363
1052663,32.75606242914974
1135752,30.421292577619813
1027714,32.13785202361669
1083688,125.79090084719495
1118433,230.16875052745058
1393099,264.3039051152413
1009083,59.21663894045702
1218541,45.36435814641195
1238031,47.83461287120796
1105141,223.03239897636277
1098287,143.2812988534825
1299929,338.8649449422215
1192747,52.96360164982714
1353255,111.17585306026696
1370526,102.20802686819968
1034948,490.9609830271035
1443790,470.22308886916557
1258783,170.99611999053005
1266289,417.09313879548165
1371943,333.2820324807777
1134369,85.70113268924553
1439573,31.250839378370387
1162693,62.993287440870965
1337595,27.596597141165383
1476185,162.91062188605184
1277210,381.5206705947542
1353948,297.7430061376681
1481232,155.82743332437187
1489354,186.18592138909136
1015807,195.82718056661508
1430066,372.66663568466066
1456342,198.36679552275805
1113435,199.56981559105293
1427628,30.852953088209336
1200050,53.11351041980428
1406961,75.78955419592319
1042014,25.926092889497326
1378115,27.621490294871677
1080704,177.71528691437163
1427400,1995.8766552523682
1183169,1391.2362574352276
1337149,16.311797040136064
1147099,16.100449834169783
1082994,16.28202442108189
1438733,86.74215395789768
1105548,156.65484208723285
1115545,109.55633185363851
1331116,61.69008050993777
1146566,32.828409389022944
1211395,50.42579558579447
1499922,28.746039470255702
1491288,287.09666064888023
1417275,396.1551642749827
1248994,162.48734398656262
1258709,2060.1773192438277
1394819,1033.038798657994
1135533,385.2556814898723
1051730,44.08344238328475
1165520,77.62458848825818
1197088,69.2961123695766
1465199,475.249699832298
1401826,572.0562417542523
1392220,906.3861627121136
1021878,145.7507105208163
1400369,141.35164947169707
1021693,231.63927742471782
1483559,888.640360938139
1475544,355.60529017288263
1300625,681.796394780003
1197565,83.17136829764219
1355784,64.0658890637656
1111727,58.175488218307045
1376997,100.96021142375372
1244359,70.70995795550454
1373136,51.08324936696615
1083651,39.84075535868299
1410171,483.92063674178485
1327045,3290.1985563453018
1343053,2297.2888229996884
1499459,23.739668603957213
1381205,22.778244575608124
1308369,21.985914948922705
1236789,104.61097805772691
1322057,136.8383310488974
1402380,238.36002368662196
1495133,397.2859533266718
1135723,333.2278823966323
1177453,273.33240604031135
1237932,132.82639723755855
1265825,250.303303555692
1407678,294.5271473226582
1166219,39.22862274408994
1472113,32.57525268700213
1149680,249.9161185162536
1280831,189.17500178954407
1099376,164.55313583091234
1310205,34.54997594654265
1100532,73.5134770525442
1232899,66.11267031961084
1231600,327.9064018886987
1116674,280.07713571611794
1422960,223.82294085165617
1050205,640.9933402335593
1416864,283.5553104003407
1337366,92.61521492429173
1125197,25.551276610401306
1086371,66.55334447700125
1341997,120.0297121861241
1032394,340.4046994169368
1447457,191.97521588127427
1243007,92.52766415725702
1303301,110.35656778988695
1106702,118.64078838813677
1385548,652.3578967381345
1216801,200.9747845303847
1313139,396.3239779744774
1230530,63.92853771258022
1229440,49.2193639131248
1173475,47.503228728255735
1361085,116.34025764641133
1012153,129.1476747864304
1010245,26.880018383560795
1425334,41.112792132025675
1009825,30.84061395467854
1271945,174.12249315041566
1084568,1761.0926055502443
1021535,1644.2288318085396
1011457,18.888434184822053
1429661,19.737752387475815
1429395,126.99184485451227
1391550,152.80944825331648
1476176,185.8219947442779
1346514,34.64198264758587
1257642,31.037402684652925
1437428,26.04973092096987
1093473,81.5493650914471
1321968,33.11972345309816
1262804,52.06437588465565
1226903,25.82249777457668
1280458,44.650206653031155
1232919,34.72055782690678
1017140,281.92781679385496
1322867,283.65050264652234
1196131,151.26546351876206
1141874,777.0104731522425
1377332,498.93792020855454
1377521,242.06026415682976
1292453,23.14538089244413
1056097,40.95268374524763
1271999,18.13694467520234
1036445,136.8284351257331
1469373,245.0507150952924
1339817,282.0733968093049
1210375,111.55318031830346
1041090,176.10581301491538
1299861,151.78848803282688
1439928,575.843798346875
1174553,177.2553200741758
1084641,298.2369518009539
1172007,56.22364130699418
1276111,36.36538612715341
1222758,32.124704525390534
1123142,140.21169072538677
1200813,100.78508852704016
1058764,24.984269343523657
1105638,25.95233078437331
1386900,282.56995854321525
1090223,959.011342927624
1168500,1212.8250115128071
1478388,17.105243994275824
1018488,18.47106062942645
1365428,124.26309403259569
1354563,146.62010639713384
1074154,193.14505042469284
1012293,45.04003616967412
1317898,34.34086660701634
1326234,132.1724803805932
1231970,45.14842905032291
1462420,102.99992328834426
1356535,24.42752848772364
1282500,43.916299788727464
1234238,32.343908765119195
1287568,347.5125885221548
1336390,346.5764651817188
1416376,162.15036659746232
1412072,540.4792962707492
1157631,315.86259859941026
1460512,119.5391396270264
1238865,29.937025127061606
1077300,58.2101160552706
1247292,166.59440783559498
1015227,415.3954542957298
1029269,245.13722517093896
1074211,218.4399837700392
1069951,157.11984438518428
1455666,130.71162181638005
1369533,496.00601641311727
1221494,146.34624307663913
1030934,303.4036043912156
1454801,27.450961495920527
1055201,76.13234705172172
1228440,63.19910495390597
1448901,33.197730180185715
1180107,31.75119289552032
1461549,147.87435489642257
1232809,1605.993904426702
1356402,896.7655841194252
1258158,22.24110293851581
1420628,20.871658180717812
1059120,66.23870216240883
1478189,103.42632614227159
1363426,74.97083427877162
1071794,24.809645929811897
1455436,122.71134099080608
1214569,54.38583072126742
1463916,160.14034193682377
1305060,27.097224391648577
1233157,47.5472573738692
1042434,29.91565688928683
1185694,276.54606035312355
1293729,318.2514376640153
1136776,87.51535165569794
1413517,754.092154512611
1259598,456.15021661081664
1436258,253.6423387636083
1382915,26.57998169357537
1378089,66.58334074865319
1020754,140.69212665484233
1311330,264.5156706011168
1347849,282.3314412548469
1223036,85.63648028053035
1443948,113.97044556435104
1031537,83.60242898905528
1241557,452.43193107379165
1080727,147.60928138699674
1304133,281.4527097866942
1376166,47.531035286740625
1040003,40.659687756880494
1169082,36.962196266318166
1186723,29.437699381027155
1038950,122.49888883203884
1004288,106.50308786689035
1307572,22.906305782074867
1286873,27.76273910165091
1141389,30.117700054890104
1031169,174.10097173550037
1182172,1226.7867576842877
1025645,1177.1224867440158
1109353,22.021696005330867
1310175,26.382610536626377
1241604,20.58496822542617
1149972,63.5578246493974
1119709,80.59188293247017
1016210,125.48435537185439
1143861,94.72237836888554
1448070,45.01720236491863
1180256,138.21767652568715
1028658,38.958634267344756
1385596,28.458677760630152
1224224,229.59904781694647
1321495,201.8661806619062
1044081,122.69737348701294
1262088,696.7363959375341
1165396,473.7287573692899
1030700,349.1445085409034
1260150,26.522128253869713
1443457,60.1328324717413
1249975,55.49827725874315
1325306,244.43185263167678
1032733,292.39379600896183
1307045,377.4594634552412
1478238,150.5711217231508
1403904,177.75045560137818
1159996,227.2285111720306
1393212,357.6092125667473
1144115,182.2211441398142
1231616,299.7890207707098
1175049,28.653813389519275
1073731,20.6683306710957
1133318,50.102989903169885
1025446,37.3265286422104
1029180,26.636994571779457
1072871,26.274684032765286
1019252,253.13780406932517
1231475,1428.4833101326822
1251909,1017.0508047568813
1259666,19.260418920142534
1347514,135.2042920028802
1421537,199.94993114721896
1490547,55.52082582825795
1031512,36.13908719242895
1201497,61.55645524603425
1358702,67.47106925966894
1294819,114.26724786966174
1252270,143.70043138379424
1404874,29.472795118529856
1052619,25.60401648794642
1415070,82.62488209604986
1131404,60.308328828165024
1114748,41.391955191831926
1478278,21.176801072784606
1385580,36.19414282135666
1053602,27.439110803296245
1373446,194.36165340151877
1254188,126.27526579108613
1064722,143.70581398484185
1017611,692.6849437195067
1478736,407.2178931963081
1319448,282.67265310820716
1068050,25.101020155183054
1168512,52.966943577788484
1225854,43.54430654111151
1281168,216.13825979690486
1090747,321.94468092694063
1334066,398.30762434822077
1109736,87.1574899104063
1444828,82.25075677763375
1370445,137.68377407140187
1434316,376.5583408270835
1158124,206.63774468629083
1149325,344.80210608679926
1125965,45.884536182898884
1084734,37.98081313675937
1149415,75.09484394660468
1209328,53.29493675925817
1163249,27.742691681025565
1380450,30.24081111574339
1053981,27.782086075861248
1414115,206.95444479277234
1026120,1355.5611659914894
1096794,1238.9774219507315
1146050,235.2386808851848
1331189,279.9086035485149
1382755,299.05768032685796
1041188,52.71980567988787
1184878,43.44509952277585
1480216,70.88292953225694
1397576,115.90379480848277
1048682,194.98699582615842
1233664,29.90947119880821
1016670,34.059233581120644
1178070,196.08493613993286
1278946,111.67412507574885
1166260,112.43505584183127
1046348,22.810657043136224
1335428,43.31667077345064
1293935,228.9073746070701
1287888,143.8686945563179
1359856,94.38449271163407
1020415,708.4784725216543
1082289,390.87681685243683
1099898,244.70534084817618
1358318,37.69531149890223
1086585,88.107196905683
1111735,65.10504478161627
1358085,218.15482508524488
1238125,378.35173013707265
1035424,409.0104263024841
1356727,71.69620234502318
1329534,133.55258796422
1099878,116.54107650788166
1268385,695.8537316211361
1209282,285.87912016332643
1245282,441.9739581999963
1288831,58.353627726712084
1425235,59.88190974830405
1383338,64.90820629453606
1217413,81.1170657060185
1476508,110.78008803686936
1391751,36.585542791699886
1331642,39.82954587339771
1031204,38.068213980762124
1466616,214.46133753861773
1079710,3498.615360822199
1264375,2282.7842889981166
1042616,20.782352724325474
1240964,176.5430845360754
1160082,208.86870214492683
1039277,231.80464582788466
1353139,96.97711572791876
1333671,53.30935508727889
1290071,58.601313118275364
1403753,90.82626234830133
1243092,127.3083460199606
1280359,187.303975505431
1087974,36.24943042135799
1239630,29.972703605616744
1234605,120.97309251477866
1340890,123.96527906875284
1163887,137.498227159621
1426026,37.4637249576901
1427154,67.72190905761354
1044017,54.36072309649828
1279847,334.23598324384574
1456120,280.05824162932913
1253370,204.10837944677013
1278810,165.57604643807588
1117394,159.02252879225796
1012670,56.91423059358334
1025188,32.07821996849814
1332233,30.054055211751145
1323407,25.55664609695536
1034869,98.97976545029162
1376226,164.1392740545723
1309756,109.68692263048796
1303248,83.50245019326712
1298371,96.74040031213795
1228447,117.33926662736641
1392600,403.72526973199075
1210989,124.94143847000797
1224929,121.87593545926315
1006863,30.19607260004361
1046576,29.614486573212787
1131373,21.71165726514864
1099601,22.362826407231708
1165145,87.56093923817227
1243449,1820.1957299051635
1272532,1321.6070153173614
1038824,72.63308383750268
1274071,99.16542437631092
1035671,106.37031722347135
1143118,19.636114411108682
1284066,27.738804578640522
1346299,30.06792890261938
1019250,19.054972841524897
1148436,34.425594038948425
1002446,27.848701949568532
1367571,374.67831993677765
1430226,474.91843285518524
1459893,183.1066779424938
1435663,443.7216492111305
1145434,290.17498931118064
1165874,134.13235526316447
1480615,38.359872824284565
1465173,77.14651646603264
1377131,111.6334947027966
1499074,139.84796459207644
1458855,45.01479734477898
1264284,41.235641449234855
1380981,55.69625904539824
1408379,444.27416993109205
1355328,136.3341321889081
1046966,262.117992487911
1406927,44.11945402596886
1049031,32.81034799906609
1404257,51.40650306291954
1355175,152.5694234411036
1107709,130.13018624671884
1449044,24.52413661342719
1347707,25.62257269816231
1121174,29.212428967711478
1117633,173.68537722195282
1242523,1054.7131710023125
1415856,899.6319003987725
1449012,21.21037257482644
1027293,53.86326357117786
1409385,66.6544131611982
1302226,114.32728918457798
1454173,25.69980254615949
1055319,32.95222247139733
1104911,125.09305179364893
1073327,59.496567369224415
1247615,122.18103333593177
1081843,23.69888402499606
1085992,39.37853980843258
1114342,27.26695755696178
1181597,183.47736918899872
1109296,142.73194349354222
1275019,63.614946297615035
1414111,510.39036775709013
1410252,481.0209084031138
1023485,256.15619615886516
1008417,32.12766206768077
1228962,104.4371749846447
1255627,73.09258401473343
1228545,148.36890164623486
1291262,270.0453395267639
1122503,279.57260981879955
1456341,94.81294212782423
1075103,90.14640850174254
1194241,184.36502909297494
1447660,565.0530738862898
1384680,180.13571163710958
1073552,299.17914862077464
1004768,37.36397369057685
1143648,38.8351957923974
1187892,34.74255316332214
1107358,87.33026257643701
1156352,79.42040174266782
1133290,27.150208657599343
1341616,43.846984535793716
1415018,36.57945034423179
1267108,198.31549020446602
1360251,1616.4832754484617
1044036,1193.95695353569
1231149,21.81903574258804
1030937,93.87296097791861
1436012,147.91600104155955
1092893,166.92791789793773
1026836,32.32487563983046
1311633,30.053865505321248
1026271,95.82621486361707
1367333,58.67581770344069
1087697,154.4814106909079
1402406,34.788239617154005
1007970,70.95206486643279
1110234,51.15510370101273
1042031,285.3450172237295
1354819,349.1043689849402
1088259,165.47948479302838
1085852,252.5585321363195
1468989,243.65687127679627
1403733,46.126080377854166
1344775,25.22229289922618
1442285,84.79433958789456
1250784,49.72897687327265
1408134,148.1685295626444
1323039,325.2990248704352
1066138,186.72161764797352
1256418,125.7987113694035
1077102,224.28705630256678
1061292,153.18008095923093
1077010,373.4560669165115
1477799,145.59818242060382
1146321,194.74517027387085
1086118,31.035399579391708
1329979,37.083673807970506
1108620,89.98298167198635
1314338,1273.3175842244098
1277718,993.2168110702917
1020303,15.41273579048283
1376133,76.64809452845503
1451917,116.45490132805925
1037515,84.11321409552453
1095876,18.476759668729066
1484068,46.29803527199266
1418055,19.072837161307632
1189836,32.24044868919566
1196248,22.27440273796279
1064741,34.0536286092708
1476995,24.252011806698746
1489210,251.83437680040436
1105338,339.1936259131777
1209310,185.38606640692345
1193672,354.7994390787431
1015109,274.64903965546904
1451337,143.55886763396455
1070810,41.24268573526031
1252731,55.67617232189131
1337324,37.841948531360465
1464476,96.58016000972204
1325073,189.9512768852067
1476644,131.9544920284756
1471167,80.18177000691506
1177828,84.0225998308647
1012132,97.79214340956005
1457332,643.6473537937823
1420723,144.96625261735636
1379716,252.1686521374843
1461586,31.408198159370933
1014910,33.607702129508645
1062544,28.257958221167588
1228539,69.1684377353139
1315305,61.95067892339243
1171787,22.839863607185446
1320329,34.83363049058425
1378417,35.26274870497167
1352952,122.55986132334856
1422386,1321.3831486118697
1203825,1269.3845514689854
1498811,19.41210580660411
1389677,156.56632957991215
1458614,174.53498298670308
1394090,32.03426986934626
1074370,93.17422016509619
1258772,37.90899765468767
1207443,81.77863345426098
1135503,35.38173546238271
1417871,81.48094525374478
1190598,55.37055964854905
1397164,324.6764094266035
1184400,458.1562194847962
1002018,136.10273810303647
1382148,717.5417416860677
1381389,487.888108835265
1487211,288.48420785317103
1007065,49.04558569616152
1339580,76.18433143280228
1409201,49.99724138709633
1472746,159.18538559935038
1102375,262.98822898133113
1473267,331.8563176280289
1048698,74.84770077332975
1379561,107.36308437133084
1301623,108.92152305516545
1014278,512.5399206307978
1330464,212.97503345089945
1342395,354.74930314281545
1375806,52.151471821046655
1096741,70.6521266297388
1041615,206.23343071414902
1342423,189.9346595210962
1059627,26.661451756131893
1409682,38.29451392679686
1059549,34.25495175055667
1210915,253.92873161901812
1450042,1158.5954668199283
1210149,1038.7919567901765
1179255,29.23582854722451
1101161,20.874181380871164
1268053,75.71832697518191
1352488,86.01782433754596
1221355,185.7788532961544
1067239,40.18989714604518
1111111,39.49205481329969
1313652,46.404405644388284
1480871,238.5656762759257
1422291,118.37630245958633
1179933,317.606266693577
1274357,25.623207011325672
1298823,49.61591675634307
1046935,36.262834608102686
1016063,361.48886763062916
1455416,340.89403722734335
1313904,153.96905352990964
1428093,1370.539244585452
1198610,899.7362053724439
1157707,508.0729083433467
1189918,34.1930390943789
1174307,96.6341213912075
1000187,79.02108620373612
1342306,505.75861916962594
1318282,513.1872253538293
1270201,804.343806652015
1280808,146.20855280953478
1150862,181.97983193378903
1021413,253.29325257736204
1094162,681.959715233806
1118654,411.6746857199446
1429684,544.4687594767844
1190688,65.39790152803646
1426016,47.62311058403842
1009331,38.331572026356596
1404482,90.74021811650802
1320186,57.584846760992505
1485305,45.85728257688099
1320053,38.11789174573976
1276724,453.2565191235082
1216781,4088.785462481302
1403279,3098.0155191016997
1269402,453.5216018728964
1367021,680.0785886881931
1371505,530.3625425141153
1330348,92.46574165618692
1103851,72.66021806269015
1077092,75.08585303344498
1339617,121.84257977990256
1110478,165.9462822264542
1228645,258.9091876587524
1170029,36.50983826586826
1192549,39.36083306209397
1176563,38.31367357469811
1413110,183.55471936775
1435293,158.90956065788743
1113104,154.87085799245224
1029982,26.975572414588065
1387250,50.980742276353254
1188932,43.46743876716018
1067502,428.38150013874093
1372355,235.39407934873043
1010398,334.205987058542
1002774,477.9031439936613
1300715,387.42226757038463
1034963,162.5275420724856
1450299,22.885825599246477
1101152,65.33842723941615
1225707,38.85666876109383
1280976,133.18267682766952
1272924,250.68283473820557
1157862,228.79271329970757
1308727,51.657311464058914
1396355,58.297743521485735
1319853,62.399558558441264
1025693,423.5081593490791
1174284,157.37953892094708
1127315,290.5895923827486
1365949,45.201965300387485
1217224,52.66132825831523
1380028,36.90603413633726
1171896,65.32250557978033
1232711,219.1576174942419
1101191,249.46727559643156
1261322,33.293242614353794
1015454,28.302427275079555
1496729,28.560838621441473
1388842,188.54058459122282
1241413,1450.019833358049
1427406,1197.863616177785
1221106,27.36933038675458
1140020,19.334529927077288
1229693,66.38832337127249
1251379,77.82635691880596
1376260,143.76195692594075
1156319,37.5461070059776
1228144,28.320689219384295
1014899,42.17945570903817
1431873,175.32819349346855
1020355,75.29759702439172
1430423,153.80764868495413
1457210,26.16096184007448
1406481,47.8909040265166
1220988,31.63305824705116
1290134,243.4478121915179
1415673,212.098273365131
1263946,109.49770850997136
1157662,253.57029204928645
1342442,209.8220336702643
1372892,69.53400423367512
1444251,101.3939340557971
1084196,51.18773425486676
1336601,219.62593220284296
1046867,405.08012738930114
1101521,222.96246686024818
1236459,86.5218544695409
1145992,89.0278666904383
1338064,88.8310759425963
1050100,630.1128176251065
1220899,210.92505715790162
1498515,275.56943876852046
1056902,19.356733719669478
1377760,20.948143524228335
1267745,51.166584687119816
1132536,45.25488228202425
1362590,37.046804950576195
1069068,133.18423832787386
1021121,3348.8921844763886
1487401,2398.735622640276
1084470,151.53649111362873
1295002,165.39871056054608
1445770,183.31168517869466
1102502,21.567087808689248
1084519,33.84113789680949
1263659,49.27552658145621
1279234,32.59792341914353
1460038,89.92020965312268
1449879,49.828015593188326
1352135,419.81088447398747
1210368,545.2156565876332
1331126,352.3271693710641
1112151,586.6457069976028
1441960,524.2641313238639
1145346,309.59959095569894
1258825,46.637932587569594
1207668,76.88382446376062
1383149,231.18966523748227
1343838,437.14529761485693
1439672,393.5351116209113
1184574,222.4183569502553
1023277,198.1559183131565
1248368,277.5973508045471
1227706,456.7086671555938
1479882,260.5762654708781
1337785,317.1747359143949
1004906,41.906906585420465
1174598,133.8254481623143
1051295,123.76721512515415
1017785,29.853371016011806
1310192,37.57210788598509
1028507,39.28849597131472
1373044,250.56843563976855
1304053,1606.6173554446468
1448738,1348.9890961335411
1071840,22.202379095230803
1313954,19.973013725288244
1309908,122.07305878042298
1342142,218.50298860822159
1473460,200.46757194399066
1370089,41.84518768347311
1004343,36.08174169165344
1222106,35.15231537167527
1002928,100.12637605798454
1058873,71.44540515277315
1044864,186.4207816929259
1486442,47.642264042779395
1425021,37.468394587218015
1008397,375.10625267679745
1391911,417.11321431040125
1182013,176.69425651186134
1165663,673.450259920901
1223006,410.8465063059796
1206804,269.77059730184567
1027745,26.5912182479121
1314357,65.35812430967295
1288466,55.340355008511914
1358293,214.8563067899928
1489205,276.61712836434606
1133029,368.1858465949679
1341287,65.3978262118127
1015315,70.07247747078748
1218770,125.06648702715609
1011342,411.94394553704586
1386993,175.33372464103508
1207436,296.58810842336027
1188771,33.96756214908601
1205146,46.09204130821044
1154191,74.34399966439982
1138460,46.90564110244374
1039828,25.270491616213516
1255252,29.188724622001086
1481540,201.4007998868662
1211453,1495.700468484238
1431576,1199.5877077430334
1335487,18.96754977260312
1214871,21.66858787458301
1014275,174.64433195172822
1298741,200.32128573776228
1404202,245.49794287742938
1338188,75.34295972280215
1280709,48.77809958744437
1165109,67.7189952630785
1476298,55.79949483943083
1199618,77.01047075284549
1285808,153.89035947577767
1011785,25.768052918829632
1387575,115.9259217981707
1038249,89.06666162783698
1011495,99.84814763541512
1295212,24.77887874673642
1336050,46.8584293864846
1428648,39.39644133048258
1194854,188.9488009168454
1474301,153.17665027436433
1095188,147.86868693224105
1140825,1033.7446106000807
1012491,660.6596154180647
1497644,362.3458869009499
1151991,52.15657363486241
1315803,46.65557631683682
1233071,346.4006100176721
1435116,425.0260411822224
1266694,466.8499312184958
1418807,175.60123794059803
1067946,168.19426236912938
1315882,225.4806244398715
1244420,459.8439656003535
1239651,322.9191162478923
1139412,397.8937360758023
1086494,27.87315424426326
1454318,27.122663358870625
1451628,40.41507257483377
1425203,41.152553438321796
1035969,26.746210358345326
1378876,33.08119553657854
1219684,25.297911277683227
1036703,423.4938673519297
1254847,2258.46074033786
1367168,2002.653971322785
1472953,17.600231767600672
1245301,16.263610421889286
1447359,78.80180533644419
1068290,172.30231157979426
1028432,87.50412190964346
1293894,57.877893594497756
1319514,83.45963152013857
1421014,103.33876769034511
1043326,205.47148136711127
1115177,248.04246164203397
1492822,24.266980703599103
1432265,21.335582531540517
1231740,65.02397134251798
1099596,54.66962290474407
1159070,40.47420809978533
1162208,33.209383961160945
1496945,27.01375034110623
1118760,313.97650572420366
1003526,223.4634239890136
1416907,279.57742242079746
1297011,2159.45506215435
1428408,1057.0257330784782
1410693,652.0703353447147
1200410,66.24517159541037
1012549,96.79151501183439
1232566,81.56721363024319
1376393,491.36663179125924
1376744,543.1140254592156
1097535,921.9707362490815
1408804,78.46403782771738
1057605,108.43413510634322
1463699,229.5844253955562
1115966,1060.7063289813673
1381909,444.0837716934678
1347530,782.2162233696574
1081570,136.60873660984058
1073718,134.19685815293175
1258520,70.36230253253919
1244035,259.7236622725942
1199619,297.4992760445227
1181360,276.7683137888838
1438920,64.88373473660046
1245281,58.2121413952174
1043910,566.0958635974139
1264747,3719.3999584855655
1046474,3645.6309836827463
1138104,34.904724730572546
1493956,43.389243266813644
1311461,27.07287603231364
1418312,309.45629788089536
1321027,603.8991019136702
1281767,623.240341285023
1431943,182.64156085901897
1337912,96.83517038977632
1212536,143.22940352576703
1499629,159.84615166509843
1183617,204.72017764713507
1023943,440.279420631964
1374112,77.34250303313449
1401086,69.64354525683349
1112152,69.74899966686071
1078963,370.25556248999624
1440398,394.5526354968679
1345916,418.0762644859125
1059854,34.447835039966556
1191834,74.29053903245355
1444602,67.65527407785527
1353033,412.9401534069972
1480966,326.3765122144468
1271162,302.5500066334603
1022214,2323.202523753242
1322521,1208.6189740756363
1451871,685.0497478166491
1216122,64.74256712818848
1370092,132.30868752207897
1419779,111.5564943038667
1217665,567.4783848814901
1450493,604.4983431714554
1172413,995.4191979953802
1428154,127.01806391166875
1402384,154.74060444749762
1376519,261.14635404737993
1304828,1042.0049558270814
1050874,454.62440286990187
1191531,714.4378872355319
1334827,113.40330431512785
1074290,75.82160097911745
1399635,66.66103456678796
1437531,103.66248984861757
1447746,139.8615474474841
1286648,44.582381023076486
1471256,51.96525779954574
1111125,43.71579159670645
1280472,573.7310612520881
1405202,3932.453266448173
1412855,3115.490139616112
1255011,32.77858281404832
1444429,34.06429891192716
1431689,27.294210368277735
1057013,220.4616995902218
1062879,294.2676361197222
1475701,372.3159053479218
1283397,275.459673063718
1379872,188.16507210702946
1270313,173.85349024931594
1468982,138.08104228567436
1480847,250.0215410837147
1445130,399.84151492017077
1122641,52.209738386351475
1039587,45.39246259415995
1343012,40.931100956612
1077222,253.45105479901466
1274961,270.65524984802795
1175881,272.4380890750273
1365452,37.29577078686563
1369894,78.05667345871908
1340262,59.6562568219357
1016428,416.4653951560696
1462301,350.86403697174205
1488572,308.13511843083006
1347909,229.60108130432388
1085203,212.86219912012893
1052223,100.74704939466119
1222718,72.65559991837429
1253183,42.04673476770953
1210461,113.65742364319418
1449409,320.253646326164
1229870,194.34256685638772
1238139,102.16331758765942
1112819,83.95228441400913
1498591,688.0659822035748
1412257,166.82240811590816
1443612,229.97241932670215
1143336,22.739861426494667
1022823,22.486765433827394
1237795,51.95840828060203
1400097,40.68464382974414
1118613,37.12807940333706
1425005,31.719117697040907
1010680,134.31729577206505
1136512,2170.7940078269717
1321775,1707.6104547537213
1439583,111.41884189473102
1150078,126.55263030650957
1238367,140.5145733809643
1052769,22.578719449503378
1060114,22.046347180329153
1265100,50.91748955956439
1307344,41.13929910997595
1455678,27.606616161585638
1344579,75.31964716484556
1011086,42.66566608416647
1028198,406.8852193631848
1064176,555.5522534542099
1219223,209.07056062899503
1182935,301.1960509688612
1323652,251.18701430278028
1021705,157.32832530419265
1166342,24.530885025547345
1041932,84.10567040595174
1278141,35.24764133777659
1083324,92.77871918727506
1128618,179.28629946588285
1012488,119.77229494493854
1166709,63.21977682390563
1145228,73.19046095666046
1120213,444.73847668731946
1220509,127.48321072674744
1268931,128.48226340412853
1469555,16.685548139719586
1074239,45.6402042366114
1222461,47.43427655794892
1408874,19.627643006747356
1142667,27.117476853477484
1006214,118.15383062231447
1052051,1749.3206255727262
1398603,1551.4925982723244
1335959,71.91703381094312
1458865,77.06755992081196
1026960,110.5051355452479
1179700,25.65673240774281
1162651,25.80417904017559
1427076,47.77408018473275
1119155,21.67096637941437
1379147,35.24866585525996
1017987,22.62018394817497
1289441,41.69414603127175
1137331,31.866577529887174
1214021,297.66768056209685
1174671,395.6028060999159
1461201,121.2611148180441
1398303,101.97977886265818
1367089,84.56732399180375
1256674,43.3170573696648
1199333,23.123045813784955
1254323,90.6559091960181
1438074,96.93191749598854
1344297,55.72733492382874
1185356,79.79601786177298
1480365,99.03060418218304
1234957,95.23543297119299
1215113,218.03547007094977
1025390,116.67021530918245
1049389,144.43900449670585
1008860,20.375796573609527
1016268,19.538396237481955
1342540,22.303133841888396
1217742,19.34011230372004
1310874,60.69350070666756
1061134,1064.1646397382303
1234303,785.3803876666607
1059861,16.800685516834697
1133468,38.810024751695444
1097908,84.49978787641628
1060435,125.84317637275733
1067572,131.81122515632924
1399894,33.436152456645864
1251454,26.888778385316673
1451676,46.711411784557136
1482243,30.33816274115441
1044549,158.06791545314587
1452199,75.92605098875921
1144351,107.52611331662202
1161571,1094.1443603899631
1245748,638.9729416686915
1038351,437.00738055185184
1438548,34.217755070543966
1038899,65.46568258739252
1257054,323.88834194994547
1234568,373.2008570366445
1068382,492.55197707347827
1179351,121.77321274949162
1466438,137.00390126334293
1035017,207.62126338316781
1130037,581.6076263735399
1140942,318.38382089535787
1296093,432.97703093928607
1284992,38.199755208316475
1479107,34.860450802133585
1310017,59.75860591354369
1235880,128.37828848637358
1170505,138.7969900721141
1303906,29.384555780447723
1450217,34.36399321566891
1474709,31.65887973265211
1319063,354.2149331537825
1113253,2039.4186470592026
1415791,2376.079559987569
1184610,20.451692397226427
1349187,22.00892408410727
1275358,164.81457283163016
1098663,186.9073265226196
1220959,217.215977760348
1027500,93.94107142035867
1479989,52.52406271851709
1485800,97.49794710206429
1166204,111.70066620635711
1321628,166.70231656898355
1382323,273.4319201488833
1445659,39.36684451528907
1363337,39.56001380594934
1343554,36.03991590242892
1396212,216.02772299807606
1261211,154.08704905707458
1197475,131.7984135930645
1014814,28.47250277337475
1058775,46.14335907763115
1328757,242.74359740749006
1140301,213.40459421289296
1282209,254.1848467264149
1146752,719.74639195393
1442651,264.76713569563714
1456596,219.8185831389633
1144878,33.02211964981063
1272485,96.67632804901523
1185809,83.42214543414734
1157763,265.0302032917106
1116511,347.06171854632953
1209870,449.5433121293764
1113723,66.07805904980407
1099468,61.66624243841852
1336292,87.91473377809113
1156318,455.6139387890399
1029010,177.1832731087152
1439153,380.0741753729833
1314559,35.513041322973734
1220168,105.04023672350783
1022520,47.024110418923584
1187105,25.188279347253488
1426235,37.8072037756028
1337721,42.75191197641683
1154373,216.24663735370618
1110111,1189.320046677107
1476894,803.2715962981146
1033712,22.235786156817415
1287693,21.627179448181597
1133560,105.35875947681305
1454309,200.89581337841756
1078557,136.40901558233608
1288182,160.7186690678863
1382330,128.93728092290485
1065959,81.19173596158356
1037450,85.29551468018609
1476614,151.76058051373246
1393195,175.73331454671984
1377502,25.24450440808068
1038259,22.841252635975454
1060062,26.270474650633943
1070288,136.86793000051222
1114802,120.89755015738795
1436867,122.97516614349242
1379819,71.78331807618271
1009706,61.11244060624541
1368507,171.29876015528774
1101879,142.07289645816527
1102835,88.44549433541297
1486989,1780.638413754377
1368489,870.6604885388649
1017840,380.76598891042244
1348427,28.168069040087513
1124985,78.73351088265093
1392976,62.40978935685376
1306068,321.87082871754404
1015283,418.7563157709229
1303490,618.2662605926672
1220929,71.06799866308445
1095880,80.71038671020807
1243385,140.44953708697275
1397343,771.7530661046668
1237369,312.7356853288153
1090286,546.6420685970816
1138081,68.92701693351516
1449096,66.30987162758824
1203267,104.58856172972816
1366456,181.73228481653692
1494238,130.4894904674598
1029262,34.65661330046249
1496731,37.462770611539625
1284339,337.6924735507306
1423953,2293.1333281905895
1024722,1492.4596082737469
1481106,23.748750945016354
1421779,25.77508896057628
1352223,20.839425718976404
1393402,212.83164859091215
1433357,368.2203010671036
1266900,356.506862627328
1489761,63.07317625555146
1261209,43.84209847942778
1361332,44.782646568509875
1189301,84.61880296363331
1151371,131.4855187273992
1354092,266.7168603035099
1454122,49.49576839864503
1393161,36.26256630851675
1060096,49.046007735180034
1392558,324.18312826646087
1001732,203.79694845214595
1197558,223.25609820883884
1278126,26.15935567144063
1058809,57.69628429803283
1186000,54.14702426271578
1103916,307.99639381473537
1427474,223.07834218758865
1140198,164.79233615038788
1000259,274.59880413284276
1244589,211.60171288886025
1181187,88.9628617079536
1410710,36.8993280896438
1213578,125.59062346575892
1394387,55.32543552929403
1109580,97.32867897845092
1191686,253.91909086535782
1165523,132.5678127502819
1018734,82.94631828390635
1384724,85.01609912341259
1343596,80.57754971870081
1260186,557.3445129152378
1304941,129.442117985156
1099076,211.5376420758636
1319873,24.77859340415987
1152002,20.661316921137665
1358467,23.128391238874084
1410651,20.679363472587877
1110968,75.66133503846146
1288751,51.916598198686906
1027386,19.999039869504703
1282178,33.89788809799963
1170610,34.99000626290127
1319455,94.13890711142147
1365356,1555.7356778364299
1496220,1523.1135266072654
1478163,17.734074825219896
1223865,80.75343154643664
1123698,128.3798785571987
1176259,124.22313329821455
1225808,25.504729767097718
1154154,24.32326103839576
1131039,57.91603487504026
1166112,32.57208763956802
1320612,52.69361065105007
1189106,27.373819024147778
1085459,62.67262981946964
1376960,40.90370132486417
1142743,360.26252878494176
1180975,542.8911247486942
1325950,134.23839309166024
1490788,427.9538516500568
1140043,328.72623475510426
1332302,137.49910241201115
1096751,33.69361711924793
1194289,46.71467072489018
1393706,37.611773715937645
1165972,79.77251970795787
1009271,147.79553940837238
1061618,181.43825245684394
1384048,52.11425233697642
1362799,63.05873940670399
1294741,54.12723720255545
1086077,534.4683659913208
1311575,180.3815028791469
1145973,295.2665844138951
1395057,55.58894392929797
1313483,54.940874885961286
1067885,39.04695198281435
1409690,77.79365704693572
1115066,122.86388357336725
1479423,166.22030660241583
1412869,30.7378551865939
1224761,34.20269930501159
1412050,40.146424763910105
1499647,250.04997976051604
1283680,1669.8892222987556
1215485,1284.1179266936772
1357170,20.84380760681983
1278322,32.211160076989316
1401883,19.735677217161946
1248961,71.2195794996718
1236313,93.92857722662231
1175091,143.18808526584996
1055999,38.868025701145356
1127793,35.01249745413544
1029950,156.60768084493836
1302076,102.08013013302194
1365136,167.62981399377037
1414357,28.989780898503852
1237820,52.49923975942028
1432803,39.61428950132675
1284324,262.6539371358773
1170956,270.1224653176333
1276537,133.36450654452318
1384893,232.55380813041765
1117763,192.29254385942272
1208718,57.7582738519555
1027462,29.654082065397954
1018552,95.43561584196092
1046677,60.99079456963101
1363181,162.55063277582587
1349629,380.96334295240086
1394082,223.27362064048071
1106562,107.68981227982295
1455589,164.6063954910375
1287051,92.6729807126912
1314839,429.1211090981402
1166553,209.56969769132988
1084654,230.77697074289057
1020212,21.258409069264776
1412950,21.493116299984116
1276636,50.3970962792888
1468217,46.92375005750839
1174079,17.46308468292611
1313487,28.627511041855662
1488686,22.725321073922984
1094443,112.98028701046599
1350187,2745.747377709949
1236784,1860.5850979064126
1473799,15.810162116803074
1158244,75.49781151450352
1134075,115.19429726206532
1268433,79.21802284382014
1040229,21.095877934964758
1459297,38.65139896643069
1133119,20.416649822236543
1171397,34.62690579181975
1456419,23.057026590185767
1019974,40.50175097791919
1087561,36.36173489578317
1212269,463.8215818694365
1101704,664.3673856659271
1202252,169.79992759734327
1039269,2052.4890121129993
1077204,766.5810563354161
1281620,583.1514922607347
1248159,114.09287396380243
1259615,285.7949918096358
1368165,201.9209719801674
1044893,608.7765204860816
1479002,828.2169109362102
1169109,1141.932173351199
1416683,149.07604481879702
1152295,125.89226882260182
1497570,214.4421324946246
1051717,1462.5067628026427
1360988,785.3885192483554
1033512,1180.4868049441818
1070940,217.9788136448113
1387675,249.88551879923884
1280308,125.97745708360993
1312899,162.4171253771321
1030517,274.4738384260434
1230721,178.6616439128705
1379341,89.29685776144996
1310857,150.47022279323332
1145669,84.69079048684726
1448045,708.845031839222
1399880,2980.612007257141
1277874,2218.110228146051
1175687,53.50878000849562
1271245,27.083472122462318
1431405,44.559535901682864
1013079,453.6873050377872
1022695,791.5773985540005
1053367,649.6138806049048
1133154,112.78818740395629
1486084,113.53581968753397
1259677,61.62809234626809
1284400,217.5905855618272
1459875,309.46590474993206
1436130,457.1679323483019
1119175,69.80776881976789
1054274,65.02154257531852
1362180,76.77387030292506
1006812,452.7306485430613
1197105,526.5254601339402
1407386,470.5413045779936
1436480,100.6674758232124
1449481,207.91627756872742
1199727,173.701908097285
1387510,704.033391469098
1010322,600.737491050631
1114835,287.7183944810945
1315294,601.6576904853929
1347977,342.88969866094345
1020443,238.8340951471001
1073586,26.27932361399291
1252414,65.08898237883157
1256432,48.81988300777733
1483205,372.3132660040361
1119877,381.3727215310914
1113981,445.3345199117831
1135082,294.12962564958883
1488789,226.04784609066368
1147171,283.078334919329
1402916,407.1431485267085
1292161,354.92481035772164
1242985,377.0130369215724
1321783,22.601681731895873
1241472,37.3931727966029
1251058,36.93992668367534
1450588,24.978412726857535
1409084,27.261357976570284
1228425,408.5730392827552
1465746,2057.7971300250074
1387365,1737.2234641852347
1259885,18.72737232792233
1314218,119.33490289595267
1499434,97.94043304884546
1205825,88.85775579320779
1201097,173.16311815765235
1215049,136.30462043995593
1414563,138.32953479966883
1371908,153.1891052400284
1171282,258.676455561575
1227184,244.43945701759
1197503,23.794114801433505
1239490,23.355151116157003
1097524,62.29357473151594
1461607,33.77660045033711
1365702,33.683985847068755
1012906,21.70955422506118
1012078,43.17611866867556
1389080,33.95516222521578
1032631,409.386842947837
1489207,295.24328598294693
1337131,233.60863053224867
1029910,925.1824173675459
1430031,576.0739482684888
1283025,368.90774749220003
1165027,25.589105660877408
1440018,67.21780386847477
1158456,71.55036892864987
1285597,369.2833369446583
1316448,450.4766065253732
1061646,504.22907141730263
1031293,130.44180721067713
1488101,141.41027988074086
1073802,175.07950113547375
1361654,486.2699667258446
1272308,391.8413702659818
1485680,426.6050808578932
1005877,22.25995459439847
1451554,19.986507150865762
1159245,23.391972128083808
1444521,23.99159923240339
1469869,40.46534180855877
1225464,36.57329897609322
1407934,27.406898427220202
1305028,23.644004534381548
1042129,482.7234839939925
1034545,3155.257612006667
1413444,2631.4214796316082
1066882,16.261451923923165
1152169,148.77613201366077
1307675,141.39508150056545
1488555,153.11356457378264
1059414,115.89334916381183
1189218,69.81142686969365
1320171,113.03114756108059
1146016,99.00673643609406
1136398,187.46921251709688
1059505,248.99931452955175
1293366,26.126855097801382
1182802,25.288679194901825
1253115,21.858611029067646
1159178,90.91391891959911
1446058,51.175510796308814
1064794,45.459407923282875
1141553,20.967465594899878
1006695,34.19505157830633
1272585,31.311293257830002
1070762,443.95779053311963
1106209,340.0904922603137
1102625,300.42608877772375
1460117,2480.024000723393
1168450,1285.6350681529398
1174472,863.3091332239254
1091126,84.63971559768137
1327692,231.70978315250667
1369944,201.47822985990487
1076195,761.6826614388796
1230370,885.406742866673
1219857,1215.8681517330795
1392774,179.6733208614562
1490074,196.71905827699806
1142707,306.8968156735381
1256335,1463.0491938863145
1022752,672.7160529258178
1199404,1047.6038112809924
1089782,91.24372497062136
1012275,89.32373772996343
1108032,62.86966284422427
1376737,72.92107340953099
1095976,250.68550681991968
1459794,108.69679057728372
1336320,55.8928530074804
1141097,112.25013491215955
1173016,59.62321206689354
1062590,719.2027929917435
1494011,7050.183584738703
1290319,6674.204185101429
1255521,33.19946722151745
1323579,32.026878859384766
1118887,28.824005650434376
1020945,759.2869972305061
1208235,1117.7745755153182
1241695,1088.508683778442
1001480,269.22866574362627
1179178,206.96227920708384
1356902,193.98646403279758
1108487,221.46373452266477
1123371,302.9882011258612
1115630,467.64247003835976
1494723,46.83487645331166
1276791,58.74196412204603
1264964,363.2597203114642
1339935,429.1557893680443
1142372,356.8098940530784
1456131,40.2148134214039
1376618,141.40478130951115
1460120,111.14198794259738
1180767,667.7944933891008
1298827,551.9475682550309
1373829,664.3975287114256
1289790,1005.578011846495
1000845,674.0244054293222
1175552,318.26419306527777
1034495,33.687187352520446
1095641,68.0681565724176
1116171,43.92281104315428
1045651,157.59803592276558
1494879,302.15863568397083
1340094,420.8647469675102
1380047,105.87431654935023
1451824,168.6705740631683
1118019,269.3136015110985
1319044,1055.7397884873715
1083302,267.7517421197051
1006498,500.73840875110216
1044635,98.41343062393892
1191040,72.97147554945644
1046701,66.18653912778
1271141,66.93735793622078
1064573,408.79384398729417
1221491,354.3232437113279
1296974,29.452748322238566
1047082,36.46867343753635
1123740,410.50473981155994
1166878,1876.353108205689
1261158,2091.308145359773
1372710,23.59995991116013
1414865,32.20452813709916
1343421,21.8338875115932
1339455,185.35850775303624
1284344,220.94869228297347
1331011,356.6915159543159
1316044,61.81485344797475
1417012,49.62718433259823
1335062,57.179822525603726
1479042,241.06801185777726
1281399,122.0446544793642
1445942,255.6515190684471
1426027,30.24145385711143
1103454,68.86991734559882
1354917,50.570125059478656
1181945,476.4633446649618
1068392,514.2315433364746
1094413,257.4252657062593
1133590,226.19150285805185
1198539,253.4370089330572
1228516,103.9281085864167
1470418,46.95586073600301
1282233,152.64134823630704
1119341,95.69853575146665
1350163,90.26604755392833
1446868,271.0704681164399
1117788,160.9516651868148
1084785,92.19917360154896
1027170,112.86807014235502
1256383,655.391137792032
1111687,225.89231377424827
1161810,265.04773518615434
1108175,20.471653348730438
1291832,17.556831227461597
1363596,45.94350952166483
1344083,37.4262416046255
1165848,20.862466037343076
1167386,41.328844293852256
1488976,29.83854651996212
1110700,157.68152801203826
1180580,3296.8657180515647
1032181,3021.5423722593387
1297855,16.900419844158908
1273681,17.738318971837472
1013479,132.23690528922555
1195397,141.3990936264109
1238309,168.56889380827073
1170347,33.62079262304312
1253863,17.987352636999844
1497076,40.65197900629487
1399955,34.49011553920076
1345131,123.45766521313523
1193006,95.70889095630139
1130482,622.1159495246299
1346635,797.6135898432037
1386232,233.0192645977428
1324076,411.1190171706767
1238197,362.9102810244204
1226958,77.57990116498793
1167651,20.512746356209092
1377265,37.65463510489234
1093956,29.104425744006274
1186891,126.55864607235067
1329524,291.72471725848766
1166094,210.10593517584854
1157852,112.86020547552712
1393643,176.22182432011996
1040223,149.179152829056
1132197,351.90796240794
1318938,174.06449009494932
1031516,175.17146621380022
1021553,39.33541041679616
1099673,32.84675316709475
1404951,20.54296159586971
1293997,23.04300455638884
1008418,92.2064426505699
1343984,1410.2986048461344
1055151,953.6259898365322
1182352,16.315025501394807
1478005,65.19578581612608
1425808,90.39809122604629
1247373,82.52165327313602
1478214,21.301407486626402
1370534,43.85077160055564
1373810,21.226786162563975
1471246,35.433718379967345
1181627,19.310001073361626
1324824,28.380092987281685
1230085,21.1149170339162
1338642,273.38428198550207
1490842,344.6184889204811
1235778,111.5943641106547
1265348,720.9690202642462
1140817,525.3093308227053
1151804,153.0129541767
1294014,28.721377891613034
1100330,85.73006507517674
1483740,62.40895128782545
1498209,222.02737639198585
1188956,379.5218453231912
1299376,421.99031935229027
1410308,167.05006280951957
1166161,243.79348684614064
1116043,268.1264122767725
1424215,681.8107811319958
1495417,231.7574190194296
1404092,303.3677500694137
1039123,47.96229708047419
1111277,39.267739673715354
1139068,36.09578028873951
1086312,211.88564359275213
1259287,95.44166099970985
1463066,32.32886345872602
1065535,37.98431751056273
1156579,233.15446340400769
1379605,2550.2018224877966
1486944,2142.164222457185
1173657,19.752893756603047
1180510,23.63299336176583
1044288,122.26329418706237
1004602,207.50705805227508
1298548,240.20667681248224
1227429,35.229888676265816
1017637,28.604834949870874
1374626,82.23964104721107
1176686,45.46573053669472
1259881,126.29013767968905
1374717,25.614049821147397
1286552,44.23847015954983
1143236,38.9173092983548
1169118,384.19663883713133
1035523,400.2198241098659
1153354,251.83259951456088
1353572,1738.1742344582294
1401750,1002.798552072995
1379838,347.98385224574025
1364501,28.36531228153203
1272770,64.06083473992139
1136753,61.599737073934946
1445380,390.5333706643853
1074980,473.9009324908941
1018768,743.1350511328814
1425189,136.58442246030313
1410687,142.70633625260078
1311666,220.2286142266819
1196160,652.7761093870567
1180246,286.9742196077593
1445424,524.5513752659876
1140293,71.66370801650523
1459707,70.71253525185234
1340917,82.79740956382427
1129751,137.92032990212988
1040828,168.45619299500382
1269429,43.568397529021745
1296440,41.88249382175015
1156987,39.117024566665535
1084536,441.2422912382807
1011499,1909.4708713368598
1331936,1734.2683201980365
1478284,28.85479184487986
1193669,22.224585839744567
1314601,253.82250637146066
1180813,260.32416653626916
1325430,284.8032372032774
1025820,106.58316553945573
1417343,79.20374367312337
1480159,90.21511473441369
1184839,128.1473604627428
1030600,187.72745138725315
1497263,306.1535476700431
1315618,46.97962595463861
1300190,247.63372228996846
1485473,289.7444194563248
1466699,284.3977740513541
1060841,27.84791878445746
1153088,47.33429868209658
1156794,42.97523255516972
1354571,286.32821754213273
1306540,215.1895697678862
1126286,269.72275281561633
1272724,765.716388811647
1250749,399.9064538029844
1491136,141.98070664447405
1223675,37.688091289720724
1461596,56.642104530422344
1323173,43.265480544144914
1170114,368.824792105253
1486353,391.0493236346579
1082713,645.2164787399213
1368359,136.45811966359622
1071832,150.7135538280147
1315271,194.8870378139281
1350903,559.6068163832948
1282712,287.4924196120722
1035677,421.5555909616383
1214037,75.7742307591211
1363943,47.08311527989924
1283246,28.674361197573166
1064678,47.859830031579826
1494499,24.046910397697154
1176996,33.1089924048254
1354566,28.447792394554043
1264805,446.34585737671165
1149490,3121.1300502405998
1052724,2459.3715512358376
1190650,17.716359788497133
1128180,18.393116751237628
1056054,132.67403503099771
1464990,179.01511904552035
1209341,113.58004858261785
1443512,355.13546767067487
1386679,196.30365394325972
1455226,314.84571492043415
1036582,85.77459048296659
1104071,196.51301402095152
1296384,237.1549470869409
1010965,27.674477910627022
1076152,28.19987158571179
1022987,114.11647482623256
1438853,90.6054565625442
1266241,64.39384513413886
1327869,23.51650452479291
1245685,52.63242104127904
1067176,50.96548313900828
1078061,246.31608018610726
1184457,211.7445913779271
1432490,190.69439205571203
1211091,430.21756864928585
1011810,269.9085813927124
1223589,125.70705860354782
1382200,39.799331690739706
1281621,61.038235787435426
1200055,52.30199405327618
1135854,251.0399759366856
1152426,454.3120826889926
1457016,258.98003546019214
1169619,152.70128045662494
1009972,154.62856937139554
1044613,166.26872560587648
1486088,747.0859941438312
1160493,354.1393958550721
1266884,398.76884366094635
1490414,23.139422880885807
1435013,19.420057119543436
1182337,37.6971634428054
1367579,22.110727363006063
1368544,29.297606765494876
1143009,299.73076718058405
1241406,3353.525950203356
1170745,2587.5972077331535
1103739,16.85473838689979
1210148,17.548114016998948
1270934,17.82853459674425
1162454,19.808201681298755
1254800,71.94006318120152
1127680,119.34167913629977
1036573,57.91137747213391
1041890,109.41217362854823
1286252,205.35028161000528
1053706,334.96426855376916
1042536,348.4308437793016
1148882,20.171773063749438
1002965,26.433519794794158
1201957,62.346502119675385
1253859,29.36933889954387
1022589,35.39783528852725
1303470,27.202033230580653
1046575,52.94935521416226
1488705,39.289761886699665
1035904,407.41864148140127
1442346,252.38450827130114
1153982,555.4822301867976
1036998,462.6830333133004
1278095,390.94826969431284
1411809,239.34121836669541
1020805,29.521056813620994
1328836,33.859541699587794
1181173,91.8821694368173
1025274,257.973964373234
1470656,235.77835642234905
1164774,58.97773337310252
1380580,60.12035434676888
1326021,73.53295908559471
1413176,573.4446268609762
1301867,182.7151878083835
1386255,348.43836443572934
1234828,58.20333946411524
1159403,62.495869596451904
1468811,42.39292071680778
1053458,61.21277678680023
1171409,180.68883457785108
1464535,159.57581342519407
1069545,26.730012260975105
1454545,35.08013710533802
1306570,43.03232204541167
1049976,225.9352981052382
1153957,1622.4843781577583
1303057,1530.6914648532224
1348621,21.788539876506917
1055667,27.00743341547683
1058365,20.210025836886338
1243932,85.81159258955587
1239395,131.01304025671226
1161696,210.28576691462854
1474139,35.722229254340064
1345464,43.183285965769024
1278245,169.88624898529585
1400537,97.8681730026224
1129714,165.1111463845335
1015578,32.36960768413765
1068792,58.740583812813924
1293285,41.924251014762795
1060968,285.87457788352356
1239108,279.01276179316096
1470601,114.57381246362289
1149110,1344.264817497602
1129712,720.9079716741506
1112770,557.6774564534297
1292616,56.337172447445994
1121022,188.82191989265212
1456174,182.54778204885062
1335302,484.23024705823195
1214165,526.8496387031194
1293785,787.1423071930438
1122416,140.842319019083
1076876,120.35110743469207
1299844,213.73155274941755
1042610,903.4593781863232
1362527,401.07670535887803
1389759,659.3173903769369
1320070,70.31241455247756
1218228,64.778145324358
1226340,54.985608975526475
1072910,67.00217385261035
1148925,131.1729511933889
1037381,89.58248005989392
1410707,36.25494289316509
1218504,64.25890134781565
1311896,43.121289524299655
1112551,497.0658271956188
1420579,4089.529862133636
1286918,2921.3114830567815
1449835,28.89247813851259
1400554,25.989859308937678
1081878,145.32607084477257
1390925,165.63997916308375
1329042,232.7902896986137
1416439,138.66063957578106
1421839,112.86010660437195
1007921,90.0187208733979
1004209,128.4595135897819
1328949,213.63149653053415
1170392,348.4242607279303
1004884,39.710935489627474
1173989,39.952686136495394
1230794,34.4595401691206
1226492,208.76940465758662
1390275,358.4554214861153
1153201,281.81490052584627
1387153,28.343767424648373
1213176,70.97817210657836
1194770,66.35064286913213
1371064,373.0807308080844
1058889,325.1358954931506
1491239,362.20551246368217
1390565,521.552076559711
1067430,418.94620785496835
1415266,166.93156196246517
1133144,46.13518469855685
1498026,80.35932497110403
1449527,45.500354529999754
1225608,156.77595225505493
1117216,280.3996087472359
1376447,261.3503622352404
1365100,72.64231333778396
1472642,104.81838445088559
1084459,73.56333969622567
1257730,604.6334749759609
1081562,198.70532440482674
1365891,320.7544829571099
1090421,44.507389142886204
1400908,171.7903479073309
1322295,133.39481382168503
1217120,23.21160345451173
1151282,31.36768951893046
1236742,28.51090837646051
1012208,242.76307357784083
1341806,1481.5531724320072
1030268,1339.8888566778453
1020768,21.513407633443048
1349171,21.666101798728782
1197199,104.26054954334847
1499865,108.87551188002067
1182041,176.8439190820006
1155018,28.70144893322582
1371818,34.5973746036037
1489037,121.49843640809857
1498376,75.49337947268364
1083050,143.49473420576072
1472579,25.955865811758038
1061995,49.70083882218654
1191159,327.1714161316013
1498310,383.2643241526574
1036698,169.7362113924078
1475006,185.95802930219423
1384202,169.68546321905305
1490265,39.19552360918997
1136291,51.707764960908555
1143903,136.99009550264265
1305039,196.30893702327324
1007680,163.90532227945533
1455214,80.08917373353272
1107803,121.14722849099432
1497051,114.36915463604865
1137292,1439.3451085559554
1119382,200.80695602750677
1481138,212.7904937942909
1110622,16.134077432931466
1156847,22.168790952196645
1294222,14.823087364443014
1465355,17.796386330718484
1424034,148.46907919678452
1432135,176.57042817455456
1401817,95.8800816460441
1177475,14.16956446272251
1392970,115.25771204445394
1387450,131.52809571728045
1092832,183.44011694669817
1187774,54.33394511726956
1230384,73.6806664863944
1413073,94.07725132121192
1057181,35.10932486253777
1384325,27.01858152573382
1197779,17.446754800085547
1246576,20.208737579892038
1281547,18.005220257972393
1273445,184.14555520079367
1298458,63.315869298039814
1159193,128.81738400204856
1301491,1768.4953645403755
1288037,877.0632507152183
1394194,456.10791803433955
1342405,86.91717250197979
1485086,471.3974991263235
1165678,569.8809853015551
1275241,767.1729701911053
1039169,133.30536900804648
1232376,106.93181504457726
1310613,179.89494878287073
1356333,2135.109216030751
1488737,417.5741619327182
1369399,720.0473555935952
1172680,83.22516564420351
1446589,68.98853352307125
1406320,110.39864961475213
1213094,205.25513970099718
1021503,181.611115155403
1188526,46.81808871569274
1413577,50.01103118351513
1466508,44.21879834229512
1427970,447.61448386545237
1081163,497.73073436731147
1201316,241.37768855462224
1114584,42.52510045968871
1307947,40.40634537770206
1315048,184.122044756134
1404475,240.51278649302301
1093917,243.90889416347966
1134271,260.41340057432615
1054344,189.8541372856569
1140184,132.4056495554667
1336056,119.3025845679946
1404546,203.57998473888884
1102060,329.0656358744173
1000438,42.646692426322524
1498881,45.473140419280845
1488663,40.239884416537905
1317341,312.31259225094465
1347698,269.1210764528252
1193177,353.9277035002387
1257741,129.3612394101077
1207399,83.2097921416723
1029660,434.7925324422422
1477569,421.0999531347041
1257386,192.90191451250067
1249982,1932.19466266189
1082477,858.0189322578585
1458850,650.3152569059062
1369044,39.30114643777125
1088993,96.91579157429832
1102729,91.35907267313843
1165398,553.2563565343956
1142113,581.8225593747538
1433454,874.5632823128984
1245395,121.9194861615959
1389486,147.0225476416028
1334127,247.03854187488147
1403491,3244.676652506693
1254313,478.163776592381
1393545,671.076191064168
1403443,55.10797618449638
1461030,57.2615746318604
1400194,55.30477304889587
1366087,149.1460728264593
1113434,80.4182842532187
1083699,34.94967678403221
1052075,39.900667849030626
1164383,32.19980375665879
1413603,511.0954408128572
1449493,553.1128716516846
1374174,277.92312096280665
1453386,21.846437453057856
1060343,20.663514943847975
1484093,355.19146108352317
1465019,612.4152333836169
1179976,749.440242676124
1080615,248.5922960851673
1023956,96.41923925567059
1238698,121.86370907340489
1442361,103.14523256210364
1439670,170.34493281845974
1118797,292.82780553515977
1162264,40.315667631553644
1490069,39.07341884465703
1289654,37.04269759666347
1295480,422.383776175906
1032470,307.11340941978517
1044002,305.4559437850275
1291242,29.585426547277194
1169772,49.05585608666411
1010857,51.15722270396173
1250542,522.6012641310338
1484291,387.72051939362296
1480595,328.2105387888436
1296937,983.575523874013
1011404,680.8490924391635
1267180,327.79856305572787
1191319,62.86131836610948
1278620,45.02630363635358
1054665,189.63194156180495
1171791,401.510875756063
1464177,358.0455514385508
1088431,224.87466716716315
1216870,172.58349717180818
1081002,158.65021976476183
1330482,2176.273255552975
1168663,254.83469991304605
1492648,346.74848248305364
1315398,39.99817725023552
1027496,41.38647511662336
1117973,36.593444404083655
1171872,44.66956018753644
1227132,177.56931740929545
1398968,177.84555577882793
1042446,24.109636857228132
1022113,36.30846591625909
1432466,32.78041320038543
1394665,269.11212617715336
1237631,430.7919602112518
1031723,245.09562987064518
1348589,22.266480248903832
1288087,28.943805107512393
1341137,19.142552146653806
1034628,114.85915455144935
1181980,169.31212649524383
1125602,206.29390707581942
1452460,55.270724029241556
1347859,56.379365900575976
1289761,50.385446267137645
1455705,202.97665271161597
1231667,59.56221011913755
1242573,244.41474708732045
1464998,25.073008644947656
1079864,41.428778915675196
1148817,38.87868771785372
1069941,437.4980103613887
1296692,410.60580982925353
1292861,237.76055716224127
1121593,419.5854590467662
1311369,357.7511381754559
1442172,131.89311815139857
1092076,29.548400507175966
1352136,83.2917017245598
1277208,61.67216607712978
1373759,123.73734877800482
1492660,227.13618378448166
1111265,219.85924120239474
1221223,103.22409209716527
1131618,148.69437450817327
1083225,132.70122424406864
1017266,1633.1986785030842
1327104,199.05037647150087
1399551,300.6700531645731
1094414,50.0126264167987
1021401,31.78395563833866
1347126,37.34882683065421
1023000,35.50531639779542
1377965,134.859194551258
1350042,105.82861355012005
1101141,24.904869154525507
1432116,30.24663091648993
1318780,30.30615027160405
1437216,207.3619756313222
1101970,473.97770537725535
1410131,279.0318922146831
1441218,18.646007985309364
1345002,162.9726045593514
1003012,216.20442732150053
1166846,227.72943690635486
1211619,43.7089380141649
1442543,41.193593585145905
1385952,70.60648859115221
1343542,45.29505254292676
1419636,137.3173328600349
1069031,26.49237149212122
1410134,46.58973112144998
1405706,34.22213770728985
1058951,373.0572800757186
1055230,435.9656754198955
1091243,159.25638162998266
1128850,2845.3280523332887
1083460,1923.5691405080916
1432832,879.1827306792468
1207105,99.7633994315078
1243318,204.6848934834178
1069047,163.50519246846687
1287202,717.4475055873054
1115805,873.3664159556891
1129081,1711.5981266148397
1064030,111.40128489251644
1005813,128.42787383552954
1490308,265.01273559111013
1123285,4341.128227256383
1355118,774.6640652888073
1023846,1242.424808568659
1050805,168.0098861072484
1181728,198.96456052547208
1089820,104.43485301098654
1028575,246.07277941120793
1197855,425.59134846820444
1065339,285.02743285559103
1151883,85.60760962761366
1296652,93.09896969918337
1287520,57.10602724481197
1418889,925.3625511020466
1180962,839.2819910865019
1238848,398.5281961318606
1290426,55.988904736637835
1346817,53.50432744223939
1017304,48.09880296385171
1252533,674.2148846526924
1305931,930.0123846659346
1118227,939.3525534410142
1219611,359.3832001253182
1153638,224.45625486934222
1175536,274.6080919675669
1211565,181.85392549276534
1438304,296.120910536391
1361280,506.843783147943
1143967,87.47671279684634
1205095,96.54172190835345
1285971,89.0475635402944
1116992,1017.1527843122045
1458672,582.6007947205148
1263640,541.4430412857428
1400947,52.829059917935865
1079989,131.5539518125582
1242560,108.37822642497457
1022578,706.7417519108765
1316583,534.0878030512861
1255226,373.53599242313675
1157382,1216.8685579780285
1224651,672.3975816466301
1465329,328.2758739481553
1155477,26.926527337942495
1425214,67.44200369638298
1017688,51.94390833981238
1355123,320.97176256247735
1092801,376.96272951597194
1075732,481.82556991580014
1395004,116.23402756548003
1341114,145.8357594589036
1493423,212.41137663582575
1026311,2162.972618559937
1208371,227.75477043778773
1275872,396.9568458535581
1087742,36.285927050522574
1019163,101.42878237733986
1432227,128.27139948575183
1318880,29.55447681250155
1072806,37.12804944990732
1212692,28.826159168192888
1186034,335.5778934818587
1129955,300.95474636881994
1296742,136.61880774032207
1347479,20.71867312562087
1095511,21.299724517890564
1025011,19.726395668714865
1434986,165.3747497740183
1058578,656.0259006537589
1077386,618.8022159810154
1444618,41.28787647169021
1188114,44.05491895049321
1280734,93.1346932450044
1301264,148.12774676788712
1347366,242.18244717293993
1063451,37.82955821553639
1199519,33.64143645562643
1345899,28.441500411063696
1311108,214.7623514255991
1207170,115.3284002706047
1011084,143.34854283063794
1455758,26.867054683236386
1474158,46.491221561667146
1449132,40.98885958545645
1250243,204.8002276527546
1187828,198.95901151384774
1419894,168.50975379321582
1066229,2139.828282323954
1059223,1030.7891489152878
1251110,767.9022422812268
1303607,77.31715366520558
1243023,168.6141840461934
1370522,157.3899448445641
1090686,647.4733988847827
1092779,841.1816486885712
1040294,952.4772962882148
1473297,139.84775603064415
1180711,130.44508491644763
1164408,236.6640864641639
1116327,3315.449593071532
1248608,514.7116972298489
1384273,841.7713839609067
1130338,79.52706211709936
1252790,92.89929992381623
1454949,58.054509630826765
1195881,100.64003882896934
1244857,236.49858651657405
1134036,207.17612171647934
1421711,56.778118017687696
1325543,68.361543749693
1095715,41.120288870841286
1446388,548.3463857926624
1319088,705.1112139581556
1446649,311.05024780404614
1255825,34.9817157381367
1406646,27.64278275187485
1464385,30.689666040244028
1140455,628.5744420032904
1377695,977.8607791659576
1162780,809.9993596822371
1408273,187.33670812577182
1300038,129.1265499101623
1207337,146.64584083163743
1077235,137.37357899851906
1408756,217.8779015047183
1491799,364.46917455039556
1390594,42.185359849758896
1007038,40.325109862707755
1453448,42.37235790810209
1205643,420.5890596934974
1188139,392.4821064679098
1058780,372.86936678395097
1498345,38.62806797770348
1309473,91.39396478960678
1076176,82.82028132334099
1220100,491.78001249715163
1314150,380.50274475493563
1191669,312.43021010421074
1205862,449.0888098442929
1305192,309.19521687335276
1145983,148.9618061480486
1133342,45.40279168274359
1412024,55.48555917799133
1234430,45.59263979250004
1053634,131.71984633896196
1014376,238.7239418144858
1452041,189.59662163347707
1305031,92.6599883406665
1447194,122.25377003782576
1087268,127.07688688324123
1461768,1081.9161420308833
1024168,177.6127503598446
1334533,285.6208663149283
1296737,47.829103083898865
1407133,30.754431049934652
1062484,133.3727973074238
1022671,97.44792747895683
1211721,20.59602966127905
1026257,35.0084395011157
1221066,194.5662492336287
1202794,392.53550155933186
1416723,216.00509046218124
1401330,16.221865922369258
1489408,118.483079657612
1452181,193.52044935157085
1421929,215.0192416915692
1084847,36.47608212499315
1320336,41.14753624020904
1286910,26.72994796345363
1464443,71.79006091172204
1334218,29.933721682430342
1211291,74.13198015551748
1294628,25.00053042667258
1180905,45.620874574461794
1160861,58.07936950204616
1408670,286.9730421492596
1069139,329.2831298126109
1082763,151.05281434476808
1464784,384.5345261981695
1351878,264.6831127346844
1310686,85.08568045998297
1210002,45.79573694995933
1152761,55.0589150915725
1111646,77.7226136068168
1015441,198.02454121466053
1270649,149.4192128471779
1049040,80.93806477619644
1337564,87.44732190027403
1176480,101.12376641314353
1354961,1323.3064200958029
1140272,97.01687250613293
1204224,168.6852191343491
1044578,27.04831650190634
1493529,23.523312426056098
1128363,86.94314918372338
1105354,55.94047038864757
1142156,28.709165587488698
1295169,23.631893280939217
1305277,118.41081383525483
1390829,254.61720983202522
1124512,151.8200320522897
1054161,17.24740611452489
1486767,78.99275463083289
1409057,112.72706710352577
1214830,121.96862944959241
1088743,33.90113586608384
1443416,35.17750922715866
1179858,26.344519941930493
1202928,58.14891484139873
1178834,25.378393039912083
1232019,55.50464692839283
1414904,23.465233738418643
1007438,34.854387036408916
1222138,31.885417996211267
1349810,198.3002799609354
1370541,212.26590979793372
1417446,97.91309919117555
1425834,591.9986630664455
1021911,427.39023214518147
1100790,259.8197562488991
1154027,53.93848539622009
1145320,103.67984783326433
1108768,128.8659909992931
1197778,388.12294994453816
1327740,334.0386621771494
1441050,64.28398484083796
1021862,73.60199104628623
1394751,68.0399647146887
1327428,1768.4868179576833
1137638,297.57911457128745
1007532,706.7992156937559
1047794,75.9193925577842
1010401,78.85844946105792
1255792,59.531974682094756
1098488,127.84700173079537
1158689,303.6776296520996
1355724,319.7237357643042
1017698,42.51913271971054
1037024,64.5138403017409
1313984,46.03405569470542
1107034,366.0261243174732
1329704,710.6579793593914
1069435,328.0202466558394
1066432,42.83432217099515
1266557,36.16818964928944
1168203,114.95333317485921
1137040,183.85912627646348
1173632,207.5944031160754
1312163,56.547559589774764
1228377,51.037158231530746
1281640,49.138536438253304
1420267,271.8487033727941
1044984,180.84506814137254
1389581,376.3129022787371
1427116,51.097478451512174
1070522,126.98288155783266
1066826,100.37925978224366
1335399,518.4636509340497
1052262,457.8644038078315
1058953,145.1527590025961
1300150,108.79966396040292
1474476,110.00250133109448
1068378,71.81851715770954
1078602,35.75256026047663
1048840,27.424119106420477
1111109,102.25673569644299
1376356,274.8931549228268
1152106,109.277323571712
1055398,116.64089261499801
1474008,147.9946857727544
1495048,145.69973369571272
1183152,1502.6231778878976
1177025,134.0530288590383
1495955,132.5499371209728
1430035,38.93539923284861
1130885,26.77770024832278
1123031,20.0457455220786
1317079,73.00359838414698
1124690,267.01730417484924
1181485,158.95617262372892
1423816,98.77619437385839
1353087,115.22156821617686
1014478,108.33601341157093
1057620,21.22361936831814
1008257,27.899942818304474
1333761,19.983267663395758
1003271,28.080498472434353
1252700,25.442516408837218
1191895,261.03415880917765
1041442,304.6619618315052
1186584,172.8920234698094
1465438,320.9105868399054
1383578,225.93813132430427
1190534,69.99328941777055
1439659,23.75525441348519
1078212,77.07800784549208
1278947,36.52633379557507
1167627,101.77453699912553
1026880,205.24228068478132
1405756,149.77240338158
1131842,74.19324921447132
1246946,75.62759987097098
1293553,70.83245892723943
1168641,1444.8974006301873
1205504,99.58601080138371
1113528,132.53317219174266
1050543,39.04247605674299
1030912,37.4645381157926
1143714,20.962758393885117
1300935,19.824651834238576
1081036,61.079018892234906
1208459,162.74532680647692
1373869,84.55785683078904
1453860,15.711708508844278
1423957,49.48075151609712
1158140,66.36073535939418
1326657,62.39872637346054
1190765,25.010560750544894
1391378,44.813289566290756
1207357,40.67524519744347
1148002,20.265773423970646
1401836,29.06803750340504
1202765,29.943609216608667
1244907,135.03542761376838
1445987,139.64625816864194
1323180,86.98756588758248
1160970,1231.2385267174088
1216036,610.63656777586
1184723,515.0953394865854
1439245,28.96590801265006
1291779,76.20424143654638
1217287,69.80674067909082
1053057,388.79812844516033
1306863,441.6850998751062
1250601,710.0238105623647
1295532,163.51560833884986
1128300,178.45919263436542
1050487,270.3895749795517
1214188,3202.1579768853876
1087693,333.8977417603352
1150054,439.63656446030086
1218017,45.32777484133034
1235705,39.84437348197284
1041777,35.58069308835924
1246532,71.13776407016191
1366360,59.79838359210101
1439838,27.098242496167355
1357905,37.98191534219216
1274256,31.13442976486769
1181159,391.47673160846796
1451702,305.31975705067686
1327497,131.58765720561226
1475694,22.19754296817082
1487694,289.30335182268635
1100972,329.9932708521552
1387906,357.04344403590073
1282871,196.36835759607462
1448426,112.63727306158994
1444966,143.49202880933376
1061560,99.65005205708351
1369299,170.0595522248825
1000595,240.40128358062657
1151124,39.6244147908316
1476914,29.123959984284372
1322287,216.78887051466324
1091082,139.51424978458144
1459424,135.00238276595297
1026523,26.77749255609976
1432230,41.61029809833089
1387685,34.50103399558703
1014083,295.8137497161565
1425330,211.60475497308715
1393199,217.76995895033585
1323969,882.0548483997295
1064394,591.5316923175342
1024275,256.1006341135161
1284858,22.852778652086553
1421003,67.5747503278707
1149871,56.40052017487018
1009777,287.0406373686802
1405071,322.5091348519961
1421744,269.2682922598351
1054235,170.64443611265332
1244369,234.2809408314951
1152361,265.9295950847032
1314817,2755.3465930430525
1429669,322.0581184487919
1401368,321.1926785248522
1043714,19.65244838232724
1247275,19.97145698242831
1091285,32.106030579908435
1400124,17.711419766851858
1173609,18.493090764449768
1345228,247.4988426173308
1361907,461.78863336605195
1133091,253.2752709483939
1044810,16.12038486442605
1038293,15.657870473514024
1221090,75.84336455374917
1371163,108.58039816263235
1399552,170.07040019839928
1455533,36.65158103380332
1155624,22.197074423360792
1323328,40.00257383947086
1447191,150.14095839716143
1319741,157.4494576357284
1494451,247.82546899943654
1401467,20.742726586079527
1087090,50.68543319358919
1492694,41.75285959560973
1314434,36.81872959346354
1396061,19.681797217363567
1286769,27.444066702017533
1308591,23.202483113015393
1420711,377.1802634313116
1056161,271.2986108757222
1263433,362.4555001243213
1321298,447.57277448712534
1414498,290.1003911043149
1380619,113.26899231442614
1398482,25.39896767812317
1098955,50.84142054253662
1115387,30.080993704450723
1282341,80.39070305118169
1466509,208.30453624245987
1104312,167.13596844457726
1083401,62.63277675710581
1361200,53.423175049623296
1332402,74.13064908982616
1400131,1822.3834167527127
1457605,203.92994966985964
1156399,409.7115836765473
1187229,54.1370112447626
1168000,49.77722273655289
1136500,33.564624778592865
1477445,58.625279759452674
1185418,143.22499073088386
1379297,194.74150057891256
1290975,30.14613330742997
1195673,35.26467509658248
1107763,207.25175093582777
1220364,382.08136656149753
1133018,201.47813891982733
1281020,22.70082126890749
1168545,24.778187763245445
1295957,22.609653399388666
1285908,78.25294571800748
1147387,120.52379396862179
1230963,154.63815033146471
1026121,43.586460956659714
1032396,40.699502295667955
1296867,152.2835467911076
1005761,64.09988386986066
1412208,166.04050558068616
1141792,34.65724546657729
1433602,61.30256849619769
1467609,50.09298850067109
1358854,361.6572564343942
1166976,393.45189853656325
1291777,72.74995020572443
1488196,927.0727090429023
1419175,701.1507796572163
1219837,309.6746429546127
1493855,27.913722706741144
1356351,75.68283198621984
1072256,51.666398701167786
1113377,184.90494781782033
1279459,371.14961997199805
1326030,428.529398066877
1125353,145.0213241353558
1255680,140.8822091388946
1031241,211.90228144331812
1117672,2935.720003667155
1167346,249.5338508458646
1184273,459.08341486818534
1478743,86.34920537316945
1459196,68.78389595924295
1026126,62.403883133864795
1040908,214.8642588143203
1295373,227.75340279781022
1480951,32.23428830275833
1131655,31.199514167919375
1465922,337.224171661937
1290443,474.6854202505675
1095333,299.1444076842886
1118030,22.737388173892917
1380861,26.595270842444645
1442168,23.218887069233144
1444462,176.3049035616324
1130227,184.56114510629217
1453846,285.31157384544565
1168700,88.80848929094749
1220623,56.66020717858544
1345025,51.91776093792375
1383474,207.82681237939144
1306478,82.08206827363838
1130724,201.80804786011066
1283100,24.38959159648577
1249514,50.645907960646106
1219073,35.41229353982044
1273704,438.568151854743
1213853,450.3488100467455
1167223,264.04902940618166
1158077,236.89524340436353
1489922,162.9881867970723
1212175,48.94946239345355
1107262,19.778830497065602
1365276,46.0623378570384
1460597,31.899688522380167
1498182,61.815053775352794
1354618,157.33629724219628
1229452,121.08597157301442
1251204,71.53495228516569
1176143,72.21011772766602
1268568,71.71708487141163
1050733,1030.9486945353106
1461187,76.04984235092024
1206012,121.63616666971237
1090305,19.39044064985705
1195531,21.120637294099367
1021422,19.10626588932725
1252744,55.134651007331165
1265564,46.5989065241884
1435109,16.840842185290352
1349638,74.60334052837214
1164536,279.4576545602065
1084794,192.91344640424518
1208439,15.427426183260565
1215737,66.54575755817064
1414635,101.38725401382455
1103525,107.59731945673856
1416819,44.390994511240336
1182334,18.621949386914306
1222002,25.719847195913594
1245847,21.531175913071745
1463746,178.5049646877634
1004465,146.93396057416822
1409362,56.66086806324133
1310657,1925.0647408174748
1309199,1076.5157080294146
1071904,854.2103587529662
1154781,35.06623560155878
1064336,84.53879157078755
1357303,67.09866741400224
1445032,374.92243991367974
1056508,392.3212863285025
1280610,687.3307208724126
1284838,74.9545739515891
1421533,65.67032432521988
1400390,135.9819969747701
1439487,2576.3210894331905
1099252,357.4563474789731
1257761,569.7014404761699
1074625,80.05069646011879
1103358,73.80857794459098
1174609,132.76511207804901
1320666,228.14310250444152
1220511,215.99670076448044
1232070,44.56403244862167
1197398,43.125754874731854
1131282,418.1601814750477
1134038,455.5046206398003
1449610,223.8555282745727
1042151,32.798135833950234
1006248,31.72485111331033
1348094,24.15977011492876
1284641,267.381492266844
1262708,300.9509132720818
1083339,281.84989854618175
1469785,122.90628884696929
1207003,69.71703240029657
1152899,64.38518412111178
1166466,85.38686942332029
1128675,147.50513363886498
1383207,297.41265884777795
1047461,51.906106666250814
1303327,38.34411483051907
1278374,45.14368701909892
1270384,341.4584353963322
1433284,397.6531477172998
1000502,436.66123636611786
1294566,37.39139557888586
1170942,56.632056996525655
1253449,49.89553002457484
1225717,395.05138949677615
1121215,334.2944257764093
1471887,177.16011168840132
1043619,1379.9072956182126
1006586,757.5776336696865
1183897,401.2392414158182
1331346,44.594834387319224
1410886,64.35621129210774
1474533,51.042285552628925
1208791,471.40552520514296
1121941,503.56238558858394
1271501,790.0121649314644
1344130,247.6060008291673
1206962,232.64688668018616
1117487,274.3503180150312
1179829,3433.6635512731114
1048678,373.802817836624
1475773,507.38924974401334
1138392,45.88235332810347
1439633,38.064068317517446
1269606,46.57702566616091
1081813,52.44783248042363
1288550,44.459484093183214
1256887,30.838595281985306
1145216,419.02676374950846
1377670,319.39057703507507
1356382,150.5309250647311
1476145,20.183689533421827
1113612,120.47342079657719
1440011,167.95375320317828
1361881,125.34828209719235
1132152,120.78516886432588
1184657,70.22779176011595
1353652,72.00813129704517
1068858,110.54481272640871
1165313,173.399005526614
1410555,235.74217262476807
1487849,34.69578806939823
1085916,22.744954090253692
1452772,144.5202316160976
1408664,247.18311159909467
1213424,141.19844735457085
1421454,23.012435996473965
1166273,45.278981568361935
1137664,34.31422662235683
1194100,300.55063401961377
1466931,293.0842039707681
1225125,248.80501184698042
1420069,981.7930499026883
1054872,717.3054979201289
1399178,417.5542113620643
1070911,51.18461150998613
1104820,79.24477199974709
1154573,39.16875717006508
1077590,177.22497428257708
1075589,338.64237817600343
1436174,391.3047860865394
1225651,132.24550079509726
1259921,131.36776058135905
1125663,176.9692141563481
1005260,2021.7365760260677
1310563,220.78603542055146
1405676,431.78771073533363
1149140,76.19899611340412
1322227,71.16708727577628
1239451,57.11742534201284
1349435,73.29565148367625
1455649,258.60265806185254
1496045,214.51753838001585
1173932,25.699682787249166
1344627,36.137138075213024
1422420,32.79299311520196
1190022,318.03777815652535
1041967,474.76385365914507
1172045,310.4686944096344
1134348,24.444816088762934
1169748,27.24402806318622
1331663,111.2378102125926
1386797,188.5577700259531
1391597,258.92554021660146
1184350,81.91704647550765
1309690,58.02256900481969
1398806,51.95961562546887
1128860,185.48164185455815
1048271,63.1718863732377
1319295,180.27955854840752
1026610,26.688956716669182
1489804,56.060237505959165
1406565,49.8720131160812
1407123,380.58782417849983
1418984,389.6464062178163
1097923,154.0524666443376
1352888,357.66328824216276
1392602,277.1585712630484
1338727,112.62608042645364
1174242,22.870392682614884
1065542,46.23448188972896
1310572,103.33187458976322
1286932,210.61666781943484
1312122,186.8205972743283
1300353,124.46949591822755
1006233,130.60786904961452
1129977,148.77941906905087
1072003,1374.7785304019428
1025677,146.80093603743018
1048802,197.45776596345488
1236936,42.70298793889112
1276823,43.31727996803217
1042371,18.45347787367149
1403403,27.767448741212547
1336688,19.486952653504893
1066268,147.91057960024423
1057706,271.8017616761939
1441830,164.30315965988513
1005103,15.2976070418243
1365024,95.48620859585658
1385647,164.47139311150303
1292318,156.4144344959165
1046455,34.44293392769256
1473427,26.57881458838538
1369584,48.348001911598885
1074310,25.744548836021785
1171185,47.66678105998052
1362940,21.181024883895386
1381427,32.90418486878654
1091182,26.023130419972176
1348533,260.7381201665727
1155253,323.3516125744906
1286984,158.0220900559228
1401294,64.29126612610807
1419626,58.36703118635188
1253049,28.147319193986768
1319597,27.612443205994193
1173814,66.54636770634531
1476536,74.45214112979859
1365653,51.3974872619878
1313934,99.81821938726019
1435633,127.1146475422598
1419613,761.8146390971068
1044024,65.16376098551444
1050944,74.56496168163382
1356525,19.622378480947344
1074440,17.89172542530107
1282502,13.887118311686562
1069927,45.145496939229304
1236029,271.1870672328045
1022402,126.9243044582552
1397322,17.888141373449688
1472174,49.46619541394234
1394998,102.70959551277056
1024597,130.0221126894242
1396320,129.72339491045875
1217729,29.73703385295374
1374721,15.789884667452938
1256517,15.736374484804589
1205603,135.516391871312
1149550,70.37266898445591
1460527,137.1600545427486
1350447,975.2589080196537
1484097,472.2477786182093
1359200,357.0076450186491
1489067,29.199678725137716
1212254,76.57725546623844
1337255,57.698352572494194
1409269,233.00309750013815
1125848,290.5254076026518
1442394,461.4705135291384
1347887,57.48288649892483
1122080,56.11942948708705
1135795,105.31955535131637
1274195,1717.1662089467611
1029605,166.49306689348802
1334765,341.7997933243795
1248747,43.05975107028256
1238793,43.92297543363052
1161849,49.435178895739625
1447467,130.89357583741662
1327017,67.70574430141784
1133732,27.475344502806724
1112041,30.987121057594376
1220551,29.995985910530557
1185545,209.9938836134089
1031376,244.5886613661787
1320020,596.2165549353319
1462573,23.319732366786273
1128691,20.53919789648803
1092475,214.43443932466374
1014502,292.80508755343334
1304218,298.3360785132651
1043905,131.4647031744127
1341225,48.1897838685486
1089717,80.30788635512206
1186917,75.602443940009
1459400,114.53813567915644
1061342,203.91343367081743
1176790,34.032810294294244
1198557,206.65230340668654
1254866,148.49474791243304
1380214,156.4365406008615
1091359,25.369639500282556
1249689,40.3150016377203
1435470,38.046188918579496
1113836,179.22739986968588
1336350,126.70893377446646
1132246,132.77046874825257
1044267,603.0572466382561
1302516,359.1330859659695
1112099,172.94514267167457
1354994,23.60161198613416
1287518,44.320627825840845
1437465,24.830146815047815
1105318,79.43128412190832
1237484,184.01707002800086
1058997,207.68947226272076
1118886,75.71777954934254
1011887,70.82856058495302
1220849,75.2965534983149
1261598,1442.8786670304198
1166459,213.95859598206067
1376856,332.5681194362766
1382910,77.4382119222701
1336352,81.8052358207661
1306433,61.61610592399083
1150869,52.407678208218485
1468892,194.9340927884059
1152662,185.10911960432583
1104172,28.215516110762564
1411848,28.240794392040918
1308291,28.59164809170259
1124009,260.00750746584214
1476284,353.5544941369261
1009642,436.54356577400495
1404076,19.573680309134833
1395219,24.622989781248542
1334087,99.86997097198396
1029199,130.01416075637638
1410589,219.16335910013086
1411845,64.99085770232288
1483373,39.545021290800534
1287371,43.84763340426168
1387050,162.43890235275822
1428011,81.99068653971888
1089927,244.33565125376606
1060354,24.757992710572854
1176491,36.022260647025654
1270431,31.26454097068317
1053653,290.28410349634834
1491472,218.0397521720115
1134201,81.67326649070053
1083089,2340.7125296476293
1095834,1414.1975296659566
1323295,1085.5844018001767
1272790,58.16908052838286
1099354,113.79804237165477
1011649,107.03818308788452
1010865,561.5270376325064
1332203,626.3406483939091
1001499,883.3755469143117
1157583,103.27861589631964
1353835,108.99055547995643
1421040,240.20030567171295
1062686,3025.086840321742
1375467,471.0353191547189
1186540,809.4471724155306
1372825,76.95143645892044
1127289,64.17751803490945
1169207,43.16121163846109
1104431,75.07479217576683
1021686,255.75607591546725
1330379,174.99921443109426
1128383,33.39189176749015
1103602,74.61099941710201
1030401,40.56085114755189
1044219,506.52498407680787
1207032,666.8013698913878
1077843,245.89929167651982
1461113,27.777741029369032
1490055,26.7471436323241
1084848,574.7177642600955
1480157,727.6513209097386
1342655,736.2184706678806
1209802,215.0193498117224
1114943,138.80134562052368
1332072,143.41128195049254
1221686,100.47494181858711
1458913,165.89291063983723
1307388,340.5059651695258
1371009,36.50852660568111
1378911,38.101922888789474
1165966,378.4667786264887
1014416,405.2421697121049
1073713,356.9377829249968
1483936,33.55866892566259
1474882,72.66423405189678
1476491,71.5661732700721
1440633,419.97549188399734
1315422,333.9811168723356
1275935,348.6431633821665
1274185,104.56366729486135
1106716,108.27866895472638
1368660,49.060096351925544
1440286,20.08787011694853
1257856,86.22446368123309
1096629,62.67448941244335
1000796,81.92181990572385
1456243,199.54877282146495
1013299,88.17559892273023
1400409,96.28976556936931
1427360,90.63239548064855
1414766,78.74539369782215
1214363,1643.2673346716779
1232994,134.29930891047925
1392306,163.12595811142543
1335329,23.50274793792886
1374399,25.605194816117148
1102705,27.644821121914166
1456666,64.00398124841784
1462839,570.0410571838192
1150676,240.52741137965015
1417329,15.226845518107282
1378787,15.05593952334096
1001951,97.26928571490583
1316077,135.03219801729014
1404758,104.98702041457771
1008008,22.881240730723984
1005166,21.058663573909502
1167138,24.49605248078122
1090311,22.720478449233973
1105815,50.43964900038511
1069242,37.661853648279155
1323812,451.7736373442701
1103651,495.2863085180908
1340687,321.72586266141127
1096643,1077.6650188734745
1409653,670.1987946579162
1328697,485.094279658455
1063035,27.43990655240723
1111706,55.04569252946957
1230150,41.946529420344206
1488638,419.1962426135519
1461412,431.2359678577386
1039985,580.6361952705245
1095594,92.97584085287905
1142142,127.0477426847886
1204895,199.25576872241254
1192277,2906.1126814349204
1362439,237.713161634956
1270338,382.3231293106192
1029171,29.85762645841655
1051248,35.292891203953516
1402801,105.04402998242422
1014626,80.02175135862832
1344949,27.07177873967821
1127961,27.726306992279095
1218651,309.83538367177266
1304119,318.5974835373423
1112081,158.38994666087922
1112961,439.6601303446576
1007348,590.1327232612318
1243875,354.1519646307772
1016818,68.78785383431202
1301690,60.318756843669014
1454082,79.35897288294578
1323756,116.81467039227057
1295629,261.69413334099806
1168925,31.721300374477572
1069584,219.03499090769893
1097004,87.87254025934033
1223860,130.2262187301968
1147888,21.130203948173122
1053807,38.062103339121556
1190133,30.336846175745816
1356081,324.4958572076801
1166061,264.7365317041342
1326777,281.3916904527285
1214539,1270.0705734524329
1388909,641.7242857318686
1117823,383.60795219465604
1001894,35.68293273562844
1343377,57.3414911110156
1045929,51.49965275765594
1182906,304.4995012897342
1278933,355.11244755336594
1178879,592.806175876651
1154927,72.17602781243677
1346381,73.33489429619932
1343300,144.91462873593645
1382460,2453.6214925318377
1335307,240.61966355983972
1332316,484.94351345035346
1222122,94.70942326255017
1215295,91.0352537596374
1318453,71.42103852292284
1086521,291.3192947927619
1086495,251.20146756448585
1122586,33.9830478154883
1008385,33.61461978037268
1299613,30.672003551565265
1488071,391.8293359571292
1170204,370.34834244303903
1482384,200.67419139196642
1324608,29.24760540544081
1339397,18.850516081207132
1482128,184.1088522909291
1493763,333.52779854367884
1218417,365.8570945941462
1292299,154.97178636816443
1439152,140.21587583834562
1303043,81.61027850510808
1133574,89.38374751094655
1175421,136.50806868036648
1220000,276.9319868265604
1202382,50.61369546747926
1244264,42.23098399958927
1094898,49.142850104825214
1082555,356.2599534695365
1022093,251.65174443602848
1159917,275.2998874957094
1431194,25.851721819341957
1371703,42.20697345720847
1359459,40.74097344529633
1460374,298.16998055816725
1485499,234.85823625804466
1027031,169.48010204172147
1330108,91.98061997250771
1210569,70.58258957646873
1348866,44.15940454914053
1343116,22.964681543512203
1334815,41.15638847012939
1244519,88.01126908668859
1155946,51.38905452807481
1261895,80.47009111590911
1019797,119.6948694568705
1142848,90.63013481437129
1248091,1250.5566456064155
1487481,111.97571548836554
1098229,84.33225590497636
1185338,14.906945171145765
1190027,25.387491854068617
1493672,26.066380321149374
1498885,19.446200165780994
1449195,48.54980475951679
1071799,443.40630872168566
1090476,218.2213612271639
1185766,15.188631342731004
1383002,15.43786810995066
1038462,123.94087937688624
1425253,123.90684577049869
1302845,115.21522278087411
1005828,21.763879623209007
1054396,23.542053073117422
1103720,16.965738307798127
1318240,27.928841478409236
1324663,26.932322622813736
1284559,46.89199927507447
1160375,29.743556713585747
1235177,331.04238996728117
1353104,356.23692604720384
1013720,173.23898302745744
1259634,741.8174965533022
1119425,464.54548073777556
1148888,297.2810492971273
1413074,47.0461089945013
1029137,146.66457989680572
1221198,103.26237368123131
1198659,185.9488906764861
1044121,427.442756714972
1257122,398.37789641141666
1340005,93.66774764418348
1093489,99.98010242852816
1446581,106.20211620471042
1208280,2184.20842115933
1249450,294.30990020396507
1022006,571.4137757967137
1278133,67.96912011389018
1448369,60.749986658668725
1298595,293.870154596566
1150813,247.95297208802396
1193401,40.66457726469243
1091570,52.558365046952325
1252642,42.853485311208
1496426,309.32787972577586
1306695,499.7053846934403
1497405,247.2789636494126
1274204,31.804377778071718
1264958,118.7967914802968
1181657,208.65288044974
1291876,258.46679783436593
1045986,69.02858997785222
1275925,48.603878502304056
1038208,44.86262524058978
1079507,233.53037397750364
1065954,138.1685883318098
1251682,352.418327694469
1456541,42.00706447327209
1114499,80.17671299706106
1120043,77.33132967291758
1326066,449.566791480971
1263578,407.02131545391825
1260565,166.82348386309428
1172743,503.4808701590782
1269951,347.0384352468059
1353368,95.66472863778095
1373315,21.52139731690988
1305141,38.71715051201556
1390310,30.59483529950039
1304452,143.27596409995732
1146622,343.5869573132917
1033537,271.29393069008245
1129914,164.83569056690501
1158075,189.2811754630141
1391639,250.01641939799518
1125215,1844.514837219865
1010920,183.20990586886467
1237466,194.71765298349018
1446591,19.79734459304351
1345355,55.59789560175089
1386811,75.52948138372825
1000162,23.158044686669648
1021057,23.927166584939513
1164623,153.7131727740238
1409674,242.38616252165966
1286878,117.34879691655553
1275118,15.935864379764947
1280847,15.952392299540076
1398572,83.64063202818647
1149460,146.35242411706986
1188052,104.57612426069284
1125203,51.46579385279327
1331389,32.19000995096462
1014021,51.30453740874782
1499384,17.60699363488716
1111061,25.588570870459673
1474722,22.294787198756076
1211269,260.41476985452897
1127001,362.5864110775214
1472655,154.4230663282946
1016250,2255.7040251848907
1239193,1083.264056432723
1412599,414.05590080910787
1057003,37.883688694575085
1238261,70.64561593084377
1278646,64.20131573886218
1127418,461.11221925902095
1398001,510.1482394828638
1218477,826.6747084510766
1483622,142.13221700635708
1221061,135.0619486924145
1383719,219.58095464249897
1492798,3122.850140356304
1387338,334.87771057283913
1457308,611.8924081512802
1315474,56.32217913882737
1203809,56.34746753932921
1274050,99.4596718833382
1309989,74.84794901683097
1414505,37.882035328052
1193931,31.965742435621543
1317093,432.2044798968787
1435007,442.57713518227
1150330,177.85305420848857
1465076,22.982929582625843
1169740,20.854009697148186
1450849,116.52610414018994
1076835,123.07291503717785
1271788,231.89581402184285
1338580,440.244353501918
1303003,318.7436876323831
1096484,289.630838494609
1381017,115.84120034489685
1370764,230.2608241558737
1097909,268.2890011256913
1433812,35.83068100633873
1018121,34.43828181296229
1331429,26.379379161024495
1254249,259.6187833758453
1122865,186.59117344731885
1473464,166.28119821745977
1462837,28.896272515198245
1397074,52.27017789528597
1435021,48.88925187118369
1419408,303.4269896226038
1342580,250.1384767003746
1269068,225.25808828639757
1355831,690.368951622952
1229607,286.0254691798712
1024231,85.53520799072959
1422466,41.10672018447303
1019692,57.52584830654088
1147960,110.26726939361419
1141538,316.58581643833134
1192636,183.8401428938109
1132306,95.00404564373737
1012579,113.44968378111476
1487597,119.40446191124092
1215768,1763.0863769012715
1167114,187.43748101233163
1400723,281.3952747857979
1131155,55.52286563308202
1414406,45.35947490360402
1142151,41.59028757922079
1487225,121.3619890169009
1283463,126.47362878053495
1288211,26.15184784835548
1128357,36.17115560606914
1486357,26.958993742617878
1181613,161.07046857521576
1207158,458.02310791123153
1299660,223.28973984039806
1197131,19.51422066213551
1353028,116.33579671476052
1163155,148.70275553286947
1350709,186.98865304294205
1047803,36.9740012388921
1142607,28.610371846577287
1033302,79.54898211109972
1163208,32.621660226624286
1175785,55.205661402759716
1423338,23.992893113386756
1016568,37.38590767168945
1230330,32.72440610737455
1295838,269.5014394586493
1119772,256.50069973419505
1197288,146.76252981314428
1219813,824.7428571466501
1318602,582.9004393898728
1400997,248.06425289043125
1433070,25.926728459563467
1356467,44.06416170140324
1318405,127.65728871297864
1466874,232.06957190458547
1295357,261.52486215519787
1451900,111.10615843966312
1365341,130.3157474303611
1389595,165.01750185720974
1216659,1539.8064703307784
1268473,167.13753098513928
1447721,273.9834203447131
1157530,47.023530150852004
1089354,33.27507391731468
1326527,31.074097392162933
1286263,141.5117345632696
1029236,106.11213402826299
1231939,24.365830137330295
1404957,248.81446693182207
1402826,362.4225488558629
1287087,207.19885740588808
1017068,21.374794781236496
1239986,18.099524760498976
1307258,115.48234809682958
1322625,140.1640655998376
1416019,189.14151098797123
1046847,57.70542407943069
1032701,46.48316112275191
1225413,46.081542484984105
1132323,143.17622766344752
1323329,46.20143212911484
1209830,118.84503778260796
1350253,21.941322134108447
1143492,35.38847775143835
1141019,26.8977134896733
1268488,331.6445111835374
1233276,328.0112580654697
1472372,153.4140490952322
1063733,600.9745875432912
1446675,315.75036693035753
1057481,107.9488550042268
1028109,33.02395786785263
1329141,42.2235074804922
1312387,25.151733853937483
1352064,148.12058768134906
1268228,383.85688375401946
1140303,231.29173124731932
1319989,166.54954956441983
1394657,146.85769331569162
1393896,130.81412364116022
1267353,1683.3254954870752
1029101,144.42307447790105
1262550,258.5440559022802
1251730,27.76769307091385
1486591,78.49169889419821
1222358,65.60121546290708
1063345,21.587868566972922
1296889,28.288559080571098
1154617,132.47421677888852
1187479,254.434505328469
1499223,120.88635828183702
1391288,21.757242472070175
1033467,18.744447108074553
1378120,60.71018715086402
1287261,97.68222732088951
1217809,71.14835983339613
1325393,27.30567754427386
1343891,23.487590322428577
1210472,131.3055950879499
1309837,50.69752933697452
1390277,147.29831036651785
1022178,24.224736387937362
1474573,36.916415563778195
1272062,27.674033293150753
1075073,264.05917035535595
1454012,298.29902813383706
1227062,83.08702702742197
1079468,873.7490989353506
1403541,476.5289566813775
1254725,249.4018852796157
1135823,44.604348935623875
1490445,34.00274645415778
1161508,128.30173349413437
1476081,244.04754338292958
1045776,255.71175380551034
1134987,81.02277711626664
1401506,92.70393476932954
1203109,85.16576431476506
1056516,1909.6891291544655
1487939,147.52716252250715
1485109,263.9769909264166
1164762,42.348674862120355
1065210,33.1620561032623
1470954,28.89820078376772
1444536,120.82545753115862
1444755,111.00382834155988
1456322,23.18988516774599
1402952,25.345323024420193
1242193,159.80986703370425
1026845,240.84567579656954
1253204,142.41986712988933
1487989,21.405200486084254
1134018,25.44688876724316
1345822,20.197368188880045
1014740,64.35267262125483
1046854,76.95493092370516
1210558,116.64447303050099
1457667,32.706775931903834
1343162,27.356401528869377
1223574,107.48551622831738
1179183,45.9251032568521
1421002,149.05727390806896
1409616,23.150723876533082
1491544,37.651860899604536
1062528,218.05914020263145
1210468,183.51919981792628
1466579,122.35005481612531
1059783,782.214639190351
1460743,509.114412655543
1460017,324.22735918827914
1467327,24.517762305416202
1091205,54.85690921276029
1056109,51.99485040873562
1215047,227.81779396489975
1213087,268.41615387868893
1023914,360.3090037393129
1049845,162.17163656323743
1021726,171.84235242370423
1223966,238.77881537089664
1413792,2018.585517267267
1257509,169.17242463822691
1066223,277.1463934650289
1055416,20.31276551092254
1489756,53.111001853835305
1030594,38.461706109328595
1084257,23.177242323347436
1036557,22.656131144204316
1180163,214.44980221014225
1380749,189.24336198446872
1088323,18.300121818053217
1324777,147.40770215298406
1170030,270.09017808482577
1401627,59.57931954430919
1267384,33.50800316918736
1199397,63.765393236368055
1146124,62.15756215768022
1152672,107.8906098692605
1134544,133.0814463766935
1226475,24.318260429518656
1234331,82.54499487021941
1086225,60.60235095825123
1492680,45.36134273697309
1089189,18.67022433282327
1457759,28.938461503370085
1236743,24.356338691516328
1129872,146.96290982982174
1115861,105.57342142609987
1116704,129.92621883849054
1062279,732.1016353975821
1468754,416.1566930136355
1372525,289.1944639978363
1348154,23.100652941369525
1388227,46.437162783358154
1126089,42.909870934254464
1353592,199.85777827223185
1326067,285.85637039270125
1454911,370.987386653695
1250867,85.82592550816818
1235646,89.29274107820437
1437300,128.44943089536144
1200882,1763.9484349818704
1073879,188.54637540691175
1485355,314.30783690510333
1035490,34.96861580455152
1251697,36.48801800976474
1057610,75.39742764178662
1277966,52.82072920541441
1457409,25.33766939527796
1487585,22.60470167244284
1030541,180.16688586251647
1160422,190.82590249656172
1187668,106.15530984615565
1323747,17.76457598621834
1439793,17.54164809096382
1243817,233.1627107613776
1424339,253.94724886292084
1215093,293.7440212287425
1319940,53.48487034072118
1118194,43.224213368064554
1478575,68.49160898760782
1085214,101.20865728337652
1443052,176.00206420649045
1207621,26.11971158932812
1171413,32.64958135121058
1471943,211.01110128461352
1390076,105.44487588154044
1461337,121.2993201378513
1351338,20.848500350233532
1052206,32.74248474525006
1218549,38.276678574963796
1023451,204.42698351938972
1468614,127.31448655283762
1026021,87.83250582953164
1490702,761.1073880453056
1471863,419.0317451908886
1323584,254.08477436135865
1025989,34.540617239972164
1254545,79.54154457676538
1113139,60.08679726143418
1406245,206.98441699536207
1101607,329.9853316633389
1039304,390.0502841330877
1063529,75.99152961372377
1221070,102.44585207645363
1233810,116.84954130132587
1103038,2699.735774841695
1475925,264.432430232408
1419732,409.1830758010885
1338846,41.94887140640476
1446660,42.4408899218488
1003354,59.07362946883048
1092817,81.97592666623895
1234783,81.6820580739183
1058107,30.988631269545788
1030455,33.12786429632876
1483452,31.10825579340967
1379221,188.848950209177
1402174,409.16684368074823
1489838,383.53995187613305
1455308,19.712229043627197
1353443,183.47141702427723
1370253,220.30916723221065
1148728,265.27467629960256
1386779,99.56551382487906
1318074,51.805709065514314
1360420,59.653738060808195
1242671,85.79342748559068
1369093,119.1851954802527
1105804,184.7542554629889
1360174,32.863774925239866
1040269,124.38796247541762
1294652,113.32341794098794
1050678,138.75337645970393
1362004,31.232249207621543
1374026,57.61776460131375
1006107,41.80078144639731
1089493,309.4042246035733
1210638,260.5654555636706
1018465,192.46523005772013
1286425,174.55775536866602
1131780,161.63838254107526
1240287,45.41757703037593
1042157,36.634545504797885
1071612,35.00619403317521
1429223,91.0103996112191
1124573,152.6056022725093
1462779,99.4132055182217
1493585,107.83881456055462
1482350,135.29883498024344
1128513,102.5317667239637
1007620,1161.7057791492919
1392125,112.83599987468186
1087629,184.59314038239077
1114839,29.465542999511626
1070359,28.868931708684837
1242070,20.627077371563683
1479434,72.3668758761599
1372564,335.7156409178096
1484749,203.01677701004724
1351129,14.423825386960976
1202518,69.32670733981506
1260736,91.9898080289866
1431880,99.7350769967105
1078767,19.6386618957617
1483726,27.402399847299314
1463665,29.9172806720068
1291968,17.93930211898441
1156317,29.22659030612944
1280812,24.088075042080995
1142375,353.77120909927805
1479522,439.22488708508627
1285114,174.07783262971753
1499834,476.9173145868975
1302570,296.43735841683986
1441628,163.371346099061
1370968,33.67122587012365
1188126,31.53813506085241
1387823,24.32655239206085
1120799,72.33210024707294
1045486,108.5004481590706
1120923,129.8370401764901
1263616,41.02725144483826
1287395,61.03913282394631
1496803,54.02580822047702
1352836,1256.4219957680384
1033485,128.68459468441853
1276295,217.72764778434572
1108108,28.77992605889533
1426656,48.59863540943787
1190308,137.27540362388024
1322690,131.39718820264127
1293409,23.495278692136324
1024189,23.85614136841371
1323222,26.79001197444488
1357097,148.78472615165404
1212286,252.95849181511267
1452412,128.1345668506416
1312958,16.980821643990783
1345841,50.81361078823969
1412256,64.96331995962998
1005678,106.69686763140152
1230382,44.47681334762687
1433933,36.114166765396
1483091,127.70507047211726
1428894,61.344590719566135
1230168,126.73672429208666
1091185,21.481577173766276
1402411,31.75832854649898
1174381,23.438348216989837
1468666,175.05012086757003
1045706,133.4239654879431
1250849,60.58989248656657
1290325,524.4245816182056
1412366,477.4639571173818
1253042,266.12631178793515
1094914,29.466998128077247
1218951,115.9833231881046
1131296,65.8356549586049
1144060,137.18247410957554
1348532,244.40467777148467
1151545,261.53394550922985
1035674,93.78002955762364
1430774,92.03575724724624
1065106,148.62095428408347
1204319,1569.9110271244456
1245643,174.6106716683763
1022559,263.04627860414314
1156294,32.92126695209683
1128910,32.79637723006468
1492015,33.71075004695031
1346015,88.00930820651939
1344824,79.29975547060407
1235620,25.655520551036936
1152702,31.182727271964147
1037485,178.20165068499125
1281762,396.9943973273189
1089556,225.58989237942333
1417527,21.085959540908913
1112851,21.465289912451944
1112119,89.8372670508588
1190243,138.10759736321194
1219577,183.5917744931783
1334475,31.080308434108254
1337310,37.331255678223606
1399077,26.563766140214653
1397525,99.29341944274778
1383887,154.60646494387944
1340231,31.286844279119236
1059438,55.06465834825537
1046452,42.152967451713536
1468651,281.4656796921239
1175159,330.09137878449826
1270555,160.8824076859021
1334748,262.5060331888906
1264726,242.84535709653397
1096183,47.179967832244145
1131610,24.47741479200892
1276853,48.12110563376486
1473793,42.89000264152357
1207235,126.62461256125827
1382156,299.4187079341185
1006670,172.79266020325764
1085624,123.69149008049646
1381116,193.34969604384386
1070437,150.9777445281656
1296562,1561.0334307366932
1308074,135.33120582697487
1441295,167.34455911790178
1218843,31.535617429759434
1129897,36.187444457567246
1217302,18.740559675633204
1286496,24.153504863384516
1225175,20.69215760153069
1288665,75.78661023896122
1148815,238.78460713988306
1070188,117.41276217822072
1410979,75.48889022092533
1325398,111.91875321301242
1348845,79.59353957471619
1370856,45.63436466173496
1043212,17.98336967435215
1231775,30.72025877923817
1089249,19.33594330025008
1296913,25.810137622190886
1303459,22.492554877368313
1173974,226.8214523179846
1179101,300.5705010839087
1129508,187.0306461302364
1177716,369.39614395571897
1173440,280.45395481306946
1241407,192.32895219992076
1098200,33.3541414300764
1378709,52.75131231009518
1198550,87.1434007851007
1383672,175.16503793962522
1009485,120.66732230684832
1149469,82.02519872570572
1417973,85.57775045295995
1453182,95.64969407945759
1397423,1641.7209708840617
1184112,136.12395150610683
1475256,244.76803615257884
1174372,31.416494830726506
1225764,27.32043623106524
1312262,73.17358807250875
1364529,63.76681260415465
1039292,22.25261058641306
1419826,30.635025641770174
1161538,110.47748294069956
1127343,403.0098267992753
1408481,245.34615964339207
1386710,19.02637408439171
1182831,132.1574065097435
1167194,148.74162703405128
1422666,165.04620135304611
1112550,46.06573374589846
1038974,36.66411502109881
1330798,105.65391752254584
1148904,35.14764857098186
1452851,83.43481669077075
1040443,31.576000163454474
1381232,52.79068594232224
1404442,42.502875604155335
1412741,309.0802811889678
1264550,424.97500360673416
1397022,130.79418517130694
1066186,740.066173322034
1252196,517.9567041270255
1278525,286.66961041712784
1436260,31.92614609691291
1030469,71.24189280312673
1481360,140.83379599810308
1014321,238.20875092086348
1388450,310.1071204853034
1379696,96.63217953004025
1221505,109.22867449868748
1427811,112.80317343026803
1322531,2073.7274210620603
1191436,202.02773213855147
1317334,312.4277249155725
1072425,45.13811615763627
1023198,38.30378249393933
1414362,65.29450521903385
1345269,222.35195036321363
1489884,197.9245089616361
1452397,25.31914525600267
1278364,34.16582623753959
1003296,28.892929672592384
1106162,233.60694605744987
1408203,294.8506722482889
1239382,207.18090314049388
1391663,21.588648980793874
1248962,27.653013771311702
1343335,20.323317612983544
1305051,78.4242628332149
1287516,82.27951128373229
1247935,182.177574918738
1194966,52.13542729366257
1118109,52.32929757656004
1233389,52.81751096016712
1364896,236.563185391757
1298285,106.24667666325374
1150951,322.1328232397401
1033582,22.869900769263044
1173925,36.94955867711668
1452681,29.765212247973334
1465923,338.7057231038459
1445438,320.29526322829787
1255247,144.06333627076052
1163409,1437.3751704653073
1079437,867.693425202504
1063227,556.6925731088219
1408983,30.77563867212319
1100873,88.7091581388296
1133779,76.57181879773688
1246717,481.4747184014969
1363101,450.75208220805484
1395431,748.4909819790809
1010670,154.6253160398697
1491323,170.5449847129813
1486243,247.7296825360835
1285324,3415.287075752978
1207039,400.59857013729993
1425949,516.1457489163155
1284979,50.3473731703865
1128705,37.27718673631816
1052528,38.33484323433386
1379887,86.40536344997282
1365852,61.36226407083744
1317467,34.71704578848779
1051225,29.667885112353048
1256991,407.0609664717837
1089356,414.4807141843955
1336453,208.64982972362472
1321282,19.006187119918778
1345499,18.31246635216853
1100430,449.05360543356653
1441592,738.2242894922404
1362932,652.337711919179
1255123,102.147464758557
1405218,70.7488648922544
1333879,81.9601808543339
1067651,105.67852309606361
1358068,152.13701318507094
1076130,248.21397794058373
1426318,35.15377365777194
1463256,37.9102952041116
1158052,195.9803604836853
1271891,137.86672274772732
1250210,154.43473846600622
1014155,23.56814807566957
1375589,48.184727823886575
1284311,38.72903924319441
1122463,407.53423968683995
1267073,215.78060252237535
1264859,314.23270995521887
1159437,517.4749740641743
1376035,414.40756119478783
1223053,176.15004001339219
1457399,18.966688296281735
1182646,62.472496410111546
1061460,52.38189281501673
1278113,118.37381862189623
1064613,231.18239811000478
1094134,208.61095176675684
1064523,49.119996605041294
1377697,59.50407847179273
1224204,62.40312075741194
1229151,1630.1437227242664
1054029,148.69801242510593
1441457,262.3582713399504
1441761,37.475508501527386
1255217,45.89332196445423
1163632,33.68707729519879
1340676,62.28745733105408
1457306,229.51768366139646
1415650,258.41386265826316
1361920,33.499409974830606
1217178,25.536210168732254
1298382,24.757918183376066
1069600,171.7439641196075
1217461,229.83695963461216
1211765,141.43771145719487
1134901,19.28343997816196
1224714,63.147186265031635
1100091,72.23432640018733
1463761,142.57812480265292
1197604,44.66645680795017
1456463,33.489311746244155
1024487,40.89627755478905
1057308,189.64954339334062
1342654,72.15443435679806
1489595,161.74298415245414
1374108,23.33132657793985
1373420,34.69487807293458
1488412,27.240897674508314
1033917,262.830406789486
1036779,196.04613260504274
1030522,103.69113106782893
1365942,262.9552088708055
1139563,213.59123913414834
1120515,67.72477226831668
1102120,31.742169830048823
1213606,104.74792189698175
1442846,48.197296513639195
1229162,195.17474297394443
1336797,372.19778188533223
1464391,209.3572066880381
1158042,86.60061935051694
1049420,87.07993512127683
1391890,130.10597844086408
1447978,2556.7358230446766
1176114,191.55402940525946
1233129,238.1333422639447
1089582,45.315963814558714
1138537,17.967601244825886
1393980,25.880553885406698
1090735,115.49110165314241
1317447,630.8317407813228
1204380,309.0383315362056
1254006,16.83144407991749
1177978,133.91025902274436
1448868,151.95862049513426
1114381,176.03920837749862
1492928,32.81964521421849
1054929,36.01125162433171
1492790,51.41447281946502
1140213,27.212488904052563
1193240,59.612408603577414
1410895,38.13389411894545
1263834,381.2333390673261
1260599,497.8481996890268
1412296,336.8179166103452
1219827,681.0199160058435
1183895,621.6617972963822
1036709,359.2033107770983
1361685,34.99857142728714
1482926,80.14935865948917
1395186,56.889927494273074
1008601,210.20149124598564
1193872,403.12657120018696
1005400,383.1257109096902
1355189,300.98064481924473
1014891,210.77732774412937
1468695,253.52680090618645
1390410,2494.782616780769
1385985,251.65756901935413
1048223,300.1176057643408
1069511,139.03662627295958
1129172,126.82339357902802
1029297,28.506198971319066
1425307,31.153177296042166
1127166,29.9485305470282
1245969,225.77459545760618
1352827,286.8687105029956
1464317,163.44037588673274
1443431,19.393316345115153
1069778,21.062872431758013
1016495,112.69339925897955
1000429,207.64698227420047
1077871,184.2517247002121
1191951,47.43741694596355
1008761,37.65665740425836
1082837,103.30614788617478
1201538,74.28346318894654
1337110,196.67904881704914
1171071,20.980648137110766
1302946,39.76149530425935
1323453,27.340946303700896
1202688,347.09671451918825
1340955,387.8615097327725
1213041,170.6461472839155
1115081,690.0266525101191
1257596,430.0115491885557
1434708,278.1169796428248
1472011,64.88736711243544
1212811,51.86100028004896
1179258,196.96485003791176
1345123,249.87813309775697
1003561,352.49695046720035
1149009,65.80076652153842
1100625,73.71413043706985
1493085,112.80266484810906
1383378,1602.7824906314647
1024697,168.92090049598005
1117271,266.95701590874285
1313926,21.388445543409677
1195095,44.17885926401668
1319139,73.62238950701942
1455947,47.54283500571306
1093143,25.96716557904095
1405175,184.58112429483506
1148474,221.17867539873907
1336624,130.19907650270292
1483824,19.128160755174644
1071207,16.67782427517282
1273605,132.2398603892625
1361024,213.27933234826904
1196684,249.80735874529034
1475777,86.07782556197824
1363658,47.74243758175766
1008951,72.47116541916803
1209903,74.5460191394312
1207618,146.66007484106618
1010577,26.64015165067076
1187741,22.98401318645243
1364643,117.91003175464255
1288149,87.06446254650969
1298947,100.26055120008664
1120237,21.9553785788751
1299433,39.96593398993344
1437108,35.00378710811975
1470372,171.6175850907399
1421735,137.91232331289828
1073321,136.66810027340048
1340524,1091.5676787814468
1373298,687.9595595018448
1397906,360.9792454378068
1298578,21.100089849396674
1401355,55.78831550347081
1087548,45.62805697471257
1255103,331.5358149634588
1238094,390.6216930444437
1495739,453.7855046833435
1286622,171.77663825573057
1090206,174.0622683878471
1020053,235.86528822271268
1016563,2590.737141805702
1068029,311.5128952953415
1227744,375.08659260009995
1460795,23.883150703920915
1369172,31.22781668887834
1401927,40.982023847601454
1079289,41.864801105565455
1270851,25.73332227492315
1110506,28.229220226594403
1028807,372.28091921090254
1057178,362.3014823519241
1220587,231.16987928329664
1416699,17.01642076345785
1264067,16.160999569028853
1351534,86.49077170423313
1157302,168.61366015082308
1412243,94.86243671104116
1090685,54.03042803702886
1155242,87.97434833505693
1143695,88.35326018562886
1449009,177.06892648114516
1343512,227.79864308049537
1231346,23.64831209755472
1392147,21.03645955302677
1008596,62.43681373021097
1260443,53.966842599416545
1085513,41.82408284255189
1441042,19.578843346571613
1054680,24.653044655485868
1264920,23.2356015454392
1109972,293.82860149874057
1241837,204.6505287135548
1121489,258.12462284858356
1015985,2201.55259323377
1100774,1092.7244204960655
1107017,670.2747697864577
1169666,56.29789834342897
1097146,83.7248738726926
1483477,69.58948091597273
1248664,454.7391908417201
1346422,497.4128711135998
1294933,834.3621181815855
1179836,81.984479378622
1287959,99.24372263681246
1156176,233.6433048228012
1198576,3196.1118490053545
1431593,416.06365316370204
1468567,731.6572536614939
1245157,104.77123906140386
1404165,106.51825959688823
1062432,59.06070084364664
1008087,254.0332329305817
1095691,320.4261178167763
1207317,286.3514877938291
1086536,48.15978089091142
1073117,48.643430557743294
1080663,44.35516441560311
1324159,509.44594185931106
1125632,649.1424461625029
1250174,317.9452151619788
1288442,34.08172448008303
1252908,26.191179598468064
1341648,298.1160919806948
1269832,662.9848233261732
1133908,664.1335776019422
1144443,211.30902089159153
1097049,93.06955501185287
1432242,147.67066580070562
1333510,131.6495419223972
1121929,191.9177011677908
1210305,439.24418664530805
1275546,58.54325057180458
1381340,61.915859385466945
1156397,56.868729359266084
1117593,386.0077765090663
1184580,376.73618292109296
1228419,439.65689555983283
1445630,29.43059104360846
1266002,57.34972889773566
1402889,49.919675914717395
1237434,400.07258810558864
1225163,295.27810841477594
1255596,288.69275797751334
1109852,2330.3707729251923
1345620,1272.4852059132377
1484128,709.6298040100095
1321233,49.423465250222286
1226369,115.34935746146891
1433653,105.35783197706472
1152701,548.1879747292289
1081449,538.7736595169661
1444494,908.9990382307031
1119021,119.53299023113334
1489585,154.05858644443776
1134580,265.26959035491166
1375598,3138.9762666782653
1305270,428.0245458475369
1284327,676.457956827792
1073391,84.09539102749567
1041760,57.15779977928211
1316356,67.1501773382021
1214154,114.92740694651765
1279444,140.69158518128526
1422458,37.06743218138592
1046971,41.55513168843447
1412767,40.81002547989116
1294818,517.4970739995198
1483332,559.4606823869149
1176830,258.66493964679313
1405681,32.57190230123143
1028719,33.136818692603846
1272650,26.918672048391606
1367340,222.5492701927648
1008287,271.90724413354667
1047518,401.8535345291405
1394281,305.4050706917583
1434750,192.63307969518274
1388225,185.30654831061548
1437287,127.90013450435112
1008536,230.13990289082383
1495302,388.113163251526
1006713,46.82850356492687
1156578,39.72894238976578
1161779,34.70872769461483
1165593,260.4023487233821
1193794,260.40469081866485
1457081,280.471168333062
1144977,33.430509600740585
1271614,63.92014747385508
1179825,50.04214908566786
1395652,395.39811855362444
1256292,323.436028410194
1070158,296.0567853234993
1124487,235.79095449327866
1371386,216.04325710024003
1087971,107.31010542949859
1128435,30.014047208348337
1090797,96.82571539991446
1450451,46.51570139875544
1405891,101.51046333872327
1393405,290.23930374960435
1497134,182.26808616449526
1255484,108.25647200283042
1143886,93.220354518425
1323892,84.41497997986002
1147438,1916.4545110742781
1133657,157.04456211781834
1074216,213.11061946523378
1078228,20.971835790354362
1082992,20.504973490397138
1168507,51.82928038703201
1423468,40.99313901779874
1443674,18.963221688919358
1315359,30.978540124723683
1368872,26.264776725771767
1296051,125.12326070803121
1198927,645.1080731225469
1378647,329.2303449978408
1067203,16.259604796445476
1388229,16.23835857265567
1207936,104.960050615586
1217839,120.63055998456474
1427300,141.45991291082908
1237497,51.324720117334095
1205066,41.375868406551845
1381518,24.767955434595496
1406296,57.777162295345974
1201586,35.162610182537364
1215471,410.1125969604713
1265298,540.5652031665994
1345121,198.36761397318733
1163522,312.3094360566803
1488422,254.9384559137086
1489126,154.6538764913787
1245703,75.46873768385
1364476,32.4988426585913
1311779,83.77399941806267
1204524,152.0509442636528
1453079,108.73249805293182
1346583,68.95942039969489
1343513,76.02948132832992
1270215,1340.3329094640726
1167611,119.51780560167872
1250643,115.84337320609656
1483071,16.490428448744698
1128774,45.24710580369945
1066086,46.761942804945804
1073159,18.92343996885808
1156715,22.343424312526782
1167396,23.440719670063533
1154326,102.13457859552793
1404009,392.0093701157519
1081181,211.05958033400097
1397855,71.01614690840444
1490628,76.21238400756631
1370443,104.05957293866364
1410231,26.600563586296158
1099647,48.200498242771175
1076400,21.159433731775426
1042262,36.88551424699906
1479532,36.628121594485904
1193871,25.89137470343107
1192427,278.1068232836169
1358679,377.63623818665457
1128577,108.41621509984206
1297500,100.94606960226706
1159398,84.14635230439289
1295791,50.325481910489806
1083928,32.93257704610607
1421326,80.56068504376456
1070011,82.60546624671007
1172465,51.492323329423385
1040153,76.05827194067955
1240015,113.97114736124448
1470791,87.82604687335787
1078367,1389.7680996781867
1302448,101.33213324734534
1478516,21.16577323190312
1208057,19.639502306697402
1394274,16.007936223039867
1079649,18.819679145456725
1066010,16.32950496381445
1206124,53.2231701318558
1162193,190.8717257088446
1459527,152.9989416648689
1096264,15.536013690873915
1461384,15.112280475673067
1423886,27.42490776936685
1415920,75.4425893670625
1393922,108.84395903205964
1462163,115.2030874668163
1336059,33.925197641423956
1213767,25.131233638305346
1157287,37.80225660789663
1056066,26.735126291443457
1128096,124.57464962947351
1254860,63.69775645717226
1025173,95.68704796222556
1049477,1153.768023796949
1433608,668.5507963664397
1312390,443.08858844641554
1124545,28.337147072688364
1264535,63.834151240949865
1188918,303.63918379688135
1242215,336.38561948221167
1127032,465.49732459789834
1308289,108.22397173964934
1021318,113.43540183181052
1286859,210.75210464694604
1440281,2491.344573088446
1352739,308.44032661217653
1411783,396.74158019224944
1302350,33.88499997551488
1433670,29.650306628112048
1060069,57.850749554623754
1449369,130.2976046582087
1460584,98.3425404286784
1356206,31.348013076259967
1033641,323.59274554736714
1353961,373.0656006591837
1013842,198.88925240060132
1407391,19.516122880978852
1256963,164.78980357794447
1285209,211.30449420732242
1389206,217.20231829763142
1074865,104.93059606844436
1295162,51.04036401016576
1006987,105.05979930191343
1006312,104.00812752310318
1257443,154.99468003759134
1014526,265.27723357683885
1176168,36.13688833845708
1003166,33.93259576335003
1025197,248.33053630720033
1432540,140.3173271169764
1270332,26.089781196394462
1233784,40.97346502426948
1068820,35.77486209662525
1493096,227.8472864410527
1107381,194.4324665105771
1208037,240.13964209566768
1427935,750.7733553281995
1409134,280.1026882582601
1153622,231.7172487014198
1422767,38.76809892173654
1362852,66.0628104507057
1494354,57.86230631967302
1057624,244.53329150258642
1356690,314.8509470643866
1482022,423.8083591324552
1397919,69.78041396552545
1445308,63.75476044896284
1020982,76.86009112906477
1291422,1128.4407530975868
1297299,171.50517183418
1365373,340.33444824266087
1439539,73.70987348028365
1258083,48.34787960337586
1003250,33.37622246125533
1113910,39.34479488991525
1205630,190.43238046457986
1310574,231.14124941975226
1117265,95.22687595313741
1165333,21.020218486336674
1114035,82.04733963355585
1194145,202.66489246181126
1420653,171.90235352278177
1360946,175.20624468865768
1433378,126.66784458036719
1495520,88.53610042827532
1177169,73.73185146305428
1234726,142.45466026403895
1223629,163.08932384223638
1034536,22.343439751954875
1149922,21.605337078069315
1467073,142.47752095230135
1083269,110.70049050205826
1257323,128.55557796845014
1208257,32.438927596724646
1291108,59.081421955024815
1111605,51.641479673805314
1198651,150.80072988331776
1336104,125.97132855981356
1346782,82.24064114263989
1061075,1880.5359264473668
1369233,942.4037279145247
1048357,393.50316624776315
1186575,25.598257064602848
1265526,74.18071170965975
1303529,60.03786318279654
1398609,306.24836027179776
1335904,381.4854879631367
1410175,568.1248465754275
1319121,93.30639475560255
1321490,77.83239855664532
1060454,145.39636524479383
1370186,2107.0084186768318
1302878,290.30347572666096
1161679,509.4472009489746
1318665,49.729530650583854
1172065,49.85994497105906
1346275,86.93876464146946
1051466,176.24172690253428
1405723,183.58015390368018
1197177,31.479277312738695
1186649,34.32337862638063
1162814,297.4519387939663
1114245,343.5961601524286
1216193,186.97458142554888
1086401,22.64761598380277
1479831,20.096347329758594
1232866,272.3006013602628
1339315,388.5662453514523
1164756,371.02475797173594
1207479,66.25175713146342
1132637,42.66674094241653
1299828,48.258272422975466
1340940,84.34197051685798
1332269,125.22603725324574
1175470,254.2340314023538
1300661,40.456108832650536
1059386,31.462997230097905
1289801,37.70901001803392
1321571,352.06220778007065
1452847,190.25097308655205
1230982,236.34005872906235
1458264,21.971177065666822
1343550,43.87240955989027
1070140,41.9738261673802
1268975,276.58355297848783
1158915,223.76960170151085
1454863,154.06675233788144
1361688,283.63440261564335
1100387,213.90027534245507
1044453,82.13601277217967
1446311,35.55227220079809
1392146,114.29624363064887
1065082,65.37323462050699
1394030,86.19560663596823
1110858,231.8582426877416
1023502,119.02253499725562
1040888,80.58946508283366
1446797,85.04285380909192
1343455,81.75844649211571
1268073,1914.5981506012847
1481457,123.6476269449083
1249361,197.45353051995946
1329468,18.629245762458314
1436626,20.836328921683833
1361934,57.78719680056184
1447072,51.84567155854903
1258552,27.653806392745448
1236319,29.15126378362383
1198216,83.75143967573328
1160539,406.09926006846496
1117606,233.4605388118069
1030646,18.566151895074672
1155205,17.135425692283167
1294200,78.22182856749488
1148219,124.34303748716994
1164274,118.585986412543
1407284,32.8281355992436
1247144,58.74275637551733
1203344,30.698689595279788
1371459,56.64842424244936
1422129,24.796147425064607
1492225,44.399781128231844
1286449,34.57452470343053
1498844,363.6323940822111
1197780,496.9162680189804
1034337,125.40082221603541
1054015,431.66867240198053
1358812,350.0652387626845
1314671,126.33314627415284
1394382,29.816164144710168
1251230,57.55564475265535
1476089,34.208493832818206
1452428,72.88839988920927
1238845,137.74568215863317
1276246,162.92908049843413
1331565,50.93575989431899
1018544,59.240447259643936
1011365,52.98583655697854
1016409,1774.2759283643825
1339048,163.04059068075307
1219376,282.22409291793156
1473348,45.73591057902574
1131997,44.19165674180307
1282886,33.14556115801602
1275226,71.4390716594426
1196696,127.93533762341656
1454891,171.5821477908121
1335568,29.776262732000006
1214246,30.507186560642346
1062359,31.46646177139786
1326814,220.17191095191816
1379654,331.9112820879652
1205968,182.4529388018124
1279690,30.033206624309297
1471954,67.5596817793448
1474566,86.09924287007856
1179357,139.69173400377298
1293041,44.07028764508302
1238568,37.2388776277207
1026804,34.98619891994601
1326414,160.8485535708223
1109560,92.13456178640634
1051164,172.97089976163173
1429024,40.05800022050976
1150675,34.17819985434311
1116325,249.3631530334293
1175645,241.62070135436645
1402353,127.10735387442617
1295493,242.72874790860786
1016076,198.79733671290126
1185405,51.947221783254975
1371466,23.477568892984984
1346530,99.42327196262275
1331432,35.12340074252431
1294124,137.11553194426403
1024221,348.2239789854732
1094935,209.7946001082024
1197378,110.57068088700697
1427470,123.25160120208473
1158914,94.4925008705761
1443394,2354.1063427791073
1450602,196.93903216612023
1235655,206.31196558504254
1248147,19.08424702081682
1340735,19.687108885489838
1322947,51.479549468595515
1117415,46.480165906086334
1172976,25.77864769339815
1193844,20.494846296721743
1389248,97.76346521095978
1074022,280.32113831503597
1131319,162.7953172239618
1366358,70.65911092275748
1252216,109.15917185742347
1357317,78.32434406452894
1300041,24.08812848673014
1018011,40.04180652946756
1057180,35.40996469001045
1243421,20.157943140072344
1309173,36.570710424652574
1123735,29.680164199844075
1132139,422.4084405324336
1294776,516.3931619539837
1323841,168.75907293546513
1436545,2107.267962999187
1438728,846.2854819113816
1005866,587.5712622239228
1457927,94.03307829257652
1175328,244.1758987717704
1422379,181.45642977043948
1220430,575.718877133542
1281555,742.787970612846
1231535,1048.2768863145006
1118412,148.0963776095948
1348202,108.02280143134683
1316773,207.5805574424307
1431922,3662.4272576465783
1298022,722.1379534858789
1249878,1059.8238657550116
1283616,141.65446597565924
1043351,182.1674456444195
1167103,98.95250325914542
1279295,156.42573329215455
1413036,292.13155100751504
1281633,188.5877309001147
1403602,69.11842106307621
1315483,107.69736685373317
1286261,50.67510821488032
1320697,651.6471773053138
1494417,811.0501173449911
1128160,338.652967217375
1126635,51.714582833269624
1093884,26.072424830324174
1179430,40.84259046546303
1361178,459.10472634613467
1011110,829.4131913173916
1066051,541.8910620479127
1344662,117.42116085605839
1007567,106.01610085775718
1148205,62.531594679427855
1228589,196.13070188567698
1369352,292.3345690552522
1097496,448.77047158165027
1149199,53.04179076624852
1197821,52.14174346563487
1402804,57.831527532625984
1205020,465.1034937386718
1181471,470.8150358241647
1497500,485.1530916493156
1279838,70.27522345125466
1409784,162.10954762099757
1467998,148.0128036084451
1020597,654.8318368137608
1366678,526.0656197258575
1115501,270.73840771228
1282318,637.2674455469919
1445235,361.227281157974
1464381,245.82676942841186
1461970,24.453887366585448
1476428,61.71004183505379
1212985,342.3062170522549
1364771,351.8083379698985
1396513,424.09310942327136
1180798,265.4163472969626
1247508,230.82719747382188
1110507,263.6718396482
1027653,1631.7421002522458
1099989,338.93819590101106
1498374,356.4362375389923
1349364,22.24507107793188
1479790,36.00696270803009
1035192,37.571378294323594
1229754,17.234163575977796
1130786,22.29549340268615
1024113,356.2839079488339
1268625,318.2739087838239
1210136,175.82419050279609
1184287,114.6406838079895
1091316,132.13824624806463
1079675,87.10307973088227
1481016,190.86396765057273
1041134,127.33591606081268
1394323,140.69389695343642
1279456,132.8114080660933
1392045,248.44398987954125
1203740,226.19105602665607
1151322,23.7355555319492
1430200,63.020299728728915
1083166,33.80939822395259
1385875,36.322886336404565
1409929,19.22548047879192
1086440,33.44777633534524
1153559,31.301375672044358
1111856,384.1952493680719
1493103,246.83710354845732
1122711,216.02704727216903
1228946,968.6485674928936
1193698,609.9764071829353
1469190,381.35730762395684
1325065,22.69674248031672
1164610,62.10704277442372
1118651,57.40087657953093
1131213,349.13969462444584
1315318,424.19248440740324
1071202,476.521282182743
1221401,112.01137957847243
1176648,120.66437875205675
1188251,168.93949876669768
1223632,2596.6619293975286
1135659,378.60559344939605
1031838,420.8284236723729
1007386,20.380256379214327
1256754,28.986017724834785
1147978,40.25594742237668
1296900,36.33014721064628
1059977,21.568502461835962
1109538,25.98116081961907
1218255,427.3108653900754
1386995,454.477589320615
1150346,263.22041973963513
1411001,17.301280273320753
1341159,17.99263919629842
1310691,161.25386836299867
1102882,149.9960028731798
1050887,170.57029124600209
1354141,119.3229749245745
1161886,70.38225960198415
1357176,117.61992543027334
1200229,96.79642899983065
1279574,178.009544058105
1435781,231.311318141079
1057374,23.14622401692079
1149792,93.05102186404588
1046977,58.27497306529206
1398521,52.06485020464984
1486055,18.601051756002175
1310669,27.185151717511673
1225073,26.242026882121976
1337657,418.78187607964844
1446703,311.3009835791806
1088738,273.34631650383614
1366885,2503.378429117763
1392666,1353.1192730396206
1427657,929.3817121967418
1252445,54.53268199182019
1099768,208.20694301964852
1426505,189.62759165863915
1264257,740.1837809466359
1405510,803.3511937067951
1280093,1126.1374550697058
1088550,177.2958506798891
1358294,197.29665887072392
1231327,304.3160425113535
1295935,4412.833827633626
1357421,634.2755369313683
1424116,962.6231710827025
1303695,68.00024097697607
1013681,67.99340670708959
1055296,52.08372162228894
1238615,68.69407033555397
1331958,276.7610771326027
1467815,113.11072360540847
1344543,40.176804250386056
1237041,80.51894896681344
1462080,40.108397908887326
1088084,655.25486505891
1342237,1045.9775582596847
1409429,485.51588997503126
1004292,32.32828150451596
1008571,29.39024876201569
1322939,27.560439359444647
1008568,797.7805088627925
1284797,1171.1210651943086
1295216,1117.2336846451576
1285713,296.36862899534776
1043271,205.44155532229416
1144010,217.78927568573835
1145767,206.19114479157787
1291337,278.8860866147104
1260544,443.5087102776163
1323348,42.10858767517095
1498511,52.36924797860542
1063475,52.85331113169849
1044536,386.68841299215484
1321554,383.2917861296804
1359413,356.5965454341378
1048715,32.0749332921866
1249682,94.27378960877056
1366542,85.79670595846731
1113149,584.6265173810631
1247598,474.3749724925382
1152698,574.9194746676143
1036601,1074.3138194091762
1188391,707.7368859500211
1457208,333.8301516105091
1411800,29.183629732209898
1270236,56.88601852377164
1312433,64.48598697319153
1411635,144.51326618464978
1173357,273.81657985332583
1091113,393.88829141656606
1488338,142.37920505196556
1460152,168.29144443773365
1065364,231.21976409474925
1082944,2302.0603475057123
1476967,254.25914039656837
1435652,484.3153787339398
1291482,81.78196487185774
1345720,63.7099759928893
1316364,57.27818093151357
1178189,64.26487911356038
1082240,424.7612798468816
1480631,370.2049626263858
1384332,29.054293547174538
1246960,33.2554479978014
1058253,31.629052891986994
1495516,357.39543388854145
1077710,747.5220431563696
1311456,432.00726460569786
1070786,23.163000683658137
1001701,30.712227919179117
1455377,21.308666135819234
1071891,180.56100795084154
1462931,216.8080781529492
1213126,343.9856453286609
1181013,76.07418201174767
1332262,57.45419240381044
1323447,58.87097390873145
1204703,247.0864960252464
1343836,115.27057976906585
1145830,273.67836651164646
1114280,25.51238606575853
1098157,47.580410438910974
1419588,40.488641236091304
1082740,464.4982769014181
1433681,486.7883946733196
1067435,245.55817367419374
1155657,239.52790102353717
1281207,257.8740782818225
1490318,95.54455999160477
1084864,32.38355008765263
1435085,104.31008982275063
1356353,96.94525883229862
1415607,81.94907574286812
1334640,239.40121411583232
1297961,149.85907278907155
1342342,92.45331349322971
1029422,116.57662318847997
1190784,1799.7909581404758
1441059,205.20615103206433
1134065,227.1527145605954
1010627,49.18703224487786
1136200,37.141097266797
1382153,33.58709229026781
1096987,24.56982196176346
1158069,138.07624750116727
1121635,722.9539781242776
1150358,349.90501354998815
1077324,16.696321848712344
1215019,120.89175759155123
1363375,128.98254301978722
1137912,157.2160825850037
1468001,28.898487179455465
1317986,35.70014545407317
1465417,41.71941995400767
1172075,28.466219394769087
1394786,73.49394554084809
1175490,55.105356303643504
1363049,594.6076962637097
1358565,748.0405422279637
1312142,219.2971127944285
1473003,481.62072880758035
1043675,436.26553736180597
1189088,77.23733591628091
1103745,19.25502477500878
1077514,36.60320283539118
1200158,26.638366760687774
1468882,118.30637831113121
1151507,269.31583201747077
1007265,204.7904529515894
1185048,111.99645497125059
1488743,170.8764201230794
1134676,147.56247742695876
1217059,1555.0851781924396
1337499,160.89322894097623
1257318,171.84389835692247
1486782,38.982064707185955
1252862,33.67630194375984
1289314,82.19410720438333
1254687,215.24395569357574
1020087,105.7901923972482
1468256,14.629567958519226
1073474,64.30699639207351
1205259,85.376336957216
1201329,78.00765095646537
1054541,44.8210163399902
1237169,35.44044720711832
1035323,18.150998416240025
1280934,23.809422854110316
1155695,254.23184375539026
1211335,319.3019273808312
1328196,106.81009471785154
1083041,786.9861595149229
1025411,559.2585010054888
1275812,144.00788252592017
1132104,31.88958259876501
1459804,64.30130990746262
1052572,40.516220896762356
1123645,207.07960637045036
1350405,355.3067658377416
1292193,391.35648297468424
1397778,231.35089023782518
1237836,248.71730608199888
1155353,269.39535146281247
1057722,1910.940890236753
1274485,218.80127304528614
1497047,278.197637899904
1269935,41.324257413687135
1317971,32.3056942634143
1316420,31.36878294912796
1076136,26.08141619108108
1465717,185.50452370998892
1192548,98.16153045249663
1272411,24.85394799766971
1307453,28.968518885092426
1390209,32.10112428279292
1396591,209.29625984938482
1207029,301.3575506764296
1386805,221.40943855624013
1221459,19.704711263026066
1204605,109.49636560771457
1218108,193.5611594134892
1434356,227.93768132475114
1097232,52.73667611182983
1116834,43.051409144378084
1186950,80.27471697154391
1080504,45.29653724521058
1401133,128.64403520852304
1005512,22.763025349522874
1087904,38.95309095886156
1233422,33.3697819384582
1451461,369.0002720474282
1060105,378.0020132617475
1402994,246.61848412426573
1015394,1905.6090398118395
1064767,1123.667786703855
1492943,372.60067737901215
1410066,26.265158142738805
1139055,62.06325684908959
1489232,57.307840752779725
1070424,360.83846272789145
1405502,418.28659252088113
1259325,691.7666404539181
1361061,121.79135923629856
1431485,128.09300808341752
1064580,212.6185507754141
1304965,2135.623997450588
1047356,262.87238661230685
1307778,483.53263436908594
1457212,50.72469703396243
1213952,50.63594950783062
1191343,76.18532201828087
1154706,148.37938796908355
1271717,134.42934267522614
1398750,36.30064931608142
1341876,33.91148461662852
1422024,380.80369516984445
1413467,356.57305241036755
1325121,186.73348574718997
1151232,27.2322727105137
1279111,21.13533779694738
1360376,270.94325762944294
1169611,284.52755609909616
1311405,298.79473542888945
1310403,122.71679169694218
1248441,76.70549477226925
1329548,96.85275390054396
1046279,152.10896043360177
1497254,168.87178490263236
1163695,278.0752502949834
1274761,43.60658248431253
1495378,36.124287275377995
1362663,35.12870310501671
1019457,300.82855660342113
1191888,304.8966266711211
1013907,322.42841253921074
1063119,24.489020036196777
1234655,40.4339819222138
1259715,36.494182303716286
1284851,254.95871023363657
1015130,191.23440444346787
1167983,265.97383932327625
1423160,826.1514777564603
1434042,433.5408608528308
1129473,147.7176366746554
1076570,26.059379553074837
1042497,52.253576578342816
1190479,43.702001936202464
1038318,347.6267098769377
1000127,352.9501692396347
1011159,581.2749432417066
1495646,136.68943612727318
1076420,146.4558197614876
1010745,191.1348989310075
1402515,2976.1917468334927
1197982,268.0458502342919
1043744,411.2475356413513
1457953,49.53728754470784
1130000,27.014866717969788
1059530,52.77066511049733
1466396,20.23678649584661
1077306,28.559812676440824
1102343,23.9694695583328
1316991,386.4599398153763
1391982,308.9575555558987
1052729,185.09034831353108
1047101,16.8073313556551
1325280,17.578672897524108
1191994,158.2930823526313
1009944,104.82556866002804
1353405,414.93114400846764
1080744,194.90485331192195
1411958,262.71975638400005
1412982,72.57947995804032
1020171,173.29999861319834
1031252,224.0864962227211
1016213,25.5613282858126
1428133,115.88870224867419
1385890,71.8720802748466
1392951,20.434847702029437
1232151,44.125117168414285
1359146,38.4431215720028
1441886,226.56354061945305
1218820,197.13742501642912
1267627,177.00034114477535
1373638,495.1603806272988
1212950,321.56413138198315
1313223,126.22622264244687
1040381,26.08255284051292
1380927,59.31624390713619
1027765,52.64091473837871
1033339,236.70154470778007
1425660,411.5173108085476
1113685,246.65936559553833
1401462,130.1786818378071
1273474,152.41746081966411
1091363,160.80203103714257
1492838,2515.063754884068
1320703,332.08744601624954
1194501,383.75670747135115
1324100,19.044750092656898
1471562,36.48865157815714
1272207,27.873045657796606
1386706,17.871834550948837
1475574,26.400933319044302
1109837,256.4556076433088
1118679,878.8927252004016
1190647,409.6055981948574
1328963,17.45903114505842
1430846,56.75069716421803
1158154,83.75095102668307
1197145,143.04654102178506
1190178,66.34485304858883
1378832,117.1146042489343
1322978,180.39966636601358
1379618,337.6465701781308
1003304,333.4622895126077
1210043,19.209503894506135
1213573,23.998026399114536
1245394,61.964407666363954
1436052,27.29086473976216
1481719,23.8013052416983
1146138,39.928217625991444
1114349,30.846090335754543
1217859,364.2685911988192
1108742,232.85744652970428
1251268,475.1325986797055
1006386,473.18666252473867
1161492,408.4977793400037
1358060,243.72271047846073
1371287,26.863357554529777
1256315,67.41341181187148
1121055,37.11353811138412
1475537,82.92757819736713
1347318,231.51498162489003
1454603,214.72990101233094
1358350,57.54558692193365
1213905,60.74098562488336
1253272,73.61321692924787
1487325,1554.2631185233336
1013460,169.15936029181046
1315234,338.8568633980802
1250556,52.33933232152299
1265800,57.007413270702386
1465665,38.55341317058809
1103726,181.24974129463467
1494205,161.18624540399085
1189067,25.303359623469404
1471552,30.972140479150724
1453612,35.545058145332504
1377134,204.10485544519912
1130559,487.681799527602
1357157,206.79275390464676
1409994,26.087392276033484
1294522,19.49113378943831
1151562,80.56098319180433
1050376,122.40916288043557
1428932,197.62208211479705
1465957,60.53122455655467
1319696,38.756670805757096
1407657,47.28904445227354
1352086,176.3989395371166
1418187,87.24938932655432
1048311,164.3102176273781
1165831,27.747318494617986
1132616,49.84632101173142
1083784,34.529567254481314
1416037,266.69165036783454
1435204,254.92039917085546
1186545,107.6998000261829
1268657,1382.367517056675
1181753,743.7276639716296
1458923,588.691780028548
1344823,59.971963184095806
1479610,96.79790809249245
1274250,92.33290331510304
1323910,457.13851212959327
1003508,480.66726228067165
1092809,754.595154126602
1275720,122.09992413057029
1408837,135.97126026252104
1481979,209.3965543823399
1028951,3077.2499106122636
1373822,381.0799323719939
1378974,606.651794424549
1046692,53.7986826093894
1011254,114.96633109117718
1273103,131.00391527405978
1327930,94.84614372350086
1055553,36.6346178298969
1383239,51.50480010912377
1026289,36.00465275057985
1318608,445.4691923461675
1313750,508.37535187354
1325803,266.67024080954354
1256323,28.30944067302378
1037238,136.60259561746346
1368563,211.97216235347935
1079212,143.7101552899191
1167023,161.1261847337891
1278023,114.35165711289461
1231837,97.77222779862699
1035823,113.40060752471771
1253401,198.8510663731541
1061037,333.7400940652443
1292684,36.567054290025446
1124624,39.396322513689725
1111998,28.65438907655026
1109928,213.73467153397877
1490077,360.87434631017504
1033222,282.0762211613667
1198020,25.19384701904238
1466824,56.72895170139986
1233925,53.21163331498623
1470068,353.59702681657876
1218519,283.3312468009535
1336140,359.0849189968008
1301315,530.431960859522
1155421,433.6236223039079
1194917,175.82368440223541
1173000,43.624982074106555
1354418,70.18395327429056
1215320,38.235901061848814
1061139,129.57885654745303
1180146,262.2506792755967
1090955,249.37712600479378
1147950,71.86377234004195
1207215,86.35606675919797
1318775,73.3268986034153
1204027,2095.4833808637227
1413965,191.49563580474714
1331579,310.56174141525895
1312626,36.482301585553
1218834,45.45514047262334
1032713,177.85155568779638
1271703,136.26301037419097
1085153,24.630249890949656
1084295,27.38182180079181
1359593,25.30621697546617
1047132,218.6070088426453
1270406,330.60209689022906
1018816,189.0870634460135
1152664,21.056058199743592
1041786,22.464893353550238
1094765,21.346797559097123
1347013,90.6781384754246
1491511,103.97613639376848
1389945,170.1802392936817
1055106,33.93413064866252
1289462,31.77154586849712
1008838,126.75595299452654
1247371,74.98202596839036
1126864,149.3804594718401
1451674,23.100118032757354
1385517,40.72267208103548
1154247,27.436796121901903
1179404,313.83986257224115
1405934,367.11058003200696
1142085,157.14003545313383
1009709,147.64187821872923
1327954,134.90942717555862
1348230,30.99565953261639
1317437,27.806676762454593
1358874,107.21154213428913
1066722,124.72041106249245
1426661,102.21211409727893
1189682,62.028683746177464
1361421,86.00400666997619
1488795,90.17569861489778
1394848,762.8981168860382
1412980,172.02076710349183
1388481,165.5867137552734
1482717,15.414721586581091
1207154,18.5127839587423
1080646,127.59272426174499
1423780,117.90854986382395
1076968,61.56062382253838
1492097,13.255095313357979
1444295,53.47531368003172
1338940,117.77560676290157
1066511,124.8896426107919
1156979,48.9655276451098
1056205,60.0460450562563
1418176,77.15706087517947
1041452,24.003652905567304
1287446,25.584356215601098
1401376,21.85510658772642
1365246,16.493352954035885
1368785,15.879763489674293
1101540,155.0196320901354
1364650,52.36841811371903
1010363,100.49532581052459
1059056,1388.1333213959058
1325139,730.6389378842375
1002435,376.91986163056987
1354416,75.75624382366243
1276165,340.02498949285246
1327823,318.4023292783769
1463775,463.12122109144997
1401014,115.86184099733687
1348216,79.126002262482
1284993,140.21891938484197
1307954,2007.0721759160463
1097182,375.1028789866305
1460667,577.1182378205207
1116900,72.76362903642517
1141794,60.61585177763293
1423616,98.65299211647462
1297883,174.20624754297788
1338844,141.78920914642165
1270382,53.510814225781736
1176990,37.82453302100491
1109609,39.1988635083271
1125886,412.0630059338566
1459649,369.1528468817496
1370105,185.2968490634488
1365258,40.631116467197074
1217805,41.04668094268178
1383782,108.97810142065455
1332940,198.49290983255148
1415280,195.2765801941409
1281939,202.42877901317433
1377594,145.68209658185768
1097453,105.90390805210103
1187092,100.81615571237819
1392729,182.9189342974628
1232474,245.42200944142087
1119483,51.986133580144354
1130256,48.94129923209835
1042242,48.80336756799935
1122806,217.13504983540707
1493799,239.99544989395145
1487003,288.23922306458024
1322423,81.67277310649641
1465439,65.17306271732053
1357396,402.0229019655116
1055674,349.953855383784
1061706,170.850777773253
1188591,1663.7691502855791
1345516,737.5876556119492
1164926,547.7416930597262
1157352,32.47028977424328
1162495,72.6852969566122
1439572,73.69981080685824
1252122,423.0351042693075
1473136,370.81918814724946
1414239,542.6458027619643
1227902,90.0626578859257
1475674,108.79609169820549
1074156,203.4204208291494
1124415,3502.4196926847694
1429469,438.50529784279706
1196202,583.7128138328459
1207213,51.575537372443236
1220768,52.866509543692
1219884,133.09947184725766
1476173,67.7686513257202
1258695,38.745155748536504
1190890,36.35328172632173
1302775,28.68947221082023
1166615,470.3461339652471
1168141,444.1528067149004
1347061,216.94057331133573
1234023,21.583709845613082
1217405,20.188500269232176
1137757,285.8199668734395
1142488,554.4836353463544
1312713,658.9647655758861
1254886,211.11130564410809
1175778,78.25815944416532
1273113,103.89202449410348
1438146,98.29626981179473
1311889,140.89548084451758
1109876,268.8005988218037
1314145,48.770235329902356
1140803,41.45617878794029
1026912,336.5361651173314
1455331,284.75710308708466
1156368,249.09912128236343
1224254,26.080373146120113
1423832,42.52012566529465
1432432,42.948658423040094
1218398,452.47531094704885
1189072,349.3337271023142
1349200,303.5441767958264
1210564,775.7225264604903
1306324,553.238403432996
1246324,279.09325862659904
1007274,31.709647982385917
1416495,67.78986861626669
1482738,39.0535219034983
1112624,155.7754734050959
1071982,293.27632555718935
1007464,237.5662543903166
1032604,136.93676260579375
1373185,131.79407677279866
1491158,126.72753565471615
1185291,1991.9475407202538
1364764,245.32263979819368
1193094,304.24767692751817
1386568,39.18817872238531
1204718,39.50687129661017
1412333,37.09065240904305
1371558,45.49151675251154
1107600,143.91193848670414
1413888,140.90951992511253
1427250,24.684384131782323
1044881,38.74484216987488
1332733,33.99844890616441
1325149,261.9121150569153
1286591,368.01986642804684
1066069,230.35845188182464
1274735,22.295466250675215
1471120,30.307744154927935
1252651,94.9904160349311
1477762,151.3831683238694
1331846,183.53503211634285
1368853,54.67268062125043
1309782,51.3036960891639
1105042,50.52898828521166
1099051,140.39242806805302
1294198,56.47679193072283
1204789,194.0810304909724
1341777,25.311688032287588
1455309,41.2866466280714
1433285,406.6871174310026
1012505,372.753295790891
1104929,211.81223950556668
1114635,323.1866354503925
1084924,273.29748466849895
1157371,100.30424510192546
1190987,27.415938056219243
1041636,53.01190465621758
1089516,37.98474797044353
1020854,101.28728781779135
1307783,157.33758459243842
1201333,134.3302172507224
1462723,81.11998363987693
1110181,95.47188017569181
1165740,109.19117682441987
1398485,1421.80365511524
1071026,182.213253575202
1183503,251.9064726432477
1215898,48.100367916007855
1052604,30.21592992967537
1239988,35.50150416110265
1363046,33.27680364380859
1337424,113.5512846150828
1015074,82.97388273764062
1221444,25.214990852092352
1113063,29.019383712627263
1154806,29.565194650853627
1109703,196.57769719646348
1021912,374.9814073968006
1298180,251.71452108956095
1384906,20.521830087986846
1308789,18.594262793176583
1427380,144.30796320732338
1210445,199.41410271043583
1377696,206.0359666485331
1041733,41.293062529332495
1458994,35.09688607800815
1455799,37.367152761903164
1341588,50.83431228274518
1034394,41.567238505995604
1396890,106.95987087659677
1429960,26.00594054172006
1267932,44.17589831785193
1211830,31.103011223279758
1272619,335.03292078510674
1095155,376.585711751098
1260998,139.6554895984983
1446344,2579.574870440095
1113545,1847.665706631474
1165254,733.421764923495
1035393,73.7000133011816
1190535,152.8267386009482
1135656,133.65529452025436
1387179,524.142991245085
1016058,534.2429654288072
1213128,1128.9005116656026
1498348,95.65226015946746
1037275,104.78027677504933
1306497,200.70084057083642
1173215,3656.0190831829177
1313071,720.6957664443037
1243501,1106.702924039571
1181479,154.2651507499376
1251517,174.37190943555737
1019878,98.332820664953
1179192,220.93034213108888
1395274,363.4838368952049
1323008,237.80695571049168
1277683,78.81751466072939
1348796,72.22260666807034
1357767,48.06561008354038
1261781,861.3172766150375
1317465,729.655654552885
1404060,338.5970331511394
1067530,51.59446607117065
1441892,51.46923217615953
1188240,530.3741314773872
1223568,751.552471888159
1477410,803.0875574540665
1341241,301.73187455550504
1084874,183.1941204310828
1176180,219.89586330116063
1350329,158.56867808686164
1172618,259.85706409509896
1449340,427.282380712129
1377191,107.82072858388365
1478466,121.3116909804768
1412159,114.37905945979531
1415286,748.3947171945925
1496971,513.766090383154
1429780,446.0392841794371
1018985,48.08069589994432
1463282,83.49498278625482
1228365,79.13547465558821
1078001,643.5699331428262
1097877,448.9667380944484
1145821,335.9652781944999
1168967,1009.6972774541583
1102821,545.2149311395681
1440816,260.36468907915713
1307971,24.39389749144903
1480181,54.26650689708368
1398113,44.25103803527933
1481125,299.75408521353194
1238037,116.71148705211242
1302813,110.43411116575264
1157998,170.79956765823485
1100814,1790.8740049304106
1414249,200.93858771826459
1064239,320.0488676498241
1239602,34.10811908380497
1364760,86.16235480777198
1087470,73.44388116925565
1122068,29.56378091440689
1101824,37.06035337130967
1318121,27.347479256439527
1459062,301.83559407562035
1150712,195.80309704943568
1097552,107.75978925205071
1335537,506.449966603656
1233535,570.8480006193811
1253969,34.98434289875121
1042781,38.65564266893287
1153942,86.89660587918212
1087640,123.40278751054035
1479828,214.90403655497298
1140662,47.466208426496415
1411918,42.45514816624983
1149789,38.900542283737
1359316,147.3967019450654
1312063,104.70768317551888
1272016,115.63745239153695
1140449,24.651200934425255
1043355,38.315785478871085
1025691,35.205755359390984
1224186,174.32101392994792
1426162,142.56069553894196
1048220,146.54046706445706
1025558,1650.5787901096087
1047097,833.1715742100682
1422931,649.7338998014376
1471480,47.62020191680605
1415987,119.65449855311678
1079860,117.23201786173152
1351993,438.57374227604805
1461917,450.29991070767255
1148180,593.3010487991858
1196301,92.06321708314309
1093029,98.57829332365559
1045723,184.3651121360091
1395446,3468.2249266146187
1231823,466.6739477447549
1218303,709.7005295537189
1221218,73.52762208488762
1208015,81.34416152265506
1395932,55.52335082344043
1133957,88.52128416699675
1120215,216.66954803050032
1061156,126.36464782979573
1038221,53.81973822480849
1362836,52.748017895564615
1297712,36.57933080232698
1061253,502.29410198763304
1400730,558.7981963983981
1123458,247.45093101299014
1166811,34.08077185109806
1016126,27.142375067104517
1261795,30.522449808504945
1139004,464.01425769693924
1207970,792.7062329115734
1006063,672.0285233280694
1201464,152.04059993588615
1469353,104.16361737223976
1237384,118.59875771419269
1205460,124.01265964821981
1184746,188.66378278830373
1051349,312.36690025661653
1309800,50.93083463035885
1191930,50.08760603967281
1482127,53.43966844504022
1255449,298.5876278808966
1134444,338.78279913137993
1198260,301.0261502189576
1461834,35.109334864346685
1440765,57.183114525067616
1272010,60.999850348611645
1251272,461.73374816143
1062635,330.2530969771182
1316515,268.4779367445438
1215917,346.92680975776557
1095872,233.46030312524192
1329014,108.43001758661016
1425452,23.603710177104034
1187938,58.07605014806702
1023244,35.81588229114318
1175478,92.78017432777817
1126925,139.942459682154
1398366,107.58309282670356
1152312,75.68979040697626
1363630,88.61447647781736
1221495,103.03439038647176
1058161,1209.0598034898806
1049337,152.00467733857812
1227943,238.43708977989982
1224486,45.10376470978632
1304927,38.01401176752456
1011053,29.28623722656472
1286223,99.92399607268587
1283181,76.34706124657562
1067400,20.564433701291314
1441563,31.980270391791805
1418704,24.841375296536064
1000531,172.60893530392926
1044876,307.90769028845267
1370466,180.54653483992104
1174805,109.83600092500502
1488970,163.24673321851833
1305781,179.19533905617632
1009743,39.87413510926321
1029249,48.074637822122526
1347941,27.151230477772145
1493775,54.033311944153745
1419171,23.30961907559231
1301631,36.35139885672019
1434397,33.65028001461622
1320423,241.25524127689636
1125818,274.1149364079967
1491444,128.57394231947274
1440692,300.4782073094138
1143262,205.36578471811498
1429564,61.90072685190629
1403272,24.550293864607543
1336168,37.94122431761173
1103794,27.170409966071833
1100366,59.5152833685019
1231147,140.93227311762587
1318939,95.81096852824874
1323615,61.80575198962826
1400460,63.39797047642831
1267608,78.39167965533115
1254236,1070.5620777500055
1493015,87.85961607868312
1397681,144.0920196595452
1432364,26.12811232298121
1147010,68.4984508185084
1450106,46.23899108070118
1301647,27.832890139499714
1398942,24.319085638810343
1468483,109.51260193475704
1390931,205.0180720779321
1209189,127.86996676267444
1488426,70.30824775953836
1225360,97.79478837788571
1240032,110.84406647478932
1350236,30.262589901549426
1223002,41.59314325272333
1302037,24.542142596093203
1087910,46.094191241610524
1268663,23.34268810133542
1320986,30.767962818685636
1446108,29.410453233984644
1233956,170.5744652276279
1175659,175.2385549680762
1400458,81.36175258611966
1105463,478.5243055482407
1251776,329.44842060572483
1479035,194.74620991541406
1313337,52.18641164532032
1227743,82.57038974001841
1210597,71.50030492878498
1081595,86.81964557393825
1451525,265.86265525483503
1180851,196.15851166488932
1144575,55.15786478206024
1219773,43.3826258769767
1393045,50.0066911500049
1212895,1819.6615401211982
1037638,263.55785843656867
1207482,564.6275870319495
1372137,67.61005300327984
1374959,66.85435225603175
1378330,60.21611701308593
1359565,113.28646741682641
1321731,257.7665599481732
1215039,246.3415678918785
1489247,43.52761803510108
1176682,53.03816664716129
1388982,313.77402127819227
1020188,520.1130696716903
1255737,251.3671374336108
1473804,35.89409295457964
1015629,99.87085584758245
1461366,152.03011739382933
1331567,168.73692990303383
1132288,49.40064786590582
1387910,47.14205584889154
1273491,46.34453426546886
1262326,184.3699513689039
1346952,154.9243054742434
1174172,301.5047594458686
1215881,46.20770180006457
1033219,77.12270984924272
1041770,72.58993061775656
1218567,448.34158464272554
1402114,377.13723213758846
1276377,120.52544299479287
1231259,82.03900320170587
1049402,89.5648068625008
1431933,61.50200737163219
1002726,21.07688298250176
1432281,36.362869115687296
1294224,28.30042461199136
1049747,81.75127583897053
1402031,204.03270597854157
1099823,77.37031987804546
1333295,90.39926093772524
1233979,112.30610394612049
1255867,120.68289494200903
1204185,1271.1311300555456
1157387,125.30255257879277
1061848,122.65844495010306
1282758,68.7417081542489
1084106,209.67205446619062
1387632,124.17017566528875
1404581,82.64103621578137
1399873,105.11084192573159
1469693,95.67181618030978
1312840,25.642645073262308
1367681,24.796122186810447
1287575,22.88039344719527
1158242,20.226004739503395
1042443,24.613831338266166
1445581,23.93256735565349
1446321,249.15562253377215
1080016,262.15912781464715
1456847,158.41548853407892
1035890,240.92821156839793
1482218,168.8486508814958
1011587,57.417968245507204
1075257,40.142160553440675
1388606,41.92959411092101
1294557,81.61665793024929
1144032,151.18021860551377
1352556,96.50487430198946
1379192,58.459442956097895
1147337,56.24838987426914
1059909,54.116214330826764
1499828,1075.951829702181
1128779,89.21194906046016
1356527,108.10730510601202
1144794,33.735895762610625
1493213,30.79446707275555
1474599,17.74545215024075
1471305,21.011842965335873
1230194,57.54677244712414
1278981,115.41645281587228
1424334,56.37991426381349
1132799,44.36802712756891
1167044,59.390432053471706
1478019,55.378656600613006
1271271,23.9064788791137
1290510,29.397777101997765
1049307,30.89687351083948
1238277,20.148210534192167
1266690,24.331446589376196
1199433,29.73249368101859
1088470,112.41863702258318
1324588,113.08081146055947
1060321,74.29603733915688
1310566,1002.7759146199353
1225001,516.427384442408
1226502,406.4746117122831
1287196,26.47272438254451
1071387,55.563891675421345
1328779,288.0826990931218
1031721,260.33457005806986
1388615,443.97340630856115
1314481,141.5680665658813
1108889,138.00597031438116
1300350,219.23038113650293
1358310,3157.5929227976985
1356066,300.43562590436767
1431400,355.7306333216674
1311218,42.0789964405949
1182403,35.78728679593093
1116567,35.80320139632334
1377731,35.414615556759074
1167940,64.11729866230752
1302524,51.229618394037615
1169331,29.21616275939201
1359107,35.97344882881946
1085144,366.38999397292105
1028427,224.21907768032872
1021678,107.4063003202925
1476370,21.616229372108013
1371620,209.8477661093757
1062346,274.39513819493186
1049778,292.52255565249
1222112,164.89559802446234
1028218,90.80882830104918
1102147,121.72349245008971
1033765,88.05724043472118
1398637,139.98574922684475
1424899,230.04915850727042
1003967,42.3644456305609
1216755,40.637110501373776
1382848,154.6971426099337
1006636,128.72362257273562
1255187,107.98340085493511
1002825,25.155504838088294
1432434,37.15751365682674
1458669,30.599679205257228
1136618,256.2446333032749
1298435,162.901791020822
1017459,196.50589107837618
1480827,694.5764043337554
1299518,478.36361305819855
1176115,202.12533316614403
1215512,20.53153661524117
1356082,49.479015600669484
1133587,42.89075591695879
1386654,193.02956558250847
1123716,174.0783554050042
1109478,154.11766969165237
1438311,142.49800525811588
1114154,166.786431331393
1150037,198.71698313706116
1066068,2306.052779149701
1351758,278.1001639219914
1435257,264.3674359970485
1112290,18.061187534180682
1402527,16.38002059605523
1443517,25.37170971812623
1020688,20.157541011883072
1113888,216.27260837449575
1307127,348.10873157314546
1497480,202.33273929794998
1451868,16.611052590272585
1252788,63.42166870363033
1408863,85.80507210463901
1208940,81.28920102452285
1466302,28.274277763804253
1303316,18.27657204745281
1158006,31.11325913982794
1384034,112.82366876943476
1309594,121.62418158737466
1346198,193.49775817333904
1352497,25.54156775906504
1362391,33.412797719809106
1027892,34.91814815162144
1418720,26.738604132696125
1310185,22.781844970475785
1445820,20.530821611263782
1050364,328.24070113075345
1249726,239.9548258077993
1337606,298.9407430305504
1475476,328.29612147607753
1453888,225.66834641266328
1305515,82.24284650972287
1140432,30.21623392801053
1239456,41.707309573392266
1070446,74.54341511717065
1119188,134.60975811431032
1218581,95.28611591216071
1370288,50.09770877398539
1375139,41.872736916989005
1031326,46.42190580551576
1405867,1505.4238057654848
1028118,172.36874118320262
1044889,339.6490610415115
1481854,48.54723113552535
1373268,45.9290462876112
1246191,33.481146772162404
1469635,55.444341028859704
1141599,115.48982531227824
1206791,148.82757848378836
1227566,35.81495715554132
1176711,33.78050531877365
1071025,184.85706260623365
1098869,301.7526309214555
1134748,188.39813387944957
1431191,22.539305626417065
1321009,25.349714045164347
1014062,62.77473077026915
1296580,105.07967809333148
1286715,129.7408127328881
1281292,40.124213616835995
1172572,39.20481944077943
1374201,103.8475974237567
1263233,56.69780097732893
1481851,127.66913355268952
1245821,34.3842659594442
1330516,47.53773432960819
1321932,44.53118348097282
1237549,319.8043509660382
1146827,324.39389273314987
1457955,65.13695681480714
1084735,748.0649139830956
1372396,560.6781360971439
1496028,243.5751925527655
1296951,26.180133633525294
1118153,49.313682019888944
1402941,144.79545431950044
1484875,263.67523367065724
1198850,271.7029332540479
1283683,105.53379193993808
1356046,111.86736994933418
1224330,162.12412524866062
1090698,2177.78777321171
1295691,222.03504083782553
1292802,397.18633237338275
1475126,78.75724590714735
1429767,64.31334602221594
1020680,56.44278687796664
1356602,184.31390865008706
1199633,185.62182379472245
1217087,29.930279290419524
1033763,30.56540518134895
1150992,29.67476607619633
1014413,317.007980367144
1327452,392.5977746520118
1319045,276.03526010110176
1051015,22.56156071495144
1243278,27.824917882502373
1285602,23.61546644947302
1019836,154.47759623234717
1352515,154.34518188029696
1282703,256.23717099690674
1394147,87.8644028857148
1376159,55.615808114323166
1025888,60.54864114929446
1318041,151.0628876500224
1391652,74.40343887366359
1486220,167.11777785673954
1360701,24.386696974444995
1270031,43.01255035228889
1438003,29.13803293769842
1120877,392.44438890866576
1489926,394.1816304081643
1459041,232.97482011669192
1263948,163.62454484465098
1401658,111.71483918237065
1016096,40.56562233778961
1414784,32.77127182513367
1135055,26.535545968143193
1165756,44.38265038365507
1029652,93.4922790382237
1176747,65.57840447121481
1297987,65.43309207624716
1360564,51.03296378560402
1353409,833.983816468477
1055062,61.59278039138758
1331601,94.01735455768822
1400538,19.58596156058747
1272139,47.42434062624109
1121842,33.02609344373323
1089929,16.12532272020998
1350289,16.132366726530616
1300844,60.21615587369488
1083292,222.49133413557774
1360072,131.20136579457537
1021981,14.579926722752738
1372749,13.528004018593203
1474101,51.565961228687634
1380886,79.58334607881497
1197547,80.61944606350508
1185551,23.384488603620536
1493218,19.257575986838674
1429824,17.207036134310176
1095993,17.06548464398419
1196527,136.2803066052052
1012703,110.3639889405834
1379033,46.06187535824082
1491023,1639.34348005979
1171211,890.6401351636163
1233401,689.0215027821058
1322706,34.21754775911647
1402535,62.37383913801472
1417777,53.961752665199654
1433797,269.3849001673927
1176726,231.92030144235028
1110072,408.4074392535649
1319585,71.09299790269858
1069064,53.86510620282147
1422708,104.77449563569891
1117036,2640.594692413131
1144316,328.86637835087225
1337096,502.58425059398627
1110407,73.24095838629401
1031522,60.31365399368236
1210516,122.1285855987303
1282552,191.93524745488696
1103032,184.66847730201482
1134238,50.00601988213875
1173143,40.27819029013126
1460062,37.953923175611095
1289857,386.91409601555046
1081483,355.90782898452346
1293946,191.9218820832336
1169768,31.109793292866215
1019604,31.401354419885656
1373197,23.95682977351921
1057638,186.9576914614559
1061420,243.2941638170229
1010307,219.62432191484572
1424009,95.27680584333052
1143977,54.200077971924486
1484953,53.59049269899786
1461892,75.112128874594
1260223,127.41297151195388
1235435,268.08360652520196
1054157,65.94793739432234
1080254,45.97518857967766
1156508,54.50344699439944
1270266,228.98594931701564
1207528,359.20486113404394
1091118,351.56832696142226
1476847,35.387478885673396
1136234,44.02946598337753
1233036,45.424834423258204
1238986,324.3976789576805
1325999,261.3530983101591
1456063,163.74220712811007
1222185,1163.353097302165
1000914,684.9640477134426
1391457,330.3907641806353
1154903,42.895504211723285
1282451,51.88530609874196
1153827,44.50853102204718
1203036,363.6451282358773
1359060,317.78794129261706
1102552,518.6674486387133
1482823,181.269928788809
1308925,180.62596730233804
1062083,238.79441435324426
1381272,3451.44615685951
1304391,347.11242889302804
1366625,408.7194180484467
1486675,43.778345586973664
1467660,45.02898230472879
1417238,46.50330132645295
1265645,38.53458961623802
1307235,30.177074761985676
1116488,26.412309562494816
1056319,394.9284234010897
1320396,247.88636176095312
1057904,117.88599865062655
1313695,20.301969918093715
1363498,73.75559395508382
1196056,138.60114124573906
1142410,105.63631878513709
1448722,97.51575444665876
1399814,57.465020677400396
1234686,63.985644285899895
1031013,93.0802962923239
1237510,149.87000321831604
1454059,214.2244671519015
1228616,45.910668591282025
1140133,39.52421031665129
1175672,31.204983684462412
1142843,101.57508937760782
1485113,231.4701465664783
1385344,129.67911670158074
1119550,22.686475451677598
1199984,35.62053457167052
1496575,31.16564893846605
1009225,276.28465215887945
1049774,218.7709780406281
1340348,223.62683213746132
1125502,764.3801962827832
1465520,564.0049147771957
1113406,318.5332888814665
1162490,38.12677674278269
1139260,55.12208802340937
1252295,23.26247688800793
1306567,127.5559141139168
1165362,231.15649944375647
1207409,228.03623959427273
1269716,103.40247593772844
1270504,98.82806585344656
1277434,140.65241142188236
1178206,1865.434523588212
1264587,191.76963866203093
1114439,356.2049109852731
1375688,72.90117981506877
1277972,63.06032361469943
1217436,53.158191126519235
1174466,66.46816921889818
1114608,212.10939398784666
1293797,164.46923803805717
1317154,25.755930410084503
1240320,34.21071617953443
1413250,30.916412341567717
1299662,281.8893564703755
1161052,377.6336150985767
1381124,252.9893146082072
1337395,102.09571723831496
1330452,165.30247999007486
1183080,226.89472527505174
1116990,71.73017104542684
1024218,53.62903922818628
1187068,63.67152902182603
1321905,127.35766144135994
1321815,57.84319918152727
1022883,133.817716166776
1112746,24.907285702770515
1499105,44.65004533235265
1303623,43.84761144823381
1362036,331.5717241835232
1300135,327.2906590204701
1388988,128.92348453572583
1128508,276.057270345925
1443272,215.75958992311232
1293085,84.74327811489671
1456990,28.1936882176073
1331381,38.085807435670176
1264789,30.147635217675266
1474583,79.29905378844865
1117604,126.40007630593392
1211899,104.79915080853472
1308012,98.162693314655
1068633,86.49635387275099
1312066,117.51007652911241
1162592,1063.804147098982
1202168,126.73521815831216
1251786,164.8845261895913
1444312,35.80099018289101
1349255,34.2598439239995
1140050,25.563273232149736
1289787,18.379928285863468
1491526,136.3694224366265
1487137,210.55442251393677
1071687,137.34123363503375
1300579,80.30771115145536
1171591,133.49711207476895
1055337,125.82650483182346
1473987,31.958870321088412
1399761,32.14208457500378
1274564,34.212130908051
1269004,27.80540878743574
1110962,44.95931345725376
1227656,20.323783758322325
1419068,24.758333378501895
1463873,22.73767102639764
1402030,218.41185579051103
1146461,265.69103082495093
1309768,128.39243879615276
1024879,49.57306109194444
1195370,44.59136407412995
1432323,21.418114347958337
1192832,20.390593485447603
1139374,22.35216654655818
1251873,42.55493043205408
1425548,34.955911279779556
1420456,75.7212629485389
1386849,93.56911298940335
1367988,868.7097066825769
1426570,56.55927630773312
1489321,56.49623106026039
1205477,16.552648148736075
1173914,14.161545221819823
1160894,40.49643542137559
1168852,195.7814781752056
1113928,75.0264844804428
1222271,15.330989782904869
1425594,84.86932143731714
1116633,106.56555389596326
1043673,105.9861816409374
1139943,12.88200791763531
1222855,119.67054632761875
1231529,58.28061912507129
1361358,104.54132979133624
1347690,762.6088476065881
1325444,394.60761610466193
1118472,278.39144648969085
1269724,27.03390282136727
1084827,61.65971690172493
1185867,47.42268358737397
1197167,161.47027403370487
1499035,169.55609846080387
1131544,281.7465024534201
1251976,48.81099269999044
1315178,84.94123956092795
1261856,1320.09631439416
1263106,144.09888253499113
1463681,279.60220546996914
1227492,39.75768492022389
1361780,39.67850055614382
1478158,30.040590581983523
1115766,46.79559103582316
1473259,99.97071403840614
1211035,56.971497109423154
1223903,30.130014594223077
1438832,28.936931849344873
1481698,192.929164764877
1177597,179.75572569996731
1155127,125.86105088255687
1244735,22.394901073069242
1433866,166.5790760632522
1278599,233.7162165173548
1395217,223.3079531817783
1033551,107.46368845431904
1415100,41.78765910669129
1156808,64.38858963376504
1151999,64.50563853204734
1263309,101.84278760319208
1172110,176.37832418774659
1360848,49.508756684901414
1225582,43.22780718219495
1238226,38.323278827674926
1221492,143.05208174413949
1227242,134.0288413144857
1339516,125.9785155252651
1486528,23.921785775917044
1100757,33.54471635861926
1410218,36.08984798403118
1132798,147.65852825547907
1381030,109.2332005328825
1292348,116.92734887663026
1263998,461.0084992554232
1171030,272.7408676793459
1096804,123.79539777927138
1450673,21.922656950814538
1414571,27.9210584652529
1017270,55.7702774738163
1060387,121.03298481335882
1242119,118.89451014495704
1452755,43.05969781810925
1403191,38.91767697285331
1048938,56.986770252182424
1210751,1115.4814669882278
1189297,177.31129994882806
1164305,263.8317851442093
1111577,70.472365187818
1041201,69.36766547571699
1286442,55.45006018497294
1245747,49.05188720828094
1050380,143.7427338750853
1276162,141.50232504577974
1088612,28.28939568701656
1245639,27.006405145799494
1133040,26.816339546174977
1353005,238.37979147997044
1482150,280.90890709926896
1001037,218.61384622947202
1259996,18.591385438683464
1304546,84.27577728790754
1032834,110.02271575973205
1255320,182.19246426381721
1245004,48.71853067729287
1197587,32.70185393172172
1197492,46.760404384411835
1454073,110.83037305129132
1190207,72.20027535445827
1092532,188.78779934992124
1138143,24.881145443783144
1321540,28.39463977766592
1297442,240.7231532236577
1136775,179.39535655433093
1352852,69.78326222582686
1138673,2234.61524761751
1175473,1253.6996582580184
1325558,936.682131154784
1301604,35.02835110469512
1339781,79.93544648236842
1495463,87.3467065088729
1362178,405.8065726345806
1025247,361.56344842383123
1445468,532.2306376376778
1435668,84.64120140080651
1121782,84.8288526656491
1355617,194.93852237024583
1258300,3898.5872565185614
1495420,427.4025056936651
1188205,660.8335602804358
1261755,71.60991627951661
1205071,55.646760063513156
1192336,42.362543703092015
1468731,68.7780277829253
1005332,227.66778523685593
1065783,136.5888275275253
1201129,37.93627722385381
1380060,56.60565680482162
1483696,34.81124769218173
1047140,455.3355822765942
1277215,507.0303869769543
1490233,192.87464717068372
1088986,30.393765456196046
1301668,412.73514389876516
1036327,622.5352623446669
1290673,622.3377925938761
1316201,170.59416496162888
1179480,105.74991015630208
1387257,115.6214977214571
1450663,94.48035532985286
1392222,138.81900407914404
1203171,292.3739263803628
1450107,56.84016833022897
1053905,47.965107764409055
1461034,55.15900484031672
1439454,272.99801534810035
1424299,373.59490434163035
1287364,292.71804988881564
1127484,29.771677426233328
1436002,49.371641212123734
1038852,52.831882455361175
1173767,362.6174646853712
1154170,267.4851944252168
1316352,296.14661575113456
1271542,86.06341395360238
1104690,82.75709023864653
1403213,38.66348189859081
1115564,18.442303924457857
1019496,67.12195334752032
1266012,37.42946877230161
1314952,65.77929089259067
1294366,129.920043839374
1420814,58.467711080704646
1240207,59.15008910832172
1079149,59.16631028962644
1017146,60.056462656016706
1203613,1326.1088740367695
1107845,118.17176836891245
1143676,122.25026898327476
1103583,19.616141100650733
1145942,21.513076640528215
1148385,24.864843520205046
1156704,18.703068635102575
1026147,61.9505738935046
1287164,454.70941941193837
1116620,197.31547067485454
1325619,14.089610831362672
1421430,83.83953887619529
1061575,97.54460116170193
1337054,89.69556339437416
1316677,19.227625238743347
1167018,21.183099836942766
1314631,38.00369222319688
1492637,29.700862437352864
1061472,406.7931995518982
1066515,448.4248731083349
1000237,183.63348453127986
1095601,829.6087558326558
1251129,562.431942523785
1193459,388.76543426036994
1352845,24.756632128117467
1394938,42.69966064030838
1107553,34.08621849119132
1413805,297.0855381396856
1458659,375.16863758810536
1441231,67.16245377430471
1162420,89.63940063848399
1271507,153.4173566027581
1413046,1753.432406999002
1089623,207.68251787345463
1491051,323.94356068029407
1490279,30.600073478218956
1194113,26.858134552114983
1124427,34.124365963602365
1487219,86.00135700365458
1350558,64.48930690565527
1449547,27.003827064902623
1207523,25.06978334642707
1374767,273.1713279608809
1062397,243.37744594930865
1128597,142.61169237464807
1065924,18.844288342711376
1441542,270.88361959140707
1257698,427.3105289020124
1444290,310.20133060517395
1451414,51.3037820531325
1043957,47.89574071825734
1373757,69.00172189333539
1219727,98.98238378956155
1318474,253.42087026266697
1219711,42.861667852625864
1036885,35.52512735450266
1068866,35.214050883155465
1188384,147.44407031311516
1295157,75.60191431956507
1381768,97.66163671985149
1488755,19.828388562463264
1237785,32.01302241759796
1430193,27.802204855957413
1251853,275.77398945636025
1147826,209.4880946819132
1133252,231.1955753606105
1341789,1012.7213323614255
1280894,515.1341554253227
1159601,295.9284867227209
1045452,36.57844906245612
1494843,43.64732864032841
1076974,42.26177090507894
1349421,212.7013646885736
1274572,198.67884859353754
1432042,342.4128394431758
1338612,54.63393645010235
1046381,120.36448490214607
1241247,2242.9634148640102
1294489,212.35582133359833
1185615,391.1372193153502
1443391,80.77474289755453
1216208,77.53883684588132
1149470,65.61548033061551
1002439,206.68153043047522
1115754,200.95436100020189
1405315,35.75333700466164
1220660,30.851749713062333
1339963,28.904728968440686
1073468,356.4616375761263
1288220,271.7500408589566
1354149,164.24937528470463
1320422,21.638100455102336
1153097,28.736069612958683
1287733,157.57010546849716
1322822,280.13726246760046
1086325,272.8289328492037
1308336,119.16415232735139
1368778,100.98052077209181
1208742,61.67641863133725
1237123,78.27231210319428
1105577,117.26124634276763
1201804,240.7389935318993
1036178,56.63713428601617
1226196,48.45308619646648
1158425,55.68892529143003
1494002,232.38491840571874
1056075,222.08040085613223
1237960,205.5079391451509
1427037,24.67582013496883
1450481,37.35316236014256
1363262,35.28381533425597
1417288,258.8226029938178
1141529,174.89694357382353
1498763,148.0872120288752
1368952,69.35362753758496
1442046,59.06956575387146
1013564,32.79269126970151
1145496,21.197150551171557
1469983,60.68303859454304
1356790,58.74797581946649
1292764,84.57401593117395
1213627,68.73777701127392
1182264,772.9162041965698
1098551,90.55195163994348
1079642,62.08938931422098
1179564,13.824504989063941
1025744,21.347116603373728
1183189,21.290036832118407
1184297,17.61461577832136
1093850,42.833703889569804
1330035,350.11167310844235
1450161,193.01601820752003
1346626,100.2645245201908
1055652,103.1584731576429
1195185,89.81366523049505
1148634,20.024803089913814
1278952,20.648479425351503
1067294,17.780751494748227
1046741,20.480228410995014
1265951,16.191949617049325
1300214,35.08253020239709
1107432,26.556476748037102
1463183,283.9878754598301
1281332,292.2871553412659
1292460,136.74440891237825
1197323,561.4160080517786
1071315,369.5338451800042
1076174,236.53642545322214
1246394,38.43170089464751
1103208,105.27670019512735
1237425,96.44327876203005
1497568,147.37345526058732
1133254,291.0055070826782
1204857,237.7924575221756
1217303,81.73801556173969
1356618,74.81722776481836
1437446,87.45794554340743
1214026,1711.1364370953677
1446810,263.04810511821614
1148475,481.5476703109508
1295424,81.22861578207221
1420350,60.33558053473561
1449451,57.509989854930886
1148750,248.46546798935293
1215972,198.48120750574236
1323629,41.52677972243749
1102858,43.36784536969596
1081770,38.94575951640889
1471166,274.33522264861637
1067847,364.67225102446
1427690,206.5840184981145
1317813,31.414054067226765
1043065,27.902753793093545
1100547,99.49351780306579
1278379,186.6003204658461
1239530,218.1372174464911
1233374,64.32894964504443
1431065,42.08448687871502
1463915,162.7171345434209
1117031,119.57075780642042
1187963,281.14225713426663
1223264,39.32441236350338
1297409,57.32242519359152
1208972,57.94179337784722
1102430,390.84900712681844
1474898,356.5091633296637
1291095,143.14011878432396
1028916,402.0936952191651
1124463,285.64883971322826
1340396,65.78606069522188
1222836,16.72747551292779
1013437,49.360343722807734
1456018,107.50751860399643
1036876,257.97575170359124
1486601,173.45612323686183
1238863,133.40790858382096
1042125,143.61882175505815
1482372,156.2018045045726
1053604,1411.500148027874
1056436,170.74676769767055
1271238,155.66040066554064
1142944,25.82323440674583
1068268,47.174523561339285
1323791,56.41519254026926
1227936,18.315286611247142
1027805,22.3317117500548
1302218,146.234993876272
1459589,184.24915007105884
1144960,99.21363956983507
1162539,15.606343145438274
1319182,76.86690717136425
1274740,133.86616149452024
1071305,95.94395083643448
1057456,31.881469053131426
1348911,39.58600777380733
1315441,28.96099654922978
1346976,43.464152287338145
1359818,17.467760179980377
1066167,23.304028242686368
1478541,242.49994539644797
1426278,329.51716115100334
1455569,136.2130770529216
1291439,1972.8797957384106
1466747,946.8380500484178
1381463,357.49234010450107
1024922,34.99746783236366
1498440,54.895139123177316
1133390,53.45156202105604
1065475,339.86992744651366
1316995,276.27479915052584
1391805,493.9652451894685
1166168,104.62575201973097
1304194,101.35149164795351
1171600,176.1792379212271
1289811,3217.7169315975807
1410167,310.4606430197388
1222485,529.1921084600866
1273699,40.96556903253482
1124837,53.49928272300351
1071845,82.79338206654214
1129187,60.51045810715168
1040528,38.03048723469283
1011546,35.15887497176971
1317257,28.506179738290164
1296819,398.0628233384614
1477335,331.87437222890634
1064636,142.04067949653893
1378578,22.325599763233345
1396028,21.884473258128935
1437845,21.189601270889423
1210423,81.5501898651309
1214700,116.97706117575802
1417694,168.45890488608663
1408893,345.75917786063593
1255517,263.589761101978
1490021,234.01809904538675
1044217,97.05480156437851
1102828,201.63961272553124
1308103,238.9466688906345
1029438,45.53340480088042
1147448,47.70348947558705
1180567,31.40340140116536
1055471,191.8305419535744
1364734,173.8992437550601
1172936,140.86173781572478
1233491,27.553427341147085
1218270,43.298172974131695
1397443,45.87669266678184
1493367,279.69958334527536
1100337,192.85400510571208
1464291,182.99244134521524
1205352,514.2655245333282
1488828,215.990188085021
1081336,64.00221655788987
1352120,21.187874748010316
1441344,50.554092729514494
1392642,39.71594976936436
1305871,74.72447338307065
1367679,209.50348071456014
1227524,104.73244020143555
1102349,75.66514598697395
1153179,80.4785484136991
1098178,90.56305237468713
1414645,1255.8927693009764
1327982,159.5192643005336
1344090,210.72072747954883
1090713,49.937142357389234
1271005,41.4130963885288
1453811,37.46202041780164
1476364,93.04960692911705
1011568,95.556049346516
1267896,26.531733401152348
1219427,34.41522365009266
1078903,25.882502939100547
1066252,144.30995082492862
1489889,335.0433924268025
1355379,190.04039846942774
1269505,18.755385029053343
1395715,19.16985033181913
1176424,19.055366941732128
1143026,99.62405527213593
1413929,127.90063251978177
1335032,157.41492840621908
1441521,41.15070804653745
1246340,33.44167758853099
1010649,25.79248314943634
1226646,50.06391271094966
1238200,28.00266760334917
1422436,42.60523195273115
1103810,22.843338110895733
1389176,28.93294127022789
1422043,221.84791954576878
1046510,199.3022071451063
1251652,120.22110163809971
1020182,621.3666466482821
1106208,413.59382526469165
1019222,171.27185426779184
1224601,20.877574449216397
1412784,35.765911589731225
1483334,100.7573238449816
1115459,151.04132493458366
1340117,153.47423085778166
1444837,88.91385707042694
1197741,134.83191104130552
1499162,124.72003116276855
1042279,1241.311623894937
1278195,151.4072033126007
1418429,233.0989989207795
1456270,30.160840850098936
1360411,35.49847987648895
1004505,29.703320728367213
1433634,120.49346565811649
1298996,82.7491625424746
1227612,25.28050110992534
1442439,24.96100977964099
1071851,21.65275584193496
1415551,227.87939469273925
1303923,300.8586793025986
1338978,197.59804884849177
1346333,21.188254187081984
1138796,18.117838326531515
1090656,104.4994033899981
1294117,125.62479779266565
1039342,165.80451322233057
1254043,47.05967270660832
1227283,38.79920071120473
1084326,47.34095733934208
1222544,95.18033265791917
1312264,42.05409497637249
1334845,86.02178571143224
1033531,20.825413393850216
1296537,28.966724934542125
1339243,24.690774447058523
1129395,299.5264093446734
1064304,283.31451930612286
1185689,139.10290050983141
1196516,416.24110785078796
1171196,245.4311451807818
1435184,79.10895848047701
1183910,24.964659835774505
1259803,49.53703500314895
1026735,116.43739761804162
1369293,260.2031240779637
1295180,131.25610779974355
1209709,127.16868485707752
1342487,108.81109326587499
1078164,101.71088052298816
1120902,1336.0880749829419
1034243,129.85749897269358
1352451,206.77715819634616
1495918,25.710099464693343
1011382,65.3686732355519
1259767,54.25575828505137
1362892,27.31286654305885
1325722,26.14527358638149
1084175,122.72613603894877
1388369,179.10398539064244
1276621,95.03003414070676
1259464,21.01054010559681
1033678,19.274775433568216
1087374,18.710517121346786
1121365,58.928696529231146
1100902,85.11070544840673
1309141,61.97697352155714
1250190,34.57104714331374
1029979,28.478008800256635
1179024,95.5668106903794
1340245,53.84666153103948
1107277,131.4066232994821
1267082,23.390011373931948
1219309,30.213381683906608
1408207,24.16436544053937
1230994,235.1126991335376
1251881,249.70014921398055
1253118,79.31767330747444
1462434,655.8613784067749
1101243,401.9463888383905
1421375,195.3498136685907
1270557,23.249150512204395
1235260,27.112638770899874
1181176,32.80909568004765
1374528,107.75957955424163
1413988,158.87448058878516
1452750,159.3667772748457
1062304,62.377558844645954
1253336,68.52389685385928
1071558,68.58750002767725
1103361,1559.5399255237676
1295266,133.88787972905175
1485137,216.35856098946053
1344143,39.020133455177316
1322258,31.993341752712965
1368908,28.63335014792741
1283324,102.4962275872078
1074093,90.15223590542757
1170957,26.157705711951728
1209068,27.139424211526677
1145750,153.3404208844925
1346301,178.2684248202091
1150554,126.84278639980458
1121159,21.339078355812177
1448035,25.83464672714142
1022510,57.01604191579705
1283164,71.31107632303835
1123675,109.00218413196544
1024014,41.40789498900893
1456445,77.1177652606273
1395822,42.568526818321686
1053628,115.13798637635549
1059512,23.26557433185288
1163145,31.507613260096093
1057817,181.3721611054
1203757,167.75934011561452
1014859,113.04792166595476
1068765,576.8948511227891
1210591,373.3867409553878
1461262,242.37517752241374
1039490,22.418111014494404
1059392,43.36529228183695
1329687,161.73082223495322
1008542,171.61421151636856
1438726,245.93997145199577
1100984,127.82277683900833
1376640,140.79813704776225
1268664,189.50103470783043
1114795,1406.304731707571
1022568,148.78953413316876
1173940,207.9725472718084
1185125,22.937927070826337
1478252,47.12712320855159
1072315,22.672809285528878
1317402,23.87272573790037
1249595,21.87940588808519
1403728,200.79310786645996
1214542,149.20544320014076
1237409,86.38558552361158
1322645,118.53873591203936
1333229,228.70371856423102
1358531,46.544020573709524
1165991,28.910332294223274
1213797,54.08776732896435
1318590,54.15413092997105
1415430,96.15762383046024
1239796,114.37010399241338
1000846,34.915168370232685
1328041,28.136671411160215
1098339,28.37782177632401
1147425,57.002231336794146
1169837,56.48685764298834
1338998,35.312404699644624
1487636,18.502273215582246
1042647,25.1052780337052
1298612,24.524364189350795
1392880,131.7983481806091
1075316,92.71296304854984
1161161,115.54529503996208
1237961,577.21277665772
1392549,345.65055393025034
1197527,230.7126523429351
1149086,21.59906679893177
1149006,35.445825737216545
1104094,35.92559469705151
1355437,165.13402022328987
1096576,241.38730899250245
1104719,69.50163043716992
1149262,75.27896384219595
1333249,106.68797010972393
1130820,977.8569578892309
1426907,171.73644339223333
1114099,242.93317549318715
1101134,32.88072492462089
1143725,36.481238716760856
1037961,66.13972314441786
1184480,43.296504496099594
1200526,27.191481615185527
1189724,23.877991054124916
1088619,22.954702398754762
1062207,166.07965503436054
1366903,143.17939571242854
1164828,84.94491343913398
1017091,20.637355541297275
1385751,173.6584626958225
1357786,211.76588630591678
1440248,229.33104440586285
1408109,45.7879975848185
1181673,36.136665430995336
1157233,60.771978356987674
1041296,96.4196003700761
1034404,156.25986364110585
1438842,26.3241019688071
1100085,39.1857371323941
1153425,36.69107642560655
1050157,151.41010554871372
1410654,97.85354104389742
1206736,97.91285789442026
1337583,19.751173771970816
1279988,30.142761258782144
1033103,32.679791625179725
1049464,176.92790118181705
1199908,106.7834598493743
1097467,85.08207642587381
1214923,603.1888986003152
1288038,326.54199998578144
1009805,190.42017873255347
1043811,45.77754372670146
1497981,61.710942867096854
1382163,46.86521702397235
1472622,185.4979695596072
1355785,234.95354113008267
1123761,64.39803945162876
1030670,81.27846523300204
1032702,90.81200159960316
1332843,2494.047694881034
1034380,229.9906498949101
1356967,341.0295416800428
1365220,38.284108658176294
1154695,52.972438082162014
1432128,61.147375459510094
1029816,31.547256966609083
1320982,31.52670758861676
1476539,28.944651979450985
1326947,170.3822849781677
1200214,329.0000228932815
1442240,188.7725509406602
1042596,22.548127099175268
1404746,131.34846379998243
1228452,156.31415504497943
1206354,202.46249330330306
1147372,76.6384777851803
1354178,48.509810266735855
1141635,71.80325045781503
1145169,105.34217160692604
1258734,155.69480823697955
1471735,41.24934775485687
1069886,33.33777750262709
1326502,80.00836705207739
1221638,95.11490812561088
1198759,106.07099519137026
1375131,28.73672387417062
1224238,45.3691907098587
1221523,38.454888524861076
1439739,272.3993921618663
1042424,202.66673665430454
1029599,160.68894603328135
1287421,137.8486841650219
1242389,128.0990479705879
1463854,44.727427034169665
1452732,17.739043968762516
1130326,29.253121045894442
1412128,40.780842669563064
1479594,66.27909456115313
1214594,118.55500770675944
1339369,66.44724303261467
1207746,70.24150701441862
1239703,104.95489646314377
1193256,81.54274335925037
1046609,1040.3695661042268
1469797,99.70899662593676
1007589,185.03757749684092
1030237,13.63112456597757
1048552,25.339312422071508
1261208,24.246685452634733
1032114,17.068814888865504
1459844,19.646055273542885
1103124,68.26005933295475
1123616,253.1128438274954
1118851,129.40464625628624
1029384,14.147926768620291
1059545,60.01374525782914
1133680,81.87415717815936
1143822,85.43585047350909
1258953,21.73230779142601
1147536,17.673151067477846
1496509,22.583564515780438
1125901,321.3662732860696
1349727,378.43450088908423
1105654,146.60621369880985
1185266,412.2861910140518
1158968,241.9905142100519
1188416,127.96046190599341
1111518,21.882543494579277
1178819,26.56487189888774
1313703,55.06313644227531
1271657,73.64516704216213
1370620,76.06722764553547
1367996,35.20475710738028
1199233,34.0900924575963
1315046,44.46688945139768
1126752,1039.408276539152
1167571,118.11520900642357
1253177,183.41643983473975
1473278,37.53801375761644
1030576,29.08652698259379
1008950,46.52041128134075
1161328,118.95915915368357
1366614,105.24506537361235
1420343,24.950864221006086
1401716,23.938600333183345
1034463,138.617115215137
1459181,180.7829899028499
1472537,105.27726357322149
1029223,18.366079546859133
1014001,17.124530631439033
1172393,48.39684436377493
1408387,58.5992112297084
1095882,95.77545183861197
1311631,42.018976781586375
1188123,34.78548396796807
1265203,91.86162438501991
1220082,57.98037145707171
1218623,103.4087147517897
1168970,26.37050739832312
1398181,22.728722107190354
1486532,147.44388800180388
1154017,112.82705897905224
1451903,57.16389005531169
1064432,397.75827596014346
1491157,363.6293259219636
1336992,196.6780322227843
1335339,30.721075453246854
1450157,61.68954785214041
1372817,40.51659022370911
1006721,110.66087956460818
1099484,165.0270022634003
1154377,155.41128579847415
1128260,75.75626388290064
1463395,71.54416107598666
1386594,121.22838004507912
1152041,1229.3243651756895
1083613,160.26584051218526
1483098,227.26323532304824
1425233,30.832928096521886
1439261,31.41341862806948
1034544,32.22606603194162
1341848,89.6679073349204
1314386,64.30973508608977
1484884,26.510932474546063
1392433,35.988113228508155
1203390,30.11688195662281
1368561,170.50539794684877
1439399,318.2912301543673
1330753,185.81249987379942
1289695,23.911626106997588
1000917,21.8361875326076
1117017,81.04873606801986
1411936,128.03297824992973
1197753,145.5958625718742
1434413,38.47179140494422
1148023,36.308085488136236
1082409,43.031660309429064
1293237,69.05823995752388
1445108,58.29726388740937
1310014,120.0865763167962
1419886,29.859419120647296
1479835,51.65954955559525
1154396,39.406795622247735
1208468,247.0092444811211
1273334,288.3593932685122
1272194,142.18514235175576
1224780,203.92443973159578
1023588,187.59092342159977
1457003,33.7246173867436
1103267,18.848600465299857
1005699,54.93365943357965
1168482,30.742998311429897
1430711,105.89038095869424
1065731,220.1522124934046
1163733,108.95785247893723
1398280,92.06712799682623
1192516,140.61478803113454
1400213,119.62109077566302
1299196,1225.768806138759
1083942,127.29020184245735
1354132,143.7199045777249
1303575,27.67142760411636
1415045,30.698254073965465
1194852,19.690776896966103
1389923,71.47818818775063
1395200,190.68214545869216
1159747,98.02529630927557
1016413,61.365257122987174
1045480,97.13446460771314
1009769,69.26447174378453
1008610,25.114887150067265
1161665,23.65853710967207
1151982,33.22235443276822
1147300,25.543285124127557
1173280,19.43799707632503
1227442,23.338208272451517
1170531,20.938067740728492
1180811,245.3109322561852
1078277,266.3376372483276
1169715,170.62341049519594
1125817,279.3516759212515
1115717,204.46203626288312
1422806,134.4824262522495
1137125,24.605614785650083
1246695,68.95941791434217
1416785,33.49298282579514
1165233,58.67235464181473
1365529,110.85970418107519
1387837,71.5426192065673
1481394,62.13132264589478
1275299,66.17838236491161
1220398,74.92816604170515
1376094,1242.6249586609429
1221119,124.89324728491023
1486316,187.09195819946484
1169548,30.322957893018792
1292156,25.108374760414296
1289077,61.52242454011642
1017902,51.13838658112707
1047032,22.45925722622536
1334195,31.03126714019826
1449238,28.741951143089175
1462226,97.14995243238543
1110599,315.0692335936527
1120407,187.7017542050014
1094241,19.606444020179154
1022118,21.352526139699165
1309812,19.142114697070248
1279959,109.83774633701248
1285662,130.14815759091718
1178714,139.54756326292454
1030887,44.2689015561217
1367692,33.695282303352805
1150034,62.60599849880213
1064510,31.662094496578128
1468089,63.799514091405186
1348806,29.22192597985239
1146102,41.6011251908183
1372716,40.55819340254639
1110318,264.4825416282099
1307651,353.59687183014734
1323243,111.84257100370078
1437787,596.2455576427689
1125403,420.1850763520579
1072156,222.95620065364432
1131468,31.258498391937906
1222532,70.19146211597717
1385955,40.706364981362945
1097637,122.48782822485214
1460731,166.91847804106587
1375965,198.30334998733895
1494614,65.64035802629998
1025904,80.13252500116816
1026720,89.57183974056025
1386627,1683.8405586608583
1041527,183.9506585622417
1499718,273.51328916023556
1183053,42.777587275750335
1173743,36.78749780803785
1064559,61.49193873595182
1188222,191.23307402221607
1050683,165.2910719163577
1426515,26.945202338587908
1390694,34.600332534365634
1050250,27.840554066998873
1132122,222.5279630288214
1366613,231.2661666445133
1175679,198.17544252425174
1350344,64.9415627186934
1021170,76.63499141894363
1277356,162.3601732806086
1359094,49.53580865988056
1292839,46.498709820349205
1200593,55.4485962565354
1229308,165.06101706970705
1236996,96.74559367153635
1388915,261.8122818062448
1290145,23.182367924910512
1476878,36.63302425126756
1493038,27.14944596430841
1419496,310.19374686787137
1185819,281.9741133617763
1311217,131.74574333241807
1040148,1236.9769731530616
1472394,735.5921954062773
1142405,482.2040228544231
1426060,26.111263903611718
1261480,72.13662564700635
1496005,65.8652957562092
1147802,377.21349909930996
1076052,284.2650125140325
1208254,482.2025763696815
1175851,109.73311292235292
1243524,131.79442313368736
1094528,200.09013594476917
1394930,3234.9331204273226
1220371,372.66289776072074
1103470,431.93312558270617
1090382,50.3819306039543
1173801,36.4225128017362
1226125,33.80470932826087
1235095,75.30286817434639
1472456,49.785029388324105
1437219,30.38258122231413
1464615,34.151778855319414
1025401,28.204296092769244
1311616,385.3315340449948
1174345,322.1254304314868
1412376,163.35968391177724
1427225,18.42561742460614
1254841,347.06480857910685
1011620,611.6800845717152
1390394,588.3098990335437
1149007,79.1916667898351
1145032,57.1004550738145
1076556,65.99243179641924
1173991,89.01378366522992
1263993,126.61373041020583
1074690,221.94965903432382
1414178,44.7268895072272
1130627,46.753712739298564
1057329,37.84467905452015
1398579,134.09956979235008
1070444,124.85569466744295
1087198,121.20882614166915
1398464,41.209976485255986
1071854,34.5208297864344
1417728,377.1323690591801
1176281,172.57429645268587
1041529,289.81468439725234
1089638,380.97251290523644
1247963,306.2767884656427
1267677,123.2042407812536
1424279,38.689838885657515
1340502,28.477449669055282
1210708,86.49766766028792
1417327,134.0975535156819
1340562,121.82006829056256
1043894,38.86461583584394
1131561,46.096509206438164
1161246,46.84607070977235
1472239,1277.0856901460504
1364193,129.82326735285255
1165142,206.39973367330268
1025825,35.11870119434826
1119655,41.92124582370554
1409352,30.564757087148816
1011235,178.26414261802688
1401680,185.3072288741783
1011082,32.51433259628997
1005003,24.517140570013893
1010212,150.18432341118262
1074355,175.15889636250913
1130959,118.25148564689422
1368829,25.55124854290782
1123975,18.932329825705043
1192829,53.4418546804081
1149857,62.52628709392412
1227644,115.09356304020689
1215697,33.88610185693154
1209430,29.66109049821211
1392873,124.68365577033664
1315254,59.33459114016661
1336018,117.20402888295189
1074202,22.384572724446397
1462286,24.717912324423022
1179301,196.0207415603501
1083181,154.98758661996868
1208582,85.49842889270597
1241167,200.15650031966362
1003833,169.8862371800036
1489688,62.5497361531718
1381727,26.668378912386157
1296465,76.11634430868212
1147384,153.82865398208833
1335237,266.43773886098114
1118931,132.60858821036732
1110951,64.31317957108735
1362616,63.155876478057095
1094290,76.2473765749718
1223297,2574.760742167824
1368957,179.86742517355356
1478969,200.39896718887903
1257221,43.2881552168467
1009115,37.143141906072216
1436155,30.64906989817658
1376514,26.076458301899915
1383176,108.90101128051752
1115697,518.2602245426652
1052413,292.03648778840966
1275961,16.21347823234849
1199834,107.91112249813533
1435790,135.73930777250308
1415547,147.50666533086246
1111818,27.119456789375583
1472842,40.541796651359014
1462914,25.943589592701596
1434050,40.849412329044576
1474990,35.575110835142326
1219655,339.93795548123074
1121115,428.6587297990672
1464457,303.2105825676257
1187185,548.5750007851585
1460906,508.06264867299944
1218544,294.10963746586157
1480130,39.91126248605111
1462202,63.305369523568814
1115897,48.457512478026466
1318291,161.70076142126788
1172875,290.2829045034821
1106965,228.36415190826202
1300394,190.9250549267971
1036389,154.73637573546026
1223120,197.81841180722077
1133184,2084.6470385296257
1149204,220.644297464921
1261923,254.9621401783197
1109687,36.72509551877552
1382684,113.77933724200065
1259575,98.88151099047408
1011377,29.81975146335986
1420788,29.474662692331695
1334493,28.001043255541898
1099449,204.05052400258106
1105191,215.16953224028015
1254705,150.4790393992682
1007028,21.26298909090874
1022780,18.74580360861498
1441001,101.40311171066446
1103152,183.9545191986298
1288980,159.11624424098025
1216596,44.31420151034472
1325331,47.685840667349844
1162888,34.515458024533274
1303408,71.20188942526353
1090414,65.63737273501125
1367705,152.04603423696884
1048783,20.079287424221345
1172140,31.651117372333466
1357754,25.295418865056238
1118090,308.66435896310406
1226464,334.6642310122243
1271942,145.46296277454624
1294491,541.4770049114934
1313402,352.0422530105432
1350481,216.76099431148825
1202692,49.75463491635442
1244220,43.24548065438113
1433034,152.50420812760822
1436473,156.7401199168444
1290934,220.9350466593287
1075015,70.43718940167693
1102718,54.76415156671094
1104390,88.98352805686434
1329788,1185.0551725649293
1117768,148.36923437253927
1456785,220.42161502572733
1376399,19.71884734442448
1193062,22.155209800515813
1157236,40.58819929018921
1223887,60.67706936293212
1499341,58.50437832789095
1239147,25.60902446223796
1291651,21.590646326147926
1261253,175.6295911565419
1403075,167.08618624691383
1358256,93.40404421188175
1417531,18.817876681506913
1492568,142.6154602925246
1085139,152.53874431508223
1134530,207.158044254121
1363760,63.59787596724267
1192217,43.79258015618614
1025002,59.849581161761044
1342290,51.809075488277806
1166888,66.88952472227366
1336847,130.83649117924423
1164425,32.36539881007187
1204806,38.06276949455632
1488904,27.373817881597585
1254679,80.66355015021915
1217865,79.91684738295314
1293685,78.02301772394638
1448221,20.93813778524732
1024888,34.67453596028582
1166881,29.746724273874854
1048695,150.9742052853221
1329364,121.35711402891263
1205283,123.71286723820566
1133545,888.569925910847
1355523,590.3591824635782
1132342,275.84013911427576
1231048,43.733993241700915
1488603,36.77536175455392
1158290,233.339424232669
1450540,221.723180218595
1152498,275.6186338716647
1082562,116.30568871856941
1421095,123.0240038551017
1431676,172.95921640664594
1021222,2193.808513274349
1343834,280.7047274897256
1338180,325.4440144628777
1051784,30.74993977404497
1139987,34.30062090472735
1170446,30.698128358877668
1123143,25.704333610152197
1210067,25.653460179054647
1227375,19.205336667714775
1096407,351.59500748772217
1279677,273.3047964333697
1137033,168.65569832125783
1411185,15.796889285403743
1311428,62.78936869161132
1442262,105.7310955918892
1120664,71.43670946833892
1010064,41.74683607477968
1474460,63.38384689783908
1226838,76.0434190517205
1267008,177.48484619874063
1147761,192.0242519871101
1358808,21.220283872233267
1486204,41.19381874393008
1224794,48.19099121060195
1076736,32.1342133334012
1485303,18.64539842401925
1408716,23.007964398374906
1033868,264.54498257665944
1230803,171.24001604089858
1313498,226.27696387738632
1413327,1759.4628813419777
1495413,928.3327548258932
1374145,559.1590982839833
1109817,51.71717276506567
1069577,69.78949314580676
1288112,62.35671335665861
1366798,329.26641514720956
1149663,554.9493151358342
1168556,71.48883723054608
1073416,83.72527978386553
1182836,194.70857919151743
1400578,3570.6830571395644
1454362,399.1944921723783
1467885,642.263373813911
1476211,101.56442863759756
1383574,95.67793351024372
1496537,59.448062495637444
1133047,212.80159264664138
1101436,323.2627942742086
1001439,263.0103055656302
1064213,49.68952981817499
1401981,44.42826047785359
1454861,41.82814028242373
1196203,487.0945196739379
1036941,526.5477992303368
1154990,293.48100470791775
1233239,35.00645805592469
1391775,42.37814971935318
1381447,225.82444557105575
1411302,497.3571294059174
1078694,554.9707878016625
1385200,180.13041107489624
1434232,76.79273490028974
1233757,119.14946101502102
1028768,119.91057365788595
1368598,180.9803845932906
1303610,416.52796163959806
1444197,79.6739091543544
1258644,75.66490422172033
1200616,77.90056721215292
1270954,281.70292523465895
1163115,345.25047780667404
1169119,332.75353281312323
1052571,28.29629504638868
1106897,48.932304307629686
1425006,48.330126398657065
1102543,394.7026724964859
1198644,272.15160495600446
1433839,263.567953711967
1103251,1836.9190605875447
1273456,1051.017548047518
1403902,543.5774756718441
1378592,39.08011176292472
1125244,86.7874640496073
1163712,83.44970596549464
1058476,389.81741972051316
1280539,319.26037124700315
1478307,559.103130421551
1294168,108.51203527007564
1284450,120.4779099022958
1485791,209.68743720145812
1226809,2388.8396356992384
1267518,393.1009511496051
1423686,579.7005219778426
1445115,51.39511356836019
1012701,52.67800418728526
1492732,63.615761506838595
1128210,103.50527538581025
1443192,118.15797130716497
1375901,42.04657625531216
1339604,37.79870774447856
1450857,33.75378653880715
1388456,486.88986715590727
1021804,422.4670476556924
1181052,216.14453298177693
1242338,31.716804616711713
1234695,33.18544528480754
1093991,164.18468434413654
1456652,183.16318922920337
1497173,259.0193846519638
1425621,248.69108575499487
1149128,150.260922329594
1102682,160.07164414707427
1346942,111.90538557121981
1335480,203.93345410325276
1457745,329.13178740497796
1242123,61.32962165740007
1312025,52.972823223833295
1319688,43.12215040888046
1491929,186.0667482708581
1173046,233.10853639637108
1336815,227.51443739694673
1487150,29.540995985789234
1423644,48.493264192024135
1194213,44.43783542687761
1008390,357.1081591046214
1375741,266.67460452029064
1326706,261.55026141738267
1314422,194.34788720317053
1219723,174.81863230066415
1015674,86.72604346065378
1157339,37.764894942371406
1443743,52.67398095695064
1203153,33.411194002600176
1164030,83.48750946294716
1347221,202.01216732709753
1120206,115.17472197098057
1063187,73.40377904278016
1494235,76.75067165170331
1456199,69.34607138095444
1228840,1749.0684451387338
1141832,140.78755540122336
1287822,167.18034429399762
1240376,20.49503912736964
1474734,20.181509568899607
1306170,45.359336583961415
1192481,34.855445256098456
1067323,30.591632116891713
1433769,25.907332241349938
1387077,116.91803867171555
1379462,495.7698894394
1231116,254.9522218481801
1174195,16.020664702015495
1334538,93.35051139572738
1264814,107.59970953916385
1032658,122.46416214840579
1463481,27.350124058601512
1015937,24.214734961341673
1269056,37.29162526207357
1307499,33.32274139281976
1301363,23.92833735158774
1332403,43.966708871932276
1102627,33.106184255475476
1484039,373.82273640864423
1282575,480.1245893778809
1316865,175.87502889592096
1072037,237.35073037314424
1426492,191.97858126374908
1298290,105.50547200565553
1052895,22.98695743019075
1355224,44.5921501852044
1096012,26.75686924696298
1404668,60.0052319831959
1156177,105.88091930252645
1049953,65.16822239824994
1247116,49.06777439499551
1286122,74.93104088888973
1231000,58.274207492435856
1279495,1165.6744955535644
1318187,109.54001073459538
1373331,96.45491794234539
1376540,40.62452355792003
1336313,38.65628710105936
1312708,18.98668393875667
1010806,93.17190764350532
1339522,304.59676760520256
1190478,165.82737164097858
1171886,61.63568112039195
1049275,70.59867150998043
1165387,94.12476529844075
1016899,27.54542553824176
1422391,33.39305209918284
1480338,28.93856929286846
1230486,20.587132009546764
1125619,34.73284929594333
1219698,29.697930871928953
1011073,252.67558413032268
1187231,327.6752119915054
1300341,97.77223360858369
1184259,70.36338493562256
1234591,59.12200181243466
1236452,31.297912115370877
1041818,20.302219612342565
1036769,55.2074950785598
1192321,35.60375422659147
1008719,53.20875217622404
1072056,60.39864682436253
1183173,62.46050941554363
1206651,677.8027762296479
1246317,75.74277024542926
1099913,107.24104857426649
1108218,14.881447859592914
1467171,44.63270909598008
1099223,130.14762768334742
1091726,114.34431456045995
1429192,21.15226443880326
1271099,57.420675476935756
1224512,85.56858077223173
1022601,89.00430345477523
1114250,22.4205356567315
1458370,19.852381784462736
1071776,20.268982612953025
1189803,29.365359281272923
1248566,22.181734684621212
1381724,94.48857305882814
1194661,50.99100061427581
1272944,75.1054727988179
1363599,969.9727000831233
1027214,558.6675597217329
1077444,349.2927065758585
1455070,25.839920950314994
1343261,50.17236141803127
1492493,43.499939765238224
1307324,213.58943230014233
1077297,202.40081680203903
1475728,278.6918520073561
1202474,84.12133044886534
1362220,91.81655416635309
1046651,179.8941941925121
1273879,2389.001025874324
1444822,279.18524911684693
1076732,326.2356151720398
1441293,32.985357287862804
1112065,28.584027089449698
1197296,52.814236379352735
1287691,111.69135081702281
1170339,79.68173771066849
1038580,30.016696485259285
1393103,30.23513949702772
1124673,27.185379089659303
1349975,313.3970144314475
1320692,291.6238418957798
1325819,171.76168872942176
1093868,20.55616484905244
1458875,21.76551071655018
1427933,126.62512779261803
1379975,127.74870061535421
1268227,194.70127443129843
1306435,85.59603211071243
1293636,44.04845769522791
1456848,83.15762229136607
1287529,97.32023205675681
1417117,137.4803388664954
1103982,247.06209710084454
1129742,42.30401914703977
1325129,44.59791190431963
1076264,36.191157096009164
1437767,169.58506224318143
1132812,130.33083838132632
1437825,108.08759770892684
1027593,35.364347188446324
1260624,30.40154035053538
1371361,199.57853406672487
1049531,159.60376218411423
1457135,215.0951558780199
1012377,589.4336140698762
1051968,227.84821004104163
1116753,173.582938707126
1284889,43.45083664530115
1129500,55.58006230206124
1023978,50.792843009990975
1031076,178.86237814641427
1014995,202.07279606676434
1430894,281.2789476638997
1491918,54.625211837377584
1183480,49.718771617246496
1489603,62.97664663694494
1380683,1398.2323914566753
1490816,152.17024643500315
1497842,268.73643927949803
1097259,33.572717198150166
1470046,58.93011505961105
1355498,43.04836478201197
1372911,25.210247633384952
1259326,31.46987620088663
1102135,34.057330710115224
1354206,175.4936293233121
1176036,174.0275229852066
1388554,66.56611373848585
1281965,21.598129587514762
1298165,78.08765144133177
1307270,154.20446355614865
1296870,133.7639865491318
1466464,139.50623941816534
1392074,103.12067824014727
1198518,73.07602252085546
1123384,63.01835532616548
1451631,125.09909740484703
1424988,146.9616606303873
1163567,29.663841197196767
1279581,33.38934442975824
1164785,35.4856756080795
1379768,96.94103063516754
1041594,100.60835322354289
1132521,103.86997563819138
1270239,31.139917691686918
1290527,46.070592396155426
1004134,47.660788118520166
1283960,134.20909496665257
1348705,102.80142871020081
1214346,74.18984419929448
1018684,1653.5944750318104
1458746,701.9851042332971
1398873,314.5008218348496
1363247,22.58365620261958
1171114,50.90300175607794
1356536,211.6629483597822
1132706,214.90898973789228
1053503,332.99312853217003
1236073,64.54031185088262
1015489,64.93540702858928
1343387,116.29877305529172
1472161,2255.7816720355736
1082810,259.9046768100004
1432350,416.98962829568893
1372995,49.18813931966981
1044476,47.38231028681233
1189866,78.32159859101573
1437244,145.03644317383902
1470269,120.50939395524506
1158671,33.28615217117638
1003890,268.4384136202433
1306638,257.9656742697394
1011181,152.34998202097825
1045123,22.132711986712877
1185691,24.506499154999577
1021932,192.540092855185
1384499,320.0804214621488
1180117,309.5216746014971
1100808,53.97020291514101
1188748,35.992479966223215
1195665,41.11909464090796
1461400,77.16537607943836
1274328,113.29722176704945
1352189,229.65928125081922
1307899,48.888471643457336
1499860,39.533726964543604
1265042,46.381202616570825
1226420,232.91271352885653
1341886,177.6955889818734
1173627,182.59507674900325
1380871,21.826561237865587
1039843,37.36354073145038
1434891,34.3456440787789
1386877,232.52460819370728
1059423,172.168543113335
1388620,138.41954674037262
1339452,211.4426116527154
1323102,156.6952139296365
1239433,57.96492749300014
1452837,24.6616990274246
1172957,71.54856735196982
1261807,62.82305535935171
1296678,67.28905724900214
1009792,143.55389973962087
1209466,67.07533840482272
1430688,63.57957926284837
1259932,62.87565849786802
1264095,1568.086580647964
1458967,111.86130369608895
1003543,161.06480217806762
1124862,50.69702731582681
1144125,41.019597659171595
1027603,18.788809018946363
1084942,27.765004060608398
1290214,27.229008194586147
1256336,76.57164494641984
1436896,330.5798839498278
1158804,197.65346786155965
1490276,16.657791445485238
1195477,18.32091671441542
1427298,67.48869102553002
1369726,111.96146645543973
1175834,105.60840161846528
1321360,28.653271165665146
1118637,30.452586974373435
1337180,28.133400819128724
1299061,29.436571372115242
1104555,41.84454229459031
1158245,24.178168936904374
1142718,40.58711708256973
1059103,31.917039829441563
1254537,316.5286717643108
1138204,408.4576326440165
1401405,107.42029867437147
1394286,323.5457485499951
1384056,269.15916689787434
1103515,103.67982007499891
1362855,23.40994331376195
1240222,28.407401592143106
1240676,39.08553078800415
1019402,57.85451478511439
1139373,90.49837985531933
1202816,95.95700656924582
1166954,47.095460575740894
1188996,1443.735443544203
1085391,145.89877647871182
1211106,225.85214604264945
1288937,41.59264194139049
1143391,40.87982806067055
1000233,30.68105577845856
1430027,66.15122789938977
1466154,135.00553157352547
1468117,159.89326734065747
1035831,30.830615439088433
1110589,30.348925953938274
1329444,30.03457327131549
1404384,201.3126130753785
1273760,248.8373906100521
1423129,163.238211250256
1151847,19.890647993695566
1299263,29.05033221020489
1145177,19.19293519109343
1148848,61.40952883920161
1243283,77.0639702883799
1411541,123.20583133423463
1011525,41.70820307443658
1331929,38.71761069735458
1279850,111.64082641378596
1235803,82.99912379198757
1385999,135.22645480560536
1259160,24.70013636558737
1266035,32.40136213197585
1112007,214.6818953685905
1132794,201.8482886076971
1416208,111.13531990334705
1237768,184.73155892399188
1020937,158.9244901766485
1198952,49.5413738577978
1134961,25.16023570209346
1339297,49.82498368964935
1392564,30.1324058876841
1009747,117.24527406319555
1209177,255.74933164315178
1151706,130.3026090924728
1296853,115.16984238564203
1378157,92.24204927035963
1361913,107.06335274739477
1371303,1841.6269617284486
1267841,174.17424500172908
1198297,170.2321529916491
1233208,19.369948492544445
1443723,46.54838674522858
1177808,40.48133509535466
1173479,25.106949236184786
1257412,20.807687643727114
1243448,91.47360544166132
1431871,217.26046480710826
1207117,126.4773406085313
1286044,16.575690140536278
1314753,62.676658596828304
1365824,94.88451032750736
1068361,63.94390533580233
1409598,22.873882191290516
1494897,51.00976751986928
1159162,28.60188511378212
1147842,29.42826682540043
1010145,20.38972997829678
1480639,29.88982347335945
1319373,27.64873874250845
1132973,354.6738133660358
1027926,441.03292798542805
1102250,152.47540939463227
1445418,1620.5552240937277
1424161,694.032464083969
1037632,488.8809484998917
1115454,64.52709323725955
1017133,169.16813661575424
1086047,136.59075035808658
1320834,382.1052678668058
1220629,420.7991098563881
1475079,600.5717756571382
1293675,117.18363886265165
1284570,77.42118207111079
1173901,157.0722492426489
1216601,3851.7131563935113
1492789,621.2540394236091
1449349,828.6515152626379
1412687,119.94505363253096
1426735,156.96528526376505
1389109,84.50664053300792
1179644,134.5473765717782
1010010,249.60325356160854
1381624,150.06827676188703
1229591,62.38217708728671
1074295,71.3559304982747
1325159,39.9556597055541
1343551,572.0111344047903
1272597,629.6630342260978
1088442,260.60159388099515
1215026,47.38617572401272
1259014,25.756276575051647
1176893,38.55884701638153
1097810,293.8815400902911
1005560,689.4583179607797
1073193,483.4263536599706
1038802,93.61983068755683
1005224,82.5462352864932
1325721,51.50012674167634
1136450,168.032576893198
1279631,249.23247689311336
1095473,373.27826740364156
1297151,71.87533203969541
1048829,67.06801644688771
1379904,77.49251329525636
1281256,328.5549862908079
1352308,396.87028540531094
1194367,380.88899253066177
1251356,51.24596758374246
1181977,102.55150104275049
1007279,99.2118620955551
1419393,555.967956192102
1190900,431.858090401749
1184958,227.7171211100745
1206406,506.54857295293164
1365395,305.59790109452587
1291113,200.17666013205968
1139288,22.824647131530366
1352942,48.08687128365728
1038203,38.69807215915935
1078587,249.40994197255193
1309451,233.29468409863603
1018206,291.1420659151476
1014022,211.2884632928586
1174313,179.43909395972932
1419295,214.66650509254606
1301859,1742.631478596009
1210814,319.7027269847159
1397018,308.49123290145343
1342102,21.55335192486935
1196151,31.970257084401887
1366948,31.558051774420903
1238567,22.36803379134041
1306885,342.7537917146699
1431795,251.02636970878854
1090451,146.41338780332023
1389191,83.46691075831414
1359888,57.4912527241071
1278487,21.89899164784003
1010567,144.23313768389445
1187872,98.37031797352311
1469547,111.25067245286625
1006430,105.44757053837947
1236497,215.11087470628462
1250707,200.00535878916497
1354125,27.471306573927524
1304771,48.529045761275675
1230195,31.29996200016437
1340798,29.932634080597833
1314185,18.645031256227128
1256557,29.20859960911911
1010402,342.8515277916834
1240314,205.21032659582812
1025876,198.46542065715352
1119476,774.01524655623
1449017,526.534021499192
1391079,310.9426481719711
1173236,18.73204685432838
1488966,49.92840724417782
1077192,48.01163635619316
1251757,273.9647219841057
1328973,278.3594776353166
1479720,323.8867314156885
1192753,92.232003096784
1126581,101.38386028324597
1424484,139.8406610097122
1333660,2398.4658667476515
1184324,354.9512002475069
1055470,375.86145134424487
1283179,29.70994559320677
1231088,35.8927523267235
1337907,31.69200423538203
1136023,25.518052731895583
1497650,20.01800502290515
1159094,411.3422597543943
1481215,381.2808823991851
1194832,209.1630277412675
1435894,62.45917463594977
1403544,107.94300512952643
1136383,142.0769782354947
1357261,99.00142264227193
1164974,61.50060510212649
1057971,100.90083287325471
1347107,87.19258414405466
1204333,147.64226274485867
1450486,206.76496294842386
1013823,30.110441503776325
1241573,31.32085778740789
1101270,64.94757015031625
1065843,53.90463835211148
1310802,43.68474669405235
1353727,18.957319681988935
1079853,25.27666330145689
1489149,24.74145379680803
1478088,387.38275925199633
1013495,292.06016639131514
1227946,250.76034556819377
1096075,2119.056772023499
1024666,1195.476994988585
1403435,805.7262606916439
1433536,46.80579212192425
1086319,158.17303698903552
1299024,156.98752453709736
1195502,556.9057738459762
1044169,513.5157531561981
1152242,749.0238204187349
1065051,157.52268218204497
1068255,165.81471495959786
1299213,248.87510056449452
1232035,4894.539012481338
1410617,592.2761942873161
1017704,842.7385567040149
1095152,65.7980795997323
1220126,53.125785779384636
1063947,64.3506760748244
1432224,232.1851519758341
1245659,100.7238261110305
1222669,43.04545129596707
1193161,58.85118001294972
1375355,37.362003479665894
1246139,616.7282276516787
1409426,841.0050597899368
1105783,399.7367136189591
1224437,32.46642378684776
1397328,611.9085727821785
1148320,1061.5893909835822
1384543,959.9001919700898
1016498,248.6059807876177
1309384,172.92634418966097
1177817,193.10889423530207
1074126,185.08889092805006
1231383,251.0208117533414
1304453,435.1702678361274
1139353,50.10441822826912
1258236,69.72781518788206
1199348,59.51713423131417
1311855,290.12759967478036
1439931,351.8661545654073
1278587,295.66527257916727
1438492,29.464806188465214
1445557,70.30425015668574
1125681,68.7554664406164
1199960,544.0224096506253
1440729,446.7463791720352
1200354,520.9469657846371
1050954,853.1204930832687
1310969,576.0658635005956
1306640,260.921430731193
1339180,27.426047435558353
1487114,68.6518164138646
1338621,36.579122080544835
1323063,121.66530486738478
1272563,194.33212717784954
1152565,235.10269556026626
1152614,119.30083729965128
1498359,180.2018378581879
1280176,191.63020586335546
1416679,2404.5485595870523
1192208,237.48885326434385
1299727,400.3403062840602
1436060,78.42049632444864
1226984,57.183640942279055
1201456,56.750352880371985
1256806,362.33775273001066
1492689,309.85763746402574
1112022,30.339114469434257
1495161,32.345005939253774
1120533,30.74506664781435
1055893,335.0912374398257
1151813,611.265275363022
1068712,379.1316631522889
1180446,22.62236082522311
1469466,31.57004168274819
1161712,157.25843205179524
1257974,194.09125173032413
1022307,313.0572724148473
1070137,75.29523442844707
1207324,55.85822702725536
1154097,64.2592279514871
1096925,176.09516999208955
1140896,112.0297265417197
1139043,227.55927361294727
1233775,26.125936461503738
1130726,46.4466998423644
1389913,425.3434557047383
1162384,426.23613582658635
1171175,217.2996197890059
1348738,179.26990485748172
1400789,192.42612953090534
1253513,70.14349584938293
1072273,24.91400953117462
1335889,79.41673725464607
1282158,48.432631810906884
1192568,165.66334033100136
1123998,92.7457580068207
1342060,73.37326051081354
1384721,86.24848912475308
1183641,1617.3333917235852
1041033,183.7301591643029
1200718,175.74532907919465
1497662,16.795459724777874
1368398,42.886503118478224
1458915,31.067453586779394
1330271,22.9444480283679
1479826,124.92348727234872
1140363,600.1003863539339
1109305,286.15104153240344
1183058,102.68186245953487
1400481,109.37744650466735
1302339,134.2649123729108
1125354,27.60275569117043
1428300,28.957331724540197
1307819,31.691743678680965
1194003,27.45573429045444
1215065,55.64911295143571
1055561,41.80931965268642
1171208,542.417978267024
1466288,668.8837402758943
1216941,195.54290170990066
1343036,424.57617193324637
1268656,380.0376119883241
1427596,60.629287071285425
1078400,21.775547961622152
1144617,43.43581398001349
1042127,102.69231516641416
1302668,192.11503032732526
1070372,132.17867066158448
1309272,86.5689689481419
1443959,123.2064243825688
1418998,121.2035397303043
1375917,1266.7043559834754
1011067,147.23178549105774
1157812,140.9286664878167
1268956,16.18275976252739
1164083,34.14192192990554
1218015,28.271986953822044
1383733,17.2967096508273
1097574,20.25448412784631
1470891,78.15216577147979
1311762,164.27131379257813
1489983,88.8715439310277
1432644,58.725318492926654
1295164,76.1796950237747
1204591,73.58417011956017
1093346,27.671091291962504
1316692,32.6816846008455
1197885,28.534892912301842
1077308,21.559055478391635
1395102,223.15905526634822
1078987,277.2395268480728
1173310,101.66299205882287
1003331,594.2604801241577
1403656,448.8297449458186
1152280,113.31496319170358
1018393,26.219728129284498
1074270,78.84984743086322
1323759,164.06974071155574
1040755,261.93642900982087
1305988,248.15574028409307
1274838,154.56936207149616
1109620,188.63828742814954
1394606,224.59523426264033
1349429,1631.4978523097193
1335756,199.82379552204753
1077049,241.72598941505072
1189136,39.2457759925624
1003422,31.570251061450897
1259792,29.85299344282651
1496530,25.485985129529777
1279859,149.81659294272777
1177141,81.24243571739771
1039622,24.804108533639386
1328288,29.093285094197235
1462612,30.90742416489872
1392103,197.60385700898763
1436681,257.6318545809341
1413768,228.8635927408742
1383885,23.134070843557183
1166180,104.5151128629189
1485765,172.34899285354365
1482492,201.45547101928503
1312352,46.02016007699952
1179503,41.02758632188238
1286570,35.97806576632665
1285406,56.82155272777669
1446354,42.83657686514833
1126127,104.97325207403584
1481939,22.388956955833706
1343655,34.39083343546716
1272934,33.01676967515176
1112696,333.12596621910455
1130600,339.5235363086671
1174600,215.88344810535614
1320654,1706.1060888245815
1070383,988.6573733989063
1308976,298.5141694220786
1005607,47.40697810419585
1035832,49.006805993682974
1324840,275.12268922692664
1012125,251.82902809402032
1497891,428.19356982195967
1099961,93.18586235335054
1457142,106.63623209283753
1006230,175.68036847763122
1163371,1905.2472277255658
1486518,233.05213029297354
1109546,432.4665400175276
1189272,51.82916494365748
1319632,48.401774808148254
1262924,73.47659679341466
1428567,125.06492731075129
1112011,110.60236199702089
1307215,41.21549474755225
1042340,32.938773804874
1015916,29.812267192468507
1067466,355.3373988690612
1233653,271.57532237367303
1370183,161.0241444080938
1355348,24.979973749006746
1129758,27.359127047960808
1316856,150.64740875839186
1346633,227.5669049586378
1487564,260.0122539041858
1030704,98.30072005737534
1369427,61.93326549184532
1008093,78.7271880161269
1167856,137.02787663405263
1294314,178.97531268891225
1447975,302.08535075715986
1185715,54.29076669738401
1337557,48.87556894200749
1258340,38.80280621407889
1443796,170.8848166728795
1140077,286.9099616814509
1325027,222.48196756943688
1368987,23.561207135934392
1157099,32.43124127434325
1290300,30.980155716180573
1266965,219.48748083235512
1306586,153.32290401895918
1340967,224.42359662698482
1055961,652.1776307889191
1048122,352.9748276057111
1080418,118.16917806116463
1148902,23.383962805861906
1164067,41.46401572847365
1444164,37.15223149838363
1088809,251.11963398850213
1366757,221.4234555445061
1364816,109.33739332101243
1331136,101.66107634652418
1219262,156.63685301519558
1104654,2684.4714690740375
1396460,238.31421922632353
1275513,364.94527908228906
1155273,44.91273309363911
1149041,30.345803360644762
1459415,25.906572885318923
1101560,46.08677988792808
1491374,25.55657067253142
1382469,359.76116704951767
1198228,233.83261715900179
1330575,128.44946092733875
1045111,83.96109283746846
1317160,132.1944002250398
1341596,35.06838637458604
1107486,332.38070721714047
1055252,139.18051940702543
1141862,249.52544574922285
1324501,68.12525667390945
1168271,152.78308954262621
1367777,194.86020467595108
1263775,31.764132268589563
1225059,24.64017638621557
1311200,29.978303968287864
1294128,75.72764339510282
1363716,80.77357240031841
1464689,56.33527681120417
1078016,33.07582142459385
1323950,32.25071750745698
1385303,207.52499634936808
1125676,148.8952506709774
1019901,151.2938782307082
1091949,438.7015215972251
1022775,286.7818247837088
1425457,99.89621956548396
1383194,24.387747010618632
1030996,47.19296750348008
1021348,172.57515713000862
1486207,249.61071222914953
1073198,102.73153672192858
1142240,107.25401070946351
1227543,128.83793037149428
1328470,2013.269969244647
1027062,309.30925051767304
1054423,331.38515337299157
1057859,32.2576449099878
1085056,24.606559574493875
1127458,18.915653109831478
1030570,26.228399664257992
1011280,21.16996988968256
1420026,244.1690969565036
1342717,741.155489879957
1217666,362.2499335963714
1064148,16.235876328692285
1143105,14.815682603422948
1443014,118.79103592764824
1053533,58.18053212118538
1159213,97.97390658600278
1299602,152.30139204157697
1466164,285.68679746906884
1364923,294.01249864499414
1345687,23.98626086886863
1490689,29.37884094932484
1054132,26.046975921412752
1283139,43.51494577654947
1174062,25.819541575410312
1210589,28.530777164759872
1402112,22.96628083736331
1191939,34.886034324709115
1282630,27.206866715486992
1032275,339.79211156677104
1345988,204.07718843114154
1284150,409.9936559703592
1412745,368.2321254269186
1189870,309.1385581219819
1313166,174.3971058679195
1461333,27.755953421806755
1403345,38.45475754109691
1080422,44.11451394050343
1123999,61.120705027226904
1321328,150.99832711743232
1499149,126.66852753204739
1204434,46.67521936852814
1471972,46.59547554620548
1154525,56.165005464056605
1180897,1242.3237320847982
1239990,145.1832839150468
1191121,277.95453596590966
1420610,48.77257038172678
1461619,53.87578114905462
1283607,36.01469276006959
1160895,55.51891593000066
1470466,137.2184304178918
1478093,121.16910310826049
1169197,26.107733211692505
1419275,33.68055008850567
1431854,178.54953193386842
1164242,287.96392918903945
1130746,185.6572837398599
1453234,25.79249740706447
1186321,67.81084998264974
1475466,103.35042636863398
1093840,163.22514900584315
1173465,53.77715263506172
1267159,35.17582572594793
1170013,41.29384978737074
1156922,120.4711845029202
1000954,73.9740935203455
1215194,119.10893073472525
1401263,27.0016006060083
1200149,40.4773641996775
1185727,30.707752045751246
1406540,224.754387431864
1041304,209.2002536258836
1178586,89.60841551909583
1125034,1144.9159409355566
1094992,644.6853921707349
1098294,495.61934540208705
1189234,44.577793241624924
1062718,69.87759009810117
1082997,75.41173330881263
1394931,337.54720850338214
1154152,299.1336971388582
1255924,478.56111007315377
1362231,108.26311100760911
1310252,95.86172456341608
1334903,177.81330201539222
1160784,3276.17951796976
1088651,361.708037330921
1213880,541.0049797495396
1320872,52.87918497533457
1410761,47.10973977001327
1402413,44.32554694354222
1169260,68.1341438429485
1326093,122.950707535265
1286218,76.2304179249524
1126416,35.20067010085996
1074332,42.20657541984327
1163098,39.317409355709636
1171492,421.7890505577957
1251701,407.23104339405893
1041443,209.73270417387107
1427597,28.673610137705126
1129290,25.934573660983702
1049689,94.59394677256391
1123106,168.13479552735325
1079402,214.0019657830323
1115834,136.08629385066692
1451124,90.70667901605822
1372533,85.35527143270035
1373037,100.34504377188703
1160220,183.08785138102604
1285893,304.71468155193867
1181766,46.06295888213685
1049773,47.15418757352455
1458521,33.11806443731957
1359763,149.15759337343306
1426206,345.4854815196384
1317246,192.6647243492197
1021889,24.074674793036657
1318823,47.884343220618916
1345656,48.37951279812899
1101170,315.4328005653775
1416073,253.5245390724958
1208757,290.2992930074832
1033019,418.64099144474795
1136593,349.2205959214211
1205287,130.28297194215975
1422208,25.268206819546148
1174084,58.52203509691095
1323683,32.92426547114777
1265832,105.65671927633048
1123723,181.49749966557746
1367945,150.07392106904163
1326431,59.145366538572354
1422972,62.13924975376032
1256838,60.66646419196508
1234660,1785.7513889581226
1404408,173.94854687789234
1234776,261.7830829425504
1349215,35.21763887498471
1207249,44.46213927828879
1414921,146.1318110048606
1126947,109.02112605115042
1096124,25.692728525579202
1498639,28.167525555843902
1430032,25.536931322454866
1111480,204.9054667852084
1449841,294.3646968425281
1290329,185.36185451857443
1324280,21.110966354944562
1457838,22.25823804071843
1222394,91.67752812294518
1141545,96.92450195931059
1363040,152.32860595590572
1330159,32.829749533394676
1070377,31.265930617033085
1001148,36.26029067557599
1169203,90.61613402237525
1389523,70.65705761034322
1304998,120.01633315685253
1462767,22.86840794812137
1250239,35.598233745510754
1039516,25.51385595320589
1158107,292.4027830317035
1444235,321.8354086536801
1291286,140.30015350120726
